Activitati ale industriei CAEN Rev.2 - total  sectiuni si diviziuni  mari grupe industriale, Luni, UM: Procente, Valoare
TOTAL, Luna ianuarie 2005, Procente, 52.2
TOTAL, Luna februarie 2005, Procente, 53.2
TOTAL, Luna martie 2005, Procente, 60.2
TOTAL, Luna aprilie 2005, Procente, 57.6
TOTAL, Luna mai 2005, Procente, 55.6
TOTAL, Luna iunie 2005, Procente, 58.7
TOTAL, Luna iulie 2005, Procente, 55.7
TOTAL, Luna august 2005, Procente, 54.6
TOTAL, Luna septembrie 2005, Procente, 60.8
TOTAL, Luna octombrie 2005, Procente, 59.9
TOTAL, Luna noiembrie 2005, Procente, 63
TOTAL, Luna decembrie 2005, Procente, 56.3
TOTAL, Luna ianuarie 2006, Procente, 55
TOTAL, Luna februarie 2006, Procente, 57
TOTAL, Luna martie 2006, Procente, 64.7
TOTAL, Luna aprilie 2006, Procente, 58.4
TOTAL, Luna mai 2006, Procente, 64.9
TOTAL, Luna iunie 2006, Procente, 65.6
TOTAL, Luna iulie 2006, Procente, 62.1
TOTAL, Luna august 2006, Procente, 59.4
TOTAL, Luna septembrie 2006, Procente, 66.8
TOTAL, Luna octombrie 2006, Procente, 69.3
TOTAL, Luna noiembrie 2006, Procente, 69.1
TOTAL, Luna decembrie 2006, Procente, 59.5
TOTAL, Luna ianuarie 2007, Procente, 61.7
TOTAL, Luna februarie 2007, Procente, 65.3
TOTAL, Luna martie 2007, Procente, 74.7
TOTAL, Luna aprilie 2007, Procente, 64.2
TOTAL, Luna mai 2007, Procente, 72.3
TOTAL, Luna iunie 2007, Procente, 70.9
TOTAL, Luna iulie 2007, Procente, 70.4
TOTAL, Luna august 2007, Procente, 64.7
TOTAL, Luna septembrie 2007, Procente, 68.8
TOTAL, Luna octombrie 2007, Procente, 76.4
TOTAL, Luna noiembrie 2007, Procente, 75.7
TOTAL, Luna decembrie 2007, Procente, 64.4
TOTAL, Luna ianuarie 2008, Procente, 67.1
TOTAL, Luna februarie 2008, Procente, 72.9
TOTAL, Luna martie 2008, Procente, 74.5
TOTAL, Luna aprilie 2008, Procente, 71.2
TOTAL, Luna mai 2008, Procente, 75.8
TOTAL, Luna iunie 2008, Procente, 74.2
TOTAL, Luna iulie 2008, Procente, 74.7
TOTAL, Luna august 2008, Procente, 63.6
TOTAL, Luna septembrie 2008, Procente, 75.1
TOTAL, Luna octombrie 2008, Procente, 77.3
TOTAL, Luna noiembrie 2008, Procente, 68.6
TOTAL, Luna decembrie 2008, Procente, 56.3
TOTAL, Luna ianuarie 2009, Procente, 56.1
TOTAL, Luna februarie 2009, Procente, 62.3
TOTAL, Luna martie 2009, Procente, 68.2
TOTAL, Luna aprilie 2009, Procente, 64
TOTAL, Luna mai 2009, Procente, 68.2
TOTAL, Luna iunie 2009, Procente, 70.9
TOTAL, Luna iulie 2009, Procente, 71.6
TOTAL, Luna august 2009, Procente, 60
TOTAL, Luna septembrie 2009, Procente, 72.6
TOTAL, Luna octombrie 2009, Procente, 75.3
TOTAL, Luna noiembrie 2009, Procente, 72.2
TOTAL, Luna decembrie 2009, Procente, 62.9
TOTAL, Luna ianuarie 2010, Procente, 60.6
TOTAL, Luna februarie 2010, Procente, 63.7
TOTAL, Luna martie 2010, Procente, 73.5
TOTAL, Luna aprilie 2010, Procente, 67.8
TOTAL, Luna mai 2010, Procente, 70.1
TOTAL, Luna iunie 2010, Procente, 74.3
TOTAL, Luna iulie 2010, Procente, 73.1
TOTAL, Luna august 2010, Procente, 60.7
TOTAL, Luna septembrie 2010, Procente, 76.6
TOTAL, Luna octombrie 2010, Procente, 78.2
TOTAL, Luna noiembrie 2010, Procente, 78.9
TOTAL, Luna decembrie 2010, Procente, 71.1
TOTAL, Luna ianuarie 2011, Procente, 69
TOTAL, Luna februarie 2011, Procente, 72.3
TOTAL, Luna martie 2011, Procente, 81.9
TOTAL, Luna aprilie 2011, Procente, 72.2
TOTAL, Luna mai 2011, Procente, 78.4
TOTAL, Luna iunie 2011, Procente, 76.3
TOTAL, Luna iulie 2011, Procente, 75.8
TOTAL, Luna august 2011, Procente, 70
TOTAL, Luna septembrie 2011, Procente, 81.2
TOTAL, Luna octombrie 2011, Procente, 81.1
TOTAL, Luna noiembrie 2011, Procente, 83.3
TOTAL, Luna decembrie 2011, Procente, 70.5
TOTAL, Luna ianuarie 2012, Procente, 71.7
TOTAL, Luna februarie 2012, Procente, 73.4
TOTAL, Luna martie 2012, Procente, 82.1
TOTAL, Luna aprilie 2012, Procente, 72.8
TOTAL, Luna mai 2012, Procente, 82.6
TOTAL, Luna iunie 2012, Procente, 77.8
TOTAL, Luna iulie 2012, Procente, 78.9
TOTAL, Luna august 2012, Procente, 71.2
TOTAL, Luna septembrie 2012, Procente, 80.7
TOTAL, Luna octombrie 2012, Procente, 86.2
TOTAL, Luna noiembrie 2012, Procente, 85.2
TOTAL, Luna decembrie 2012, Procente, 71.3
TOTAL, Luna ianuarie 2013, Procente, 76
TOTAL, Luna februarie 2013, Procente, 78.7
TOTAL, Luna martie 2013, Procente, 83.2
TOTAL, Luna aprilie 2013, Procente, 87.3
TOTAL, Luna mai 2013, Procente, 81.2
TOTAL, Luna iunie 2013, Procente, 82
TOTAL, Luna iulie 2013, Procente, 88.1
TOTAL, Luna august 2013, Procente, 74.3
TOTAL, Luna septembrie 2013, Procente, 89
TOTAL, Luna octombrie 2013, Procente, 95.9
TOTAL, Luna noiembrie 2013, Procente, 93
TOTAL, Luna decembrie 2013, Procente, 78.6
TOTAL, Luna ianuarie 2014, Procente, 83.7
TOTAL, Luna februarie 2014, Procente, 86.3
TOTAL, Luna martie 2014, Procente, 92.2
TOTAL, Luna aprilie 2014, Procente, 88.5
TOTAL, Luna mai 2014, Procente, 91.5
TOTAL, Luna iunie 2014, Procente, 90.6
TOTAL, Luna iulie 2014, Procente, 93
TOTAL, Luna august 2014, Procente, 74.2
TOTAL, Luna septembrie 2014, Procente, 94.7
TOTAL, Luna octombrie 2014, Procente, 99.4
TOTAL, Luna noiembrie 2014, Procente, 93.3
TOTAL, Luna decembrie 2014, Procente, 81.1
TOTAL, Luna ianuarie 2015, Procente, 85.7
TOTAL, Luna februarie 2015, Procente, 88.3
TOTAL, Luna martie 2015, Procente, 95.5
TOTAL, Luna aprilie 2015, Procente, 88.9
TOTAL, Luna mai 2015, Procente, 90.2
TOTAL, Luna iunie 2015, Procente, 92.9
TOTAL, Luna iulie 2015, Procente, 96.2
TOTAL, Luna august 2015, Procente, 83.1
TOTAL, Luna septembrie 2015, Procente, 96.4
TOTAL, Luna octombrie 2015, Procente, 98.9
TOTAL, Luna noiembrie 2015, Procente, 95.5
TOTAL, Luna decembrie 2015, Procente, 86.3
TOTAL, Luna ianuarie 2016, Procente, 85.6
TOTAL, Luna februarie 2016, Procente, 91.6
TOTAL, Luna martie 2016, Procente, 100.2
TOTAL, Luna aprilie 2016, Procente, 96.1
TOTAL, Luna mai 2016, Procente, 93.4
TOTAL, Luna iunie 2016, Procente, 96.1
TOTAL, Luna iulie 2016, Procente, 93.5
TOTAL, Luna august 2016, Procente, 88
TOTAL, Luna septembrie 2016, Procente, 98.8
TOTAL, Luna octombrie 2016, Procente, 99.5
TOTAL, Luna noiembrie 2016, Procente, 101.3
TOTAL, Luna decembrie 2016, Procente, 88.2
TOTAL, Luna ianuarie 2017, Procente, 90.2
TOTAL, Luna februarie 2017, Procente, 95.6
TOTAL, Luna martie 2017, Procente, 110.5
TOTAL, Luna aprilie 2017, Procente, 95.6
TOTAL, Luna mai 2017, Procente, 107.7
TOTAL, Luna iunie 2017, Procente, 103.1
TOTAL, Luna iulie 2017, Procente, 100.7
TOTAL, Luna august 2017, Procente, 94.7
TOTAL, Luna septembrie 2017, Procente, 105.6
TOTAL, Luna octombrie 2017, Procente, 110.6
TOTAL, Luna noiembrie 2017, Procente, 110.3
TOTAL, Luna decembrie 2017, Procente, 96.1
TOTAL, Luna ianuarie 2018, Procente, 97.6
TOTAL, Luna februarie 2018, Procente, 101.3
TOTAL, Luna martie 2018, Procente, 111.8
TOTAL, Luna aprilie 2018, Procente, 99.6
TOTAL, Luna mai 2018, Procente, 108.8
TOTAL, Luna iunie 2018, Procente, 108.7
TOTAL, Luna iulie 2018, Procente, 108.1
TOTAL, Luna august 2018, Procente, 98.3
TOTAL, Luna septembrie 2018, Procente, 106.1
TOTAL, Luna octombrie 2018, Procente, 114.5
TOTAL, Luna noiembrie 2018, Procente, 113
TOTAL, Luna decembrie 2018, Procente, 95.4
TOTAL, Luna ianuarie 2019, Procente, 97.7
TOTAL, Luna februarie 2019, Procente, 103.3
TOTAL, Luna martie 2019, Procente, 111.6
TOTAL, Luna aprilie 2019, Procente, 101.1
TOTAL, Luna mai 2019, Procente, 109.2
TOTAL, Luna iunie 2019, Procente, 101.9
TOTAL, Luna iulie 2019, Procente, 104.8
TOTAL, Luna august 2019, Procente, 91.7
TOTAL, Luna septembrie 2019, Procente, 104.8
TOTAL, Luna octombrie 2019, Procente, 109.7
TOTAL, Luna noiembrie 2019, Procente, 106.9
TOTAL, Luna decembrie 2019, Procente, 92.2
TOTAL, Luna ianuarie 2020, Procente, 95.7
TOTAL, Luna februarie 2020, Procente, 100.8
TOTAL, Luna martie 2020, Procente, 97.5
TOTAL, Luna aprilie 2020, Procente, 62
TOTAL, Luna mai 2020, Procente, 76
TOTAL, Luna iunie 2020, Procente, 90.6
TOTAL, Luna iulie 2020, Procente, 98
TOTAL, Luna august 2020, Procente, 88.2
TOTAL, Luna septembrie 2020, Procente, 105
TOTAL, Luna octombrie 2020, Procente, 108.5
TOTAL, Luna noiembrie 2020, Procente, 103.7
TOTAL, Luna decembrie 2020, Procente, 94.6
TOTAL, Luna ianuarie 2021, Procente, 92.4
TOTAL, Luna februarie 2021, Procente, 96.1
TOTAL, Luna martie 2021, Procente, 108.6
TOTAL, Luna aprilie 2021, Procente, 103.3
TOTAL, Luna mai 2021, Procente, 98
TOTAL, Luna iunie 2021, Procente, 101.8
TOTAL, Luna iulie 2021, Procente, 101.2
TOTAL, Luna august 2021, Procente, 92.2
TOTAL, Luna septembrie 2021, Procente, 101.4
TOTAL, Luna octombrie 2021, Procente, 100.7
TOTAL, Luna noiembrie 2021, Procente, 105.6
TOTAL, Luna decembrie 2021, Procente, 98.7
TOTAL, Luna ianuarie 2022, Procente, 95.2
TOTAL, Luna februarie 2022, Procente, 99
TOTAL, Luna martie 2022, Procente, 111.1
TOTAL, Luna aprilie 2022, Procente, 98
TOTAL, Luna mai 2022, Procente, 106.6
TOTAL, Luna iunie 2022, Procente, 101.7
TOTAL, Luna iulie 2022, Procente, 101.8
TOTAL, Luna august 2022, Procente, 92.5
TOTAL, Luna septembrie 2022, Procente, 103.9
TOTAL, Luna octombrie 2022, Procente, 102.3
TOTAL, Luna noiembrie 2022, Procente, 104.1
TOTAL, Luna decembrie 2022, Procente, 89.2
TOTAL, Luna ianuarie 2023, Procente, 90.7
TOTAL, Luna februarie 2023, Procente, 96.2
TOTAL, Luna martie 2023, Procente, 108.7
TOTAL, Luna aprilie 2023, Procente, 91.1
TOTAL, Luna mai 2023, Procente, 104.8
TOTAL, Luna iunie 2023, Procente, 99.1
TOTAL, Luna iulie 2023, Procente, 97.9
TOTAL, Luna august 2023, Procente, 89.5
TOTAL, Luna septembrie 2023, Procente, 101.6
TOTAL, Luna octombrie 2023, Procente, 102.6
TOTAL, Luna noiembrie 2023, Procente, 101.5
TOTAL, Luna decembrie 2023, Procente, 86.1
TOTAL, Luna ianuarie 2024, Procente, 87
TOTAL, Luna februarie 2024, Procente, 96.4
TOTAL, Luna martie 2024, Procente, 104.3
TOTAL, Luna aprilie 2024, Procente, 102.1
TOTAL, Luna mai 2024, Procente, 93.1
TOTAL, Luna iunie 2024, Procente, 95.2
TOTAL, Luna iulie 2024, Procente, 98.3
TOTAL, Luna august 2024, Procente, 85.8
TOTAL, Luna septembrie 2024, Procente, 97.8
TOTAL, Luna octombrie 2024, Procente, 103.9
TOTAL, Luna noiembrie 2024, Procente, 100.8
TOTAL, Luna decembrie 2024, Procente, 86.8
TOTAL, Luna ianuarie 2025, Procente, 85
TOTAL, Luna februarie 2025, Procente, 91.4
INDUSTRIA EXTRACTIVA, Luna ianuarie 2005, Procente, 136.8
INDUSTRIA EXTRACTIVA, Luna februarie 2005, Procente, 127.8
INDUSTRIA EXTRACTIVA, Luna martie 2005, Procente, 144.8
INDUSTRIA EXTRACTIVA, Luna aprilie 2005, Procente, 136.4
INDUSTRIA EXTRACTIVA, Luna mai 2005, Procente, 136
INDUSTRIA EXTRACTIVA, Luna iunie 2005, Procente, 132.9
INDUSTRIA EXTRACTIVA, Luna iulie 2005, Procente, 139.2
INDUSTRIA EXTRACTIVA, Luna august 2005, Procente, 141.8
INDUSTRIA EXTRACTIVA, Luna septembrie 2005, Procente, 148.5
INDUSTRIA EXTRACTIVA, Luna octombrie 2005, Procente, 148.9
INDUSTRIA EXTRACTIVA, Luna noiembrie 2005, Procente, 156.5
INDUSTRIA EXTRACTIVA, Luna decembrie 2005, Procente, 154.2
INDUSTRIA EXTRACTIVA, Luna ianuarie 2006, Procente, 148.4
INDUSTRIA EXTRACTIVA, Luna februarie 2006, Procente, 136.3
INDUSTRIA EXTRACTIVA, Luna martie 2006, Procente, 150
INDUSTRIA EXTRACTIVA, Luna aprilie 2006, Procente, 140.9
INDUSTRIA EXTRACTIVA, Luna mai 2006, Procente, 144
INDUSTRIA EXTRACTIVA, Luna iunie 2006, Procente, 139.8
INDUSTRIA EXTRACTIVA, Luna iulie 2006, Procente, 144.8
INDUSTRIA EXTRACTIVA, Luna august 2006, Procente, 142.7
INDUSTRIA EXTRACTIVA, Luna septembrie 2006, Procente, 145.7
INDUSTRIA EXTRACTIVA, Luna octombrie 2006, Procente, 151.8
INDUSTRIA EXTRACTIVA, Luna noiembrie 2006, Procente, 153.8
INDUSTRIA EXTRACTIVA, Luna decembrie 2006, Procente, 147.2
INDUSTRIA EXTRACTIVA, Luna ianuarie 2007, Procente, 139.5
INDUSTRIA EXTRACTIVA, Luna februarie 2007, Procente, 135.5
INDUSTRIA EXTRACTIVA, Luna martie 2007, Procente, 149.5
INDUSTRIA EXTRACTIVA, Luna aprilie 2007, Procente, 134.1
INDUSTRIA EXTRACTIVA, Luna mai 2007, Procente, 146.3
INDUSTRIA EXTRACTIVA, Luna iunie 2007, Procente, 147.3
INDUSTRIA EXTRACTIVA, Luna iulie 2007, Procente, 136.1
INDUSTRIA EXTRACTIVA, Luna august 2007, Procente, 151.2
INDUSTRIA EXTRACTIVA, Luna septembrie 2007, Procente, 141.1
INDUSTRIA EXTRACTIVA, Luna octombrie 2007, Procente, 142.8
INDUSTRIA EXTRACTIVA, Luna noiembrie 2007, Procente, 149.1
INDUSTRIA EXTRACTIVA, Luna decembrie 2007, Procente, 144.7
INDUSTRIA EXTRACTIVA, Luna ianuarie 2008, Procente, 126.9
INDUSTRIA EXTRACTIVA, Luna februarie 2008, Procente, 125.2
INDUSTRIA EXTRACTIVA, Luna martie 2008, Procente, 145.2
INDUSTRIA EXTRACTIVA, Luna aprilie 2008, Procente, 136.4
INDUSTRIA EXTRACTIVA, Luna mai 2008, Procente, 144.1
INDUSTRIA EXTRACTIVA, Luna iunie 2008, Procente, 141.8
INDUSTRIA EXTRACTIVA, Luna iulie 2008, Procente, 148.3
INDUSTRIA EXTRACTIVA, Luna august 2008, Procente, 152.8
INDUSTRIA EXTRACTIVA, Luna septembrie 2008, Procente, 151.8
INDUSTRIA EXTRACTIVA, Luna octombrie 2008, Procente, 154.9
INDUSTRIA EXTRACTIVA, Luna noiembrie 2008, Procente, 146.7
INDUSTRIA EXTRACTIVA, Luna decembrie 2008, Procente, 142.4
INDUSTRIA EXTRACTIVA, Luna ianuarie 2009, Procente, 131.2
INDUSTRIA EXTRACTIVA, Luna februarie 2009, Procente, 120.4
INDUSTRIA EXTRACTIVA, Luna martie 2009, Procente, 138.6
INDUSTRIA EXTRACTIVA, Luna aprilie 2009, Procente, 113
INDUSTRIA EXTRACTIVA, Luna mai 2009, Procente, 124.3
INDUSTRIA EXTRACTIVA, Luna iunie 2009, Procente, 111
INDUSTRIA EXTRACTIVA, Luna iulie 2009, Procente, 124.5
INDUSTRIA EXTRACTIVA, Luna august 2009, Procente, 128.1
INDUSTRIA EXTRACTIVA, Luna septembrie 2009, Procente, 131.4
INDUSTRIA EXTRACTIVA, Luna octombrie 2009, Procente, 135.1
INDUSTRIA EXTRACTIVA, Luna noiembrie 2009, Procente, 131.5
INDUSTRIA EXTRACTIVA, Luna decembrie 2009, Procente, 121.9
INDUSTRIA EXTRACTIVA, Luna ianuarie 2010, Procente, 117.4
INDUSTRIA EXTRACTIVA, Luna februarie 2010, Procente, 113.2
INDUSTRIA EXTRACTIVA, Luna martie 2010, Procente, 118.4
INDUSTRIA EXTRACTIVA, Luna aprilie 2010, Procente, 112.7
INDUSTRIA EXTRACTIVA, Luna mai 2010, Procente, 107.6
INDUSTRIA EXTRACTIVA, Luna iunie 2010, Procente, 113.9
INDUSTRIA EXTRACTIVA, Luna iulie 2010, Procente, 123.9
INDUSTRIA EXTRACTIVA, Luna august 2010, Procente, 116.7
INDUSTRIA EXTRACTIVA, Luna septembrie 2010, Procente, 115
INDUSTRIA EXTRACTIVA, Luna octombrie 2010, Procente, 119.6
INDUSTRIA EXTRACTIVA, Luna noiembrie 2010, Procente, 122.6
INDUSTRIA EXTRACTIVA, Luna decembrie 2010, Procente, 126
INDUSTRIA EXTRACTIVA, Luna ianuarie 2011, Procente, 118.6
INDUSTRIA EXTRACTIVA, Luna februarie 2011, Procente, 116.2
INDUSTRIA EXTRACTIVA, Luna martie 2011, Procente, 124.6
INDUSTRIA EXTRACTIVA, Luna aprilie 2011, Procente, 123.5
INDUSTRIA EXTRACTIVA, Luna mai 2011, Procente, 122.7
INDUSTRIA EXTRACTIVA, Luna iunie 2011, Procente, 115.4
INDUSTRIA EXTRACTIVA, Luna iulie 2011, Procente, 116.3
INDUSTRIA EXTRACTIVA, Luna august 2011, Procente, 126.3
INDUSTRIA EXTRACTIVA, Luna septembrie 2011, Procente, 122.3
INDUSTRIA EXTRACTIVA, Luna octombrie 2011, Procente, 122
INDUSTRIA EXTRACTIVA, Luna noiembrie 2011, Procente, 121.5
INDUSTRIA EXTRACTIVA, Luna decembrie 2011, Procente, 125.3
INDUSTRIA EXTRACTIVA, Luna ianuarie 2012, Procente, 128.6
INDUSTRIA EXTRACTIVA, Luna februarie 2012, Procente, 109.2
INDUSTRIA EXTRACTIVA, Luna martie 2012, Procente, 135.2
INDUSTRIA EXTRACTIVA, Luna aprilie 2012, Procente, 123.9
INDUSTRIA EXTRACTIVA, Luna mai 2012, Procente, 127.6
INDUSTRIA EXTRACTIVA, Luna iunie 2012, Procente, 133.6
INDUSTRIA EXTRACTIVA, Luna iulie 2012, Procente, 135.8
INDUSTRIA EXTRACTIVA, Luna august 2012, Procente, 138.7
INDUSTRIA EXTRACTIVA, Luna septembrie 2012, Procente, 140.2
INDUSTRIA EXTRACTIVA, Luna octombrie 2012, Procente, 144.7
INDUSTRIA EXTRACTIVA, Luna noiembrie 2012, Procente, 140.4
INDUSTRIA EXTRACTIVA, Luna decembrie 2012, Procente, 140.7
INDUSTRIA EXTRACTIVA, Luna ianuarie 2013, Procente, 136.3
INDUSTRIA EXTRACTIVA, Luna februarie 2013, Procente, 124.9
INDUSTRIA EXTRACTIVA, Luna martie 2013, Procente, 132.6
INDUSTRIA EXTRACTIVA, Luna aprilie 2013, Procente, 139.1
INDUSTRIA EXTRACTIVA, Luna mai 2013, Procente, 133.9
INDUSTRIA EXTRACTIVA, Luna iunie 2013, Procente, 138.4
INDUSTRIA EXTRACTIVA, Luna iulie 2013, Procente, 135.7
INDUSTRIA EXTRACTIVA, Luna august 2013, Procente, 130.9
INDUSTRIA EXTRACTIVA, Luna septembrie 2013, Procente, 138.8
INDUSTRIA EXTRACTIVA, Luna octombrie 2013, Procente, 141.1
INDUSTRIA EXTRACTIVA, Luna noiembrie 2013, Procente, 140.1
INDUSTRIA EXTRACTIVA, Luna decembrie 2013, Procente, 141.5
INDUSTRIA EXTRACTIVA, Luna ianuarie 2014, Procente, 125.7
INDUSTRIA EXTRACTIVA, Luna februarie 2014, Procente, 126.2
INDUSTRIA EXTRACTIVA, Luna martie 2014, Procente, 138.3
INDUSTRIA EXTRACTIVA, Luna aprilie 2014, Procente, 132.9
INDUSTRIA EXTRACTIVA, Luna mai 2014, Procente, 145
INDUSTRIA EXTRACTIVA, Luna iunie 2014, Procente, 126
INDUSTRIA EXTRACTIVA, Luna iulie 2014, Procente, 143.4
INDUSTRIA EXTRACTIVA, Luna august 2014, Procente, 143.1
INDUSTRIA EXTRACTIVA, Luna septembrie 2014, Procente, 136.8
INDUSTRIA EXTRACTIVA, Luna octombrie 2014, Procente, 148.6
INDUSTRIA EXTRACTIVA, Luna noiembrie 2014, Procente, 136.4
INDUSTRIA EXTRACTIVA, Luna decembrie 2014, Procente, 147.2
INDUSTRIA EXTRACTIVA, Luna ianuarie 2015, Procente, 113.3
INDUSTRIA EXTRACTIVA, Luna februarie 2015, Procente, 114.6
INDUSTRIA EXTRACTIVA, Luna martie 2015, Procente, 133.1
INDUSTRIA EXTRACTIVA, Luna aprilie 2015, Procente, 123
INDUSTRIA EXTRACTIVA, Luna mai 2015, Procente, 129.3
INDUSTRIA EXTRACTIVA, Luna iunie 2015, Procente, 121.8
INDUSTRIA EXTRACTIVA, Luna iulie 2015, Procente, 117.7
INDUSTRIA EXTRACTIVA, Luna august 2015, Procente, 117.9
INDUSTRIA EXTRACTIVA, Luna septembrie 2015, Procente, 119.9
INDUSTRIA EXTRACTIVA, Luna octombrie 2015, Procente, 121.3
INDUSTRIA EXTRACTIVA, Luna noiembrie 2015, Procente, 115.9
INDUSTRIA EXTRACTIVA, Luna decembrie 2015, Procente, 116
INDUSTRIA EXTRACTIVA, Luna ianuarie 2016, Procente, 103.1
INDUSTRIA EXTRACTIVA, Luna februarie 2016, Procente, 101
INDUSTRIA EXTRACTIVA, Luna martie 2016, Procente, 113.8
INDUSTRIA EXTRACTIVA, Luna aprilie 2016, Procente, 103.9
INDUSTRIA EXTRACTIVA, Luna mai 2016, Procente, 102.1
INDUSTRIA EXTRACTIVA, Luna iunie 2016, Procente, 98.6
INDUSTRIA EXTRACTIVA, Luna iulie 2016, Procente, 102.4
INDUSTRIA EXTRACTIVA, Luna august 2016, Procente, 105.1
INDUSTRIA EXTRACTIVA, Luna septembrie 2016, Procente, 109.6
INDUSTRIA EXTRACTIVA, Luna octombrie 2016, Procente, 110.2
INDUSTRIA EXTRACTIVA, Luna noiembrie 2016, Procente, 112.9
INDUSTRIA EXTRACTIVA, Luna decembrie 2016, Procente, 111.5
INDUSTRIA EXTRACTIVA, Luna ianuarie 2017, Procente, 101.4
INDUSTRIA EXTRACTIVA, Luna februarie 2017, Procente, 101.6
INDUSTRIA EXTRACTIVA, Luna martie 2017, Procente, 108.8
INDUSTRIA EXTRACTIVA, Luna aprilie 2017, Procente, 113.6
INDUSTRIA EXTRACTIVA, Luna mai 2017, Procente, 122.7
INDUSTRIA EXTRACTIVA, Luna iunie 2017, Procente, 117.2
INDUSTRIA EXTRACTIVA, Luna iulie 2017, Procente, 116
INDUSTRIA EXTRACTIVA, Luna august 2017, Procente, 123.3
INDUSTRIA EXTRACTIVA, Luna septembrie 2017, Procente, 123.6
INDUSTRIA EXTRACTIVA, Luna octombrie 2017, Procente, 127.9
INDUSTRIA EXTRACTIVA, Luna noiembrie 2017, Procente, 122.7
INDUSTRIA EXTRACTIVA, Luna decembrie 2017, Procente, 125.8
INDUSTRIA EXTRACTIVA, Luna ianuarie 2018, Procente, 106.8
INDUSTRIA EXTRACTIVA, Luna februarie 2018, Procente, 107.1
INDUSTRIA EXTRACTIVA, Luna martie 2018, Procente, 117.1
INDUSTRIA EXTRACTIVA, Luna aprilie 2018, Procente, 109.4
INDUSTRIA EXTRACTIVA, Luna mai 2018, Procente, 118.4
INDUSTRIA EXTRACTIVA, Luna iunie 2018, Procente, 123.2
INDUSTRIA EXTRACTIVA, Luna iulie 2018, Procente, 120.9
INDUSTRIA EXTRACTIVA, Luna august 2018, Procente, 119.5
INDUSTRIA EXTRACTIVA, Luna septembrie 2018, Procente, 118
INDUSTRIA EXTRACTIVA, Luna octombrie 2018, Procente, 124
INDUSTRIA EXTRACTIVA, Luna noiembrie 2018, Procente, 122.2
INDUSTRIA EXTRACTIVA, Luna decembrie 2018, Procente, 114.9
INDUSTRIA EXTRACTIVA, Luna ianuarie 2019, Procente, 107.9
INDUSTRIA EXTRACTIVA, Luna februarie 2019, Procente, 105.5
INDUSTRIA EXTRACTIVA, Luna martie 2019, Procente, 118.7
INDUSTRIA EXTRACTIVA, Luna aprilie 2019, Procente, 117.9
INDUSTRIA EXTRACTIVA, Luna mai 2019, Procente, 115.7
INDUSTRIA EXTRACTIVA, Luna iunie 2019, Procente, 113.4
INDUSTRIA EXTRACTIVA, Luna iulie 2019, Procente, 112
INDUSTRIA EXTRACTIVA, Luna august 2019, Procente, 108.7
INDUSTRIA EXTRACTIVA, Luna septembrie 2019, Procente, 117.4
INDUSTRIA EXTRACTIVA, Luna octombrie 2019, Procente, 119.3
INDUSTRIA EXTRACTIVA, Luna noiembrie 2019, Procente, 115.5
INDUSTRIA EXTRACTIVA, Luna decembrie 2019, Procente, 112.2
INDUSTRIA EXTRACTIVA, Luna ianuarie 2020, Procente, 105.5
INDUSTRIA EXTRACTIVA, Luna februarie 2020, Procente, 104.2
INDUSTRIA EXTRACTIVA, Luna martie 2020, Procente, 109.8
INDUSTRIA EXTRACTIVA, Luna aprilie 2020, Procente, 96.2
INDUSTRIA EXTRACTIVA, Luna mai 2020, Procente, 94.6
INDUSTRIA EXTRACTIVA, Luna iunie 2020, Procente, 93.2
INDUSTRIA EXTRACTIVA, Luna iulie 2020, Procente, 100.3
INDUSTRIA EXTRACTIVA, Luna august 2020, Procente, 97.3
INDUSTRIA EXTRACTIVA, Luna septembrie 2020, Procente, 107
INDUSTRIA EXTRACTIVA, Luna octombrie 2020, Procente, 108.6
INDUSTRIA EXTRACTIVA, Luna noiembrie 2020, Procente, 103.9
INDUSTRIA EXTRACTIVA, Luna decembrie 2020, Procente, 107.9
INDUSTRIA EXTRACTIVA, Luna ianuarie 2021, Procente, 92.8
INDUSTRIA EXTRACTIVA, Luna februarie 2021, Procente, 90.8
INDUSTRIA EXTRACTIVA, Luna martie 2021, Procente, 102
INDUSTRIA EXTRACTIVA, Luna aprilie 2021, Procente, 107.4
INDUSTRIA EXTRACTIVA, Luna mai 2021, Procente, 102.2
INDUSTRIA EXTRACTIVA, Luna iunie 2021, Procente, 100.7
INDUSTRIA EXTRACTIVA, Luna iulie 2021, Procente, 97.7
INDUSTRIA EXTRACTIVA, Luna august 2021, Procente, 96.8
INDUSTRIA EXTRACTIVA, Luna septembrie 2021, Procente, 99.7
INDUSTRIA EXTRACTIVA, Luna octombrie 2021, Procente, 104.1
INDUSTRIA EXTRACTIVA, Luna noiembrie 2021, Procente, 105.4
INDUSTRIA EXTRACTIVA, Luna decembrie 2021, Procente, 100.3
INDUSTRIA EXTRACTIVA, Luna ianuarie 2022, Procente, 91.8
INDUSTRIA EXTRACTIVA, Luna februarie 2022, Procente, 88.7
INDUSTRIA EXTRACTIVA, Luna martie 2022, Procente, 97.1
INDUSTRIA EXTRACTIVA, Luna aprilie 2022, Procente, 94.6
INDUSTRIA EXTRACTIVA, Luna mai 2022, Procente, 96.3
INDUSTRIA EXTRACTIVA, Luna iunie 2022, Procente, 98.7
INDUSTRIA EXTRACTIVA, Luna iulie 2022, Procente, 103.4
INDUSTRIA EXTRACTIVA, Luna august 2022, Procente, 99.1
INDUSTRIA EXTRACTIVA, Luna septembrie 2022, Procente, 101.9
INDUSTRIA EXTRACTIVA, Luna octombrie 2022, Procente, 106
INDUSTRIA EXTRACTIVA, Luna noiembrie 2022, Procente, 109
INDUSTRIA EXTRACTIVA, Luna decembrie 2022, Procente, 104
INDUSTRIA EXTRACTIVA, Luna ianuarie 2023, Procente, 92.6
INDUSTRIA EXTRACTIVA, Luna februarie 2023, Procente, 88.2
INDUSTRIA EXTRACTIVA, Luna martie 2023, Procente, 100
INDUSTRIA EXTRACTIVA, Luna aprilie 2023, Procente, 93.2
INDUSTRIA EXTRACTIVA, Luna mai 2023, Procente, 100.4
INDUSTRIA EXTRACTIVA, Luna iunie 2023, Procente, 98.3
INDUSTRIA EXTRACTIVA, Luna iulie 2023, Procente, 96.6
INDUSTRIA EXTRACTIVA, Luna august 2023, Procente, 98.7
INDUSTRIA EXTRACTIVA, Luna septembrie 2023, Procente, 101.2
INDUSTRIA EXTRACTIVA, Luna octombrie 2023, Procente, 102.1
INDUSTRIA EXTRACTIVA, Luna noiembrie 2023, Procente, 101.2
INDUSTRIA EXTRACTIVA, Luna decembrie 2023, Procente, 95.6
INDUSTRIA EXTRACTIVA, Luna ianuarie 2024, Procente, 85.7
INDUSTRIA EXTRACTIVA, Luna februarie 2024, Procente, 90.7
INDUSTRIA EXTRACTIVA, Luna martie 2024, Procente, 98.1
INDUSTRIA EXTRACTIVA, Luna aprilie 2024, Procente, 97.8
INDUSTRIA EXTRACTIVA, Luna mai 2024, Procente, 98.5
INDUSTRIA EXTRACTIVA, Luna iunie 2024, Procente, 95
INDUSTRIA EXTRACTIVA, Luna iulie 2024, Procente, 99.4
INDUSTRIA EXTRACTIVA, Luna august 2024, Procente, 98.2
INDUSTRIA EXTRACTIVA, Luna septembrie 2024, Procente, 96.7
INDUSTRIA EXTRACTIVA, Luna octombrie 2024, Procente, 104.3
INDUSTRIA EXTRACTIVA, Luna noiembrie 2024, Procente, 97.5
INDUSTRIA EXTRACTIVA, Luna decembrie 2024, Procente, 94.5
INDUSTRIA EXTRACTIVA, Luna ianuarie 2025, Procente, 86.7
INDUSTRIA EXTRACTIVA, Luna februarie 2025, Procente, 84.6
Extractia carbunelui superior si inferior, Luna ianuarie 2005, Procente, 181.4
Extractia carbunelui superior si inferior, Luna februarie 2005, Procente, 171.9
Extractia carbunelui superior si inferior, Luna martie 2005, Procente, 213.1
Extractia carbunelui superior si inferior, Luna aprilie 2005, Procente, 195.8
Extractia carbunelui superior si inferior, Luna mai 2005, Procente, 175.1
Extractia carbunelui superior si inferior, Luna iunie 2005, Procente, 139.3
Extractia carbunelui superior si inferior, Luna iulie 2005, Procente, 156.5
Extractia carbunelui superior si inferior, Luna august 2005, Procente, 170.5
Extractia carbunelui superior si inferior, Luna septembrie 2005, Procente, 192.1
Extractia carbunelui superior si inferior, Luna octombrie 2005, Procente, 187.6
Extractia carbunelui superior si inferior, Luna noiembrie 2005, Procente, 203
Extractia carbunelui superior si inferior, Luna decembrie 2005, Procente, 174.7
Extractia carbunelui superior si inferior, Luna ianuarie 2006, Procente, 168.1
Extractia carbunelui superior si inferior, Luna februarie 2006, Procente, 199.4
Extractia carbunelui superior si inferior, Luna martie 2006, Procente, 222.7
Extractia carbunelui superior si inferior, Luna aprilie 2006, Procente, 187
Extractia carbunelui superior si inferior, Luna mai 2006, Procente, 198.6
Extractia carbunelui superior si inferior, Luna iunie 2006, Procente, 196.9
Extractia carbunelui superior si inferior, Luna iulie 2006, Procente, 196.6
Extractia carbunelui superior si inferior, Luna august 2006, Procente, 214.6
Extractia carbunelui superior si inferior, Luna septembrie 2006, Procente, 216.2
Extractia carbunelui superior si inferior, Luna octombrie 2006, Procente, 216
Extractia carbunelui superior si inferior, Luna noiembrie 2006, Procente, 220.4
Extractia carbunelui superior si inferior, Luna decembrie 2006, Procente, 199.7
Extractia carbunelui superior si inferior, Luna ianuarie 2007, Procente, 217
Extractia carbunelui superior si inferior, Luna februarie 2007, Procente, 211.2
Extractia carbunelui superior si inferior, Luna martie 2007, Procente, 212.9
Extractia carbunelui superior si inferior, Luna aprilie 2007, Procente, 189.1
Extractia carbunelui superior si inferior, Luna mai 2007, Procente, 205.8
Extractia carbunelui superior si inferior, Luna iunie 2007, Procente, 212.3
Extractia carbunelui superior si inferior, Luna iulie 2007, Procente, 210.1
Extractia carbunelui superior si inferior, Luna august 2007, Procente, 220.2
Extractia carbunelui superior si inferior, Luna septembrie 2007, Procente, 208.6
Extractia carbunelui superior si inferior, Luna octombrie 2007, Procente, 203.2
Extractia carbunelui superior si inferior, Luna noiembrie 2007, Procente, 196.8
Extractia carbunelui superior si inferior, Luna decembrie 2007, Procente, 181.9
Extractia carbunelui superior si inferior, Luna ianuarie 2008, Procente, 181.2
Extractia carbunelui superior si inferior, Luna februarie 2008, Procente, 196
Extractia carbunelui superior si inferior, Luna martie 2008, Procente, 218.7
Extractia carbunelui superior si inferior, Luna aprilie 2008, Procente, 195.2
Extractia carbunelui superior si inferior, Luna mai 2008, Procente, 205.4
Extractia carbunelui superior si inferior, Luna iunie 2008, Procente, 209.2
Extractia carbunelui superior si inferior, Luna iulie 2008, Procente, 226.7
Extractia carbunelui superior si inferior, Luna august 2008, Procente, 221
Extractia carbunelui superior si inferior, Luna septembrie 2008, Procente, 213.3
Extractia carbunelui superior si inferior, Luna octombrie 2008, Procente, 234.2
Extractia carbunelui superior si inferior, Luna noiembrie 2008, Procente, 193.6
Extractia carbunelui superior si inferior, Luna decembrie 2008, Procente, 174.6
Extractia carbunelui superior si inferior, Luna ianuarie 2009, Procente, 174.5
Extractia carbunelui superior si inferior, Luna februarie 2009, Procente, 167.6
Extractia carbunelui superior si inferior, Luna martie 2009, Procente, 201.8
Extractia carbunelui superior si inferior, Luna aprilie 2009, Procente, 124.3
Extractia carbunelui superior si inferior, Luna mai 2009, Procente, 208.1
Extractia carbunelui superior si inferior, Luna iunie 2009, Procente, 136.8
Extractia carbunelui superior si inferior, Luna iulie 2009, Procente, 154.3
Extractia carbunelui superior si inferior, Luna august 2009, Procente, 197.9
Extractia carbunelui superior si inferior, Luna septembrie 2009, Procente, 199.4
Extractia carbunelui superior si inferior, Luna octombrie 2009, Procente, 210.3
Extractia carbunelui superior si inferior, Luna noiembrie 2009, Procente, 196.9
Extractia carbunelui superior si inferior, Luna decembrie 2009, Procente, 153
Extractia carbunelui superior si inferior, Luna ianuarie 2010, Procente, 157.3
Extractia carbunelui superior si inferior, Luna februarie 2010, Procente, 173
Extractia carbunelui superior si inferior, Luna martie 2010, Procente, 183
Extractia carbunelui superior si inferior, Luna aprilie 2010, Procente, 141
Extractia carbunelui superior si inferior, Luna mai 2010, Procente, 128.7
Extractia carbunelui superior si inferior, Luna iunie 2010, Procente, 150.6
Extractia carbunelui superior si inferior, Luna iulie 2010, Procente, 202.4
Extractia carbunelui superior si inferior, Luna august 2010, Procente, 197.6
Extractia carbunelui superior si inferior, Luna septembrie 2010, Procente, 206.8
Extractia carbunelui superior si inferior, Luna octombrie 2010, Procente, 199.6
Extractia carbunelui superior si inferior, Luna noiembrie 2010, Procente, 208.7
Extractia carbunelui superior si inferior, Luna decembrie 2010, Procente, 159.1
Extractia carbunelui superior si inferior, Luna ianuarie 2011, Procente, 162.6
Extractia carbunelui superior si inferior, Luna februarie 2011, Procente, 174.8
Extractia carbunelui superior si inferior, Luna martie 2011, Procente, 216.6
Extractia carbunelui superior si inferior, Luna aprilie 2011, Procente, 187.4
Extractia carbunelui superior si inferior, Luna mai 2011, Procente, 196.6
Extractia carbunelui superior si inferior, Luna iunie 2011, Procente, 210.8
Extractia carbunelui superior si inferior, Luna iulie 2011, Procente, 202.6
Extractia carbunelui superior si inferior, Luna august 2011, Procente, 217.6
Extractia carbunelui superior si inferior, Luna septembrie 2011, Procente, 208.6
Extractia carbunelui superior si inferior, Luna octombrie 2011, Procente, 217
Extractia carbunelui superior si inferior, Luna noiembrie 2011, Procente, 228.7
Extractia carbunelui superior si inferior, Luna decembrie 2011, Procente, 207.7
Extractia carbunelui superior si inferior, Luna ianuarie 2012, Procente, 200.5
Extractia carbunelui superior si inferior, Luna februarie 2012, Procente, 188
Extractia carbunelui superior si inferior, Luna martie 2012, Procente, 233.4
Extractia carbunelui superior si inferior, Luna aprilie 2012, Procente, 173
Extractia carbunelui superior si inferior, Luna mai 2012, Procente, 184
Extractia carbunelui superior si inferior, Luna iunie 2012, Procente, 183.2
Extractia carbunelui superior si inferior, Luna iulie 2012, Procente, 191.8
Extractia carbunelui superior si inferior, Luna august 2012, Procente, 194.1
Extractia carbunelui superior si inferior, Luna septembrie 2012, Procente, 211.3
Extractia carbunelui superior si inferior, Luna octombrie 2012, Procente, 197.2
Extractia carbunelui superior si inferior, Luna noiembrie 2012, Procente, 205.2
Extractia carbunelui superior si inferior, Luna decembrie 2012, Procente, 160.5
Extractia carbunelui superior si inferior, Luna ianuarie 2013, Procente, 185.5
Extractia carbunelui superior si inferior, Luna februarie 2013, Procente, 119.2
Extractia carbunelui superior si inferior, Luna martie 2013, Procente, 154.8
Extractia carbunelui superior si inferior, Luna aprilie 2013, Procente, 142.2
Extractia carbunelui superior si inferior, Luna mai 2013, Procente, 88.7
Extractia carbunelui superior si inferior, Luna iunie 2013, Procente, 94.8
Extractia carbunelui superior si inferior, Luna iulie 2013, Procente, 120.1
Extractia carbunelui superior si inferior, Luna august 2013, Procente, 156.7
Extractia carbunelui superior si inferior, Luna septembrie 2013, Procente, 167.8
Extractia carbunelui superior si inferior, Luna octombrie 2013, Procente, 182
Extractia carbunelui superior si inferior, Luna noiembrie 2013, Procente, 156.4
Extractia carbunelui superior si inferior, Luna decembrie 2013, Procente, 123.4
Extractia carbunelui superior si inferior, Luna ianuarie 2014, Procente, 133.5
Extractia carbunelui superior si inferior, Luna februarie 2014, Procente, 149.8
Extractia carbunelui superior si inferior, Luna martie 2014, Procente, 124.9
Extractia carbunelui superior si inferior, Luna aprilie 2014, Procente, 89.3
Extractia carbunelui superior si inferior, Luna mai 2014, Procente, 136.3
Extractia carbunelui superior si inferior, Luna iunie 2014, Procente, 152.8
Extractia carbunelui superior si inferior, Luna iulie 2014, Procente, 157
Extractia carbunelui superior si inferior, Luna august 2014, Procente, 121.6
Extractia carbunelui superior si inferior, Luna septembrie 2014, Procente, 113.3
Extractia carbunelui superior si inferior, Luna octombrie 2014, Procente, 147.9
Extractia carbunelui superior si inferior, Luna noiembrie 2014, Procente, 159.9
Extractia carbunelui superior si inferior, Luna decembrie 2014, Procente, 126.9
Extractia carbunelui superior si inferior, Luna ianuarie 2015, Procente, 154.6
Extractia carbunelui superior si inferior, Luna februarie 2015, Procente, 148
Extractia carbunelui superior si inferior, Luna martie 2015, Procente, 155.1
Extractia carbunelui superior si inferior, Luna aprilie 2015, Procente, 102.4
Extractia carbunelui superior si inferior, Luna mai 2015, Procente, 128.1
Extractia carbunelui superior si inferior, Luna iunie 2015, Procente, 137.3
Extractia carbunelui superior si inferior, Luna iulie 2015, Procente, 138.7
Extractia carbunelui superior si inferior, Luna august 2015, Procente, 145.7
Extractia carbunelui superior si inferior, Luna septembrie 2015, Procente, 148.3
Extractia carbunelui superior si inferior, Luna octombrie 2015, Procente, 150.7
Extractia carbunelui superior si inferior, Luna noiembrie 2015, Procente, 168
Extractia carbunelui superior si inferior, Luna decembrie 2015, Procente, 166.5
Extractia carbunelui superior si inferior, Luna ianuarie 2016, Procente, 162.3
Extractia carbunelui superior si inferior, Luna februarie 2016, Procente, 156.8
Extractia carbunelui superior si inferior, Luna martie 2016, Procente, 105.8
Extractia carbunelui superior si inferior, Luna aprilie 2016, Procente, 78.8
Extractia carbunelui superior si inferior, Luna mai 2016, Procente, 105
Extractia carbunelui superior si inferior, Luna iunie 2016, Procente, 117.5
Extractia carbunelui superior si inferior, Luna iulie 2016, Procente, 136.2
Extractia carbunelui superior si inferior, Luna august 2016, Procente, 122.5
Extractia carbunelui superior si inferior, Luna septembrie 2016, Procente, 138.4
Extractia carbunelui superior si inferior, Luna octombrie 2016, Procente, 147.1
Extractia carbunelui superior si inferior, Luna noiembrie 2016, Procente, 150.3
Extractia carbunelui superior si inferior, Luna decembrie 2016, Procente, 153
Extractia carbunelui superior si inferior, Luna ianuarie 2017, Procente, 157.9
Extractia carbunelui superior si inferior, Luna februarie 2017, Procente, 151.5
Extractia carbunelui superior si inferior, Luna martie 2017, Procente, 143.1
Extractia carbunelui superior si inferior, Luna aprilie 2017, Procente, 93.2
Extractia carbunelui superior si inferior, Luna mai 2017, Procente, 151
Extractia carbunelui superior si inferior, Luna iunie 2017, Procente, 148.6
Extractia carbunelui superior si inferior, Luna iulie 2017, Procente, 155.8
Extractia carbunelui superior si inferior, Luna august 2017, Procente, 153.6
Extractia carbunelui superior si inferior, Luna septembrie 2017, Procente, 156
Extractia carbunelui superior si inferior, Luna octombrie 2017, Procente, 151.9
Extractia carbunelui superior si inferior, Luna noiembrie 2017, Procente, 157.2
Extractia carbunelui superior si inferior, Luna decembrie 2017, Procente, 138.9
Extractia carbunelui superior si inferior, Luna ianuarie 2018, Procente, 156.2
Extractia carbunelui superior si inferior, Luna februarie 2018, Procente, 131.4
Extractia carbunelui superior si inferior, Luna martie 2018, Procente, 147.1
Extractia carbunelui superior si inferior, Luna aprilie 2018, Procente, 120.6
Extractia carbunelui superior si inferior, Luna mai 2018, Procente, 106.3
Extractia carbunelui superior si inferior, Luna iunie 2018, Procente, 117.6
Extractia carbunelui superior si inferior, Luna iulie 2018, Procente, 125.2
Extractia carbunelui superior si inferior, Luna august 2018, Procente, 133.9
Extractia carbunelui superior si inferior, Luna septembrie 2018, Procente, 137.1
Extractia carbunelui superior si inferior, Luna octombrie 2018, Procente, 156.3
Extractia carbunelui superior si inferior, Luna noiembrie 2018, Procente, 146.1
Extractia carbunelui superior si inferior, Luna decembrie 2018, Procente, 137.9
Extractia carbunelui superior si inferior, Luna ianuarie 2019, Procente, 111.2
Extractia carbunelui superior si inferior, Luna februarie 2019, Procente, 126
Extractia carbunelui superior si inferior, Luna martie 2019, Procente, 153
Extractia carbunelui superior si inferior, Luna aprilie 2019, Procente, 120.7
Extractia carbunelui superior si inferior, Luna mai 2019, Procente, 135
Extractia carbunelui superior si inferior, Luna iunie 2019, Procente, 105.9
Extractia carbunelui superior si inferior, Luna iulie 2019, Procente, 118.5
Extractia carbunelui superior si inferior, Luna august 2019, Procente, 115.5
Extractia carbunelui superior si inferior, Luna septembrie 2019, Procente, 131.3
Extractia carbunelui superior si inferior, Luna octombrie 2019, Procente, 129.8
Extractia carbunelui superior si inferior, Luna noiembrie 2019, Procente, 116.1
Extractia carbunelui superior si inferior, Luna decembrie 2019, Procente, 114.2
Extractia carbunelui superior si inferior, Luna ianuarie 2020, Procente, 106.8
Extractia carbunelui superior si inferior, Luna februarie 2020, Procente, 112.5
Extractia carbunelui superior si inferior, Luna martie 2020, Procente, 83.8
Extractia carbunelui superior si inferior, Luna aprilie 2020, Procente, 30.3
Extractia carbunelui superior si inferior, Luna mai 2020, Procente, 39.5
Extractia carbunelui superior si inferior, Luna iunie 2020, Procente, 75.9
Extractia carbunelui superior si inferior, Luna iulie 2020, Procente, 81.1
Extractia carbunelui superior si inferior, Luna august 2020, Procente, 100.9
Extractia carbunelui superior si inferior, Luna septembrie 2020, Procente, 97.9
Extractia carbunelui superior si inferior, Luna octombrie 2020, Procente, 102.3
Extractia carbunelui superior si inferior, Luna noiembrie 2020, Procente, 91.7
Extractia carbunelui superior si inferior, Luna decembrie 2020, Procente, 85.4
Extractia carbunelui superior si inferior, Luna ianuarie 2021, Procente, 87.5
Extractia carbunelui superior si inferior, Luna februarie 2021, Procente, 90
Extractia carbunelui superior si inferior, Luna martie 2021, Procente, 95.7
Extractia carbunelui superior si inferior, Luna aprilie 2021, Procente, 109.2
Extractia carbunelui superior si inferior, Luna mai 2021, Procente, 98.3
Extractia carbunelui superior si inferior, Luna iunie 2021, Procente, 93.8
Extractia carbunelui superior si inferior, Luna iulie 2021, Procente, 106.4
Extractia carbunelui superior si inferior, Luna august 2021, Procente, 112.6
Extractia carbunelui superior si inferior, Luna septembrie 2021, Procente, 107.5
Extractia carbunelui superior si inferior, Luna octombrie 2021, Procente, 107.2
Extractia carbunelui superior si inferior, Luna noiembrie 2021, Procente, 101
Extractia carbunelui superior si inferior, Luna decembrie 2021, Procente, 90.8
Extractia carbunelui superior si inferior, Luna ianuarie 2022, Procente, 92
Extractia carbunelui superior si inferior, Luna februarie 2022, Procente, 88.1
Extractia carbunelui superior si inferior, Luna martie 2022, Procente, 98.1
Extractia carbunelui superior si inferior, Luna aprilie 2022, Procente, 97.6
Extractia carbunelui superior si inferior, Luna mai 2022, Procente, 101.2
Extractia carbunelui superior si inferior, Luna iunie 2022, Procente, 106.7
Extractia carbunelui superior si inferior, Luna iulie 2022, Procente, 115.8
Extractia carbunelui superior si inferior, Luna august 2022, Procente, 111.4
Extractia carbunelui superior si inferior, Luna septembrie 2022, Procente, 104.3
Extractia carbunelui superior si inferior, Luna octombrie 2022, Procente, 112.5
Extractia carbunelui superior si inferior, Luna noiembrie 2022, Procente, 105.5
Extractia carbunelui superior si inferior, Luna decembrie 2022, Procente, 95.7
Extractia carbunelui superior si inferior, Luna ianuarie 2023, Procente, 80.7
Extractia carbunelui superior si inferior, Luna februarie 2023, Procente, 81.1
Extractia carbunelui superior si inferior, Luna martie 2023, Procente, 94.6
Extractia carbunelui superior si inferior, Luna aprilie 2023, Procente, 89.2
Extractia carbunelui superior si inferior, Luna mai 2023, Procente, 87.3
Extractia carbunelui superior si inferior, Luna iunie 2023, Procente, 81.9
Extractia carbunelui superior si inferior, Luna iulie 2023, Procente, 86
Extractia carbunelui superior si inferior, Luna august 2023, Procente, 87.2
Extractia carbunelui superior si inferior, Luna septembrie 2023, Procente, 81.4
Extractia carbunelui superior si inferior, Luna octombrie 2023, Procente, 84.4
Extractia carbunelui superior si inferior, Luna noiembrie 2023, Procente, 74.8
Extractia carbunelui superior si inferior, Luna decembrie 2023, Procente, 69.5
Extractia carbunelui superior si inferior, Luna ianuarie 2024, Procente, 73.4
Extractia carbunelui superior si inferior, Luna februarie 2024, Procente, 79.3
Extractia carbunelui superior si inferior, Luna martie 2024, Procente, 75.7
Extractia carbunelui superior si inferior, Luna aprilie 2024, Procente, 51.7
Extractia carbunelui superior si inferior, Luna mai 2024, Procente, 60.8
Extractia carbunelui superior si inferior, Luna iunie 2024, Procente, 69.9
Extractia carbunelui superior si inferior, Luna iulie 2024, Procente, 79.5
Extractia carbunelui superior si inferior, Luna august 2024, Procente, 68.9
Extractia carbunelui superior si inferior, Luna septembrie 2024, Procente, 65.8
Extractia carbunelui superior si inferior, Luna octombrie 2024, Procente, 80.5
Extractia carbunelui superior si inferior, Luna noiembrie 2024, Procente, 73.7
Extractia carbunelui superior si inferior, Luna decembrie 2024, Procente, 72.4
Extractia carbunelui superior si inferior, Luna ianuarie 2025, Procente, 76.6
Extractia carbunelui superior si inferior, Luna februarie 2025, Procente, 70.5
Extractia petrolului brut  si  a gazelor naturale, Luna ianuarie 2005, Procente, 164.5
Extractia petrolului brut  si  a gazelor naturale, Luna februarie 2005, Procente, 154
Extractia petrolului brut  si  a gazelor naturale, Luna martie 2005, Procente, 165.3
Extractia petrolului brut  si  a gazelor naturale, Luna aprilie 2005, Procente, 152
Extractia petrolului brut  si  a gazelor naturale, Luna mai 2005, Procente, 150.2
Extractia petrolului brut  si  a gazelor naturale, Luna iunie 2005, Procente, 145.6
Extractia petrolului brut  si  a gazelor naturale, Luna iulie 2005, Procente, 149.4
Extractia petrolului brut  si  a gazelor naturale, Luna august 2005, Procente, 146.5
Extractia petrolului brut  si  a gazelor naturale, Luna septembrie 2005, Procente, 142.9
Extractia petrolului brut  si  a gazelor naturale, Luna octombrie 2005, Procente, 148.6
Extractia petrolului brut  si  a gazelor naturale, Luna noiembrie 2005, Procente, 159.6
Extractia petrolului brut  si  a gazelor naturale, Luna decembrie 2005, Procente, 169.4
Extractia petrolului brut  si  a gazelor naturale, Luna ianuarie 2006, Procente, 168.5
Extractia petrolului brut  si  a gazelor naturale, Luna februarie 2006, Procente, 150.3
Extractia petrolului brut  si  a gazelor naturale, Luna martie 2006, Procente, 162.8
Extractia petrolului brut  si  a gazelor naturale, Luna aprilie 2006, Procente, 141.8
Extractia petrolului brut  si  a gazelor naturale, Luna mai 2006, Procente, 143.3
Extractia petrolului brut  si  a gazelor naturale, Luna iunie 2006, Procente, 137.1
Extractia petrolului brut  si  a gazelor naturale, Luna iulie 2006, Procente, 138.2
Extractia petrolului brut  si  a gazelor naturale, Luna august 2006, Procente, 139.3
Extractia petrolului brut  si  a gazelor naturale, Luna septembrie 2006, Procente, 136.3
Extractia petrolului brut  si  a gazelor naturale, Luna octombrie 2006, Procente, 145.5
Extractia petrolului brut  si  a gazelor naturale, Luna noiembrie 2006, Procente, 148
Extractia petrolului brut  si  a gazelor naturale, Luna decembrie 2006, Procente, 158.3
Extractia petrolului brut  si  a gazelor naturale, Luna ianuarie 2007, Procente, 152
Extractia petrolului brut  si  a gazelor naturale, Luna februarie 2007, Procente, 143.5
Extractia petrolului brut  si  a gazelor naturale, Luna martie 2007, Procente, 154.6
Extractia petrolului brut  si  a gazelor naturale, Luna aprilie 2007, Procente, 144.7
Extractia petrolului brut  si  a gazelor naturale, Luna mai 2007, Procente, 148.6
Extractia petrolului brut  si  a gazelor naturale, Luna iunie 2007, Procente, 143
Extractia petrolului brut  si  a gazelor naturale, Luna iulie 2007, Procente, 139.9
Extractia petrolului brut  si  a gazelor naturale, Luna august 2007, Procente, 142.3
Extractia petrolului brut  si  a gazelor naturale, Luna septembrie 2007, Procente, 135.7
Extractia petrolului brut  si  a gazelor naturale, Luna octombrie 2007, Procente, 143.5
Extractia petrolului brut  si  a gazelor naturale, Luna noiembrie 2007, Procente, 156.1
Extractia petrolului brut  si  a gazelor naturale, Luna decembrie 2007, Procente, 144.4
Extractia petrolului brut  si  a gazelor naturale, Luna ianuarie 2008, Procente, 147.5
Extractia petrolului brut  si  a gazelor naturale, Luna februarie 2008, Procente, 141.4
Extractia petrolului brut  si  a gazelor naturale, Luna martie 2008, Procente, 143.7
Extractia petrolului brut  si  a gazelor naturale, Luna aprilie 2008, Procente, 137.3
Extractia petrolului brut  si  a gazelor naturale, Luna mai 2008, Procente, 135.1
Extractia petrolului brut  si  a gazelor naturale, Luna iunie 2008, Procente, 131.9
Extractia petrolului brut  si  a gazelor naturale, Luna iulie 2008, Procente, 134.4
Extractia petrolului brut  si  a gazelor naturale, Luna august 2008, Procente, 133.5
Extractia petrolului brut  si  a gazelor naturale, Luna septembrie 2008, Procente, 135.1
Extractia petrolului brut  si  a gazelor naturale, Luna octombrie 2008, Procente, 138.6
Extractia petrolului brut  si  a gazelor naturale, Luna noiembrie 2008, Procente, 132.3
Extractia petrolului brut  si  a gazelor naturale, Luna decembrie 2008, Procente, 141
Extractia petrolului brut  si  a gazelor naturale, Luna ianuarie 2009, Procente, 141.1
Extractia petrolului brut  si  a gazelor naturale, Luna februarie 2009, Procente, 134.7
Extractia petrolului brut  si  a gazelor naturale, Luna martie 2009, Procente, 141.7
Extractia petrolului brut  si  a gazelor naturale, Luna aprilie 2009, Procente, 130.6
Extractia petrolului brut  si  a gazelor naturale, Luna mai 2009, Procente, 117.7
Extractia petrolului brut  si  a gazelor naturale, Luna iunie 2009, Procente, 115.3
Extractia petrolului brut  si  a gazelor naturale, Luna iulie 2009, Procente, 125.7
Extractia petrolului brut  si  a gazelor naturale, Luna august 2009, Procente, 129.5
Extractia petrolului brut  si  a gazelor naturale, Luna septembrie 2009, Procente, 127.2
Extractia petrolului brut  si  a gazelor naturale, Luna octombrie 2009, Procente, 132.6
Extractia petrolului brut  si  a gazelor naturale, Luna noiembrie 2009, Procente, 132.2
Extractia petrolului brut  si  a gazelor naturale, Luna decembrie 2009, Procente, 136.8
Extractia petrolului brut  si  a gazelor naturale, Luna ianuarie 2010, Procente, 135
Extractia petrolului brut  si  a gazelor naturale, Luna februarie 2010, Procente, 121.4
Extractia petrolului brut  si  a gazelor naturale, Luna martie 2010, Procente, 134.2
Extractia petrolului brut  si  a gazelor naturale, Luna aprilie 2010, Procente, 126.1
Extractia petrolului brut  si  a gazelor naturale, Luna mai 2010, Procente, 121.5
Extractia petrolului brut  si  a gazelor naturale, Luna iunie 2010, Procente, 122.2
Extractia petrolului brut  si  a gazelor naturale, Luna iulie 2010, Procente, 127.1
Extractia petrolului brut  si  a gazelor naturale, Luna august 2010, Procente, 126.1
Extractia petrolului brut  si  a gazelor naturale, Luna septembrie 2010, Procente, 123.2
Extractia petrolului brut  si  a gazelor naturale, Luna octombrie 2010, Procente, 127.7
Extractia petrolului brut  si  a gazelor naturale, Luna noiembrie 2010, Procente, 126.6
Extractia petrolului brut  si  a gazelor naturale, Luna decembrie 2010, Procente, 131
Extractia petrolului brut  si  a gazelor naturale, Luna ianuarie 2011, Procente, 132.2
Extractia petrolului brut  si  a gazelor naturale, Luna februarie 2011, Procente, 119.7
Extractia petrolului brut  si  a gazelor naturale, Luna martie 2011, Procente, 131
Extractia petrolului brut  si  a gazelor naturale, Luna aprilie 2011, Procente, 125.7
Extractia petrolului brut  si  a gazelor naturale, Luna mai 2011, Procente, 128.3
Extractia petrolului brut  si  a gazelor naturale, Luna iunie 2011, Procente, 120.8
Extractia petrolului brut  si  a gazelor naturale, Luna iulie 2011, Procente, 124.1
Extractia petrolului brut  si  a gazelor naturale, Luna august 2011, Procente, 124.5
Extractia petrolului brut  si  a gazelor naturale, Luna septembrie 2011, Procente, 119.7
Extractia petrolului brut  si  a gazelor naturale, Luna octombrie 2011, Procente, 127.5
Extractia petrolului brut  si  a gazelor naturale, Luna noiembrie 2011, Procente, 125.8
Extractia petrolului brut  si  a gazelor naturale, Luna decembrie 2011, Procente, 130.6
Extractia petrolului brut  si  a gazelor naturale, Luna ianuarie 2012, Procente, 129.6
Extractia petrolului brut  si  a gazelor naturale, Luna februarie 2012, Procente, 119.4
Extractia petrolului brut  si  a gazelor naturale, Luna martie 2012, Procente, 129.3
Extractia petrolului brut  si  a gazelor naturale, Luna aprilie 2012, Procente, 123.1
Extractia petrolului brut  si  a gazelor naturale, Luna mai 2012, Procente, 123.5
Extractia petrolului brut  si  a gazelor naturale, Luna iunie 2012, Procente, 119.3
Extractia petrolului brut  si  a gazelor naturale, Luna iulie 2012, Procente, 123.2
Extractia petrolului brut  si  a gazelor naturale, Luna august 2012, Procente, 123.3
Extractia petrolului brut  si  a gazelor naturale, Luna septembrie 2012, Procente, 121.4
Extractia petrolului brut  si  a gazelor naturale, Luna octombrie 2012, Procente, 125.5
Extractia petrolului brut  si  a gazelor naturale, Luna noiembrie 2012, Procente, 121.4
Extractia petrolului brut  si  a gazelor naturale, Luna decembrie 2012, Procente, 126
Extractia petrolului brut  si  a gazelor naturale, Luna ianuarie 2013, Procente, 127
Extractia petrolului brut  si  a gazelor naturale, Luna februarie 2013, Procente, 114.8
Extractia petrolului brut  si  a gazelor naturale, Luna martie 2013, Procente, 128.2
Extractia petrolului brut  si  a gazelor naturale, Luna aprilie 2013, Procente, 123.9
Extractia petrolului brut  si  a gazelor naturale, Luna mai 2013, Procente, 126.7
Extractia petrolului brut  si  a gazelor naturale, Luna iunie 2013, Procente, 121.6
Extractia petrolului brut  si  a gazelor naturale, Luna iulie 2013, Procente, 124
Extractia petrolului brut  si  a gazelor naturale, Luna august 2013, Procente, 124.4
Extractia petrolului brut  si  a gazelor naturale, Luna septembrie 2013, Procente, 123
Extractia petrolului brut  si  a gazelor naturale, Luna octombrie 2013, Procente, 126.6
Extractia petrolului brut  si  a gazelor naturale, Luna noiembrie 2013, Procente, 122.4
Extractia petrolului brut  si  a gazelor naturale, Luna decembrie 2013, Procente, 128.2
Extractia petrolului brut  si  a gazelor naturale, Luna ianuarie 2014, Procente, 127.3
Extractia petrolului brut  si  a gazelor naturale, Luna februarie 2014, Procente, 115.7
Extractia petrolului brut  si  a gazelor naturale, Luna martie 2014, Procente, 128.2
Extractia petrolului brut  si  a gazelor naturale, Luna aprilie 2014, Procente, 122.8
Extractia petrolului brut  si  a gazelor naturale, Luna mai 2014, Procente, 125.4
Extractia petrolului brut  si  a gazelor naturale, Luna iunie 2014, Procente, 120
Extractia petrolului brut  si  a gazelor naturale, Luna iulie 2014, Procente, 124
Extractia petrolului brut  si  a gazelor naturale, Luna august 2014, Procente, 122.9
Extractia petrolului brut  si  a gazelor naturale, Luna septembrie 2014, Procente, 119.9
Extractia petrolului brut  si  a gazelor naturale, Luna octombrie 2014, Procente, 125.6
Extractia petrolului brut  si  a gazelor naturale, Luna noiembrie 2014, Procente, 120.7
Extractia petrolului brut  si  a gazelor naturale, Luna decembrie 2014, Procente, 124.9
Extractia petrolului brut  si  a gazelor naturale, Luna ianuarie 2015, Procente, 127.1
Extractia petrolului brut  si  a gazelor naturale, Luna februarie 2015, Procente, 116.2
Extractia petrolului brut  si  a gazelor naturale, Luna martie 2015, Procente, 129.2
Extractia petrolului brut  si  a gazelor naturale, Luna aprilie 2015, Procente, 121.8
Extractia petrolului brut  si  a gazelor naturale, Luna mai 2015, Procente, 123.8
Extractia petrolului brut  si  a gazelor naturale, Luna iunie 2015, Procente, 118.7
Extractia petrolului brut  si  a gazelor naturale, Luna iulie 2015, Procente, 120.8
Extractia petrolului brut  si  a gazelor naturale, Luna august 2015, Procente, 121.6
Extractia petrolului brut  si  a gazelor naturale, Luna septembrie 2015, Procente, 117
Extractia petrolului brut  si  a gazelor naturale, Luna octombrie 2015, Procente, 125.2
Extractia petrolului brut  si  a gazelor naturale, Luna noiembrie 2015, Procente, 121.4
Extractia petrolului brut  si  a gazelor naturale, Luna decembrie 2015, Procente, 124.1
Extractia petrolului brut  si  a gazelor naturale, Luna ianuarie 2016, Procente, 125.2
Extractia petrolului brut  si  a gazelor naturale, Luna februarie 2016, Procente, 115.6
Extractia petrolului brut  si  a gazelor naturale, Luna martie 2016, Procente, 120.1
Extractia petrolului brut  si  a gazelor naturale, Luna aprilie 2016, Procente, 107.5
Extractia petrolului brut  si  a gazelor naturale, Luna mai 2016, Procente, 104.7
Extractia petrolului brut  si  a gazelor naturale, Luna iunie 2016, Procente, 97
Extractia petrolului brut  si  a gazelor naturale, Luna iulie 2016, Procente, 102.9
Extractia petrolului brut  si  a gazelor naturale, Luna august 2016, Procente, 105.4
Extractia petrolului brut  si  a gazelor naturale, Luna septembrie 2016, Procente, 100.7
Extractia petrolului brut  si  a gazelor naturale, Luna octombrie 2016, Procente, 107.7
Extractia petrolului brut  si  a gazelor naturale, Luna noiembrie 2016, Procente, 111.7
Extractia petrolului brut  si  a gazelor naturale, Luna decembrie 2016, Procente, 121.4
Extractia petrolului brut  si  a gazelor naturale, Luna ianuarie 2017, Procente, 123
Extractia petrolului brut  si  a gazelor naturale, Luna februarie 2017, Procente, 110.1
Extractia petrolului brut  si  a gazelor naturale, Luna martie 2017, Procente, 116.3
Extractia petrolului brut  si  a gazelor naturale, Luna aprilie 2017, Procente, 117.8
Extractia petrolului brut  si  a gazelor naturale, Luna mai 2017, Procente, 113.6
Extractia petrolului brut  si  a gazelor naturale, Luna iunie 2017, Procente, 109
Extractia petrolului brut  si  a gazelor naturale, Luna iulie 2017, Procente, 111.1
Extractia petrolului brut  si  a gazelor naturale, Luna august 2017, Procente, 114.1
Extractia petrolului brut  si  a gazelor naturale, Luna septembrie 2017, Procente, 113.9
Extractia petrolului brut  si  a gazelor naturale, Luna octombrie 2017, Procente, 120.4
Extractia petrolului brut  si  a gazelor naturale, Luna noiembrie 2017, Procente, 118.7
Extractia petrolului brut  si  a gazelor naturale, Luna decembrie 2017, Procente, 122.1
Extractia petrolului brut  si  a gazelor naturale, Luna ianuarie 2018, Procente, 116.7
Extractia petrolului brut  si  a gazelor naturale, Luna februarie 2018, Procente, 110.2
Extractia petrolului brut  si  a gazelor naturale, Luna martie 2018, Procente, 120.8
Extractia petrolului brut  si  a gazelor naturale, Luna aprilie 2018, Procente, 112.4
Extractia petrolului brut  si  a gazelor naturale, Luna mai 2018, Procente, 113.9
Extractia petrolului brut  si  a gazelor naturale, Luna iunie 2018, Procente, 110.2
Extractia petrolului brut  si  a gazelor naturale, Luna iulie 2018, Procente, 114.8
Extractia petrolului brut  si  a gazelor naturale, Luna august 2018, Procente, 113.4
Extractia petrolului brut  si  a gazelor naturale, Luna septembrie 2018, Procente, 111.2
Extractia petrolului brut  si  a gazelor naturale, Luna octombrie 2018, Procente, 115
Extractia petrolului brut  si  a gazelor naturale, Luna noiembrie 2018, Procente, 113.1
Extractia petrolului brut  si  a gazelor naturale, Luna decembrie 2018, Procente, 118.1
Extractia petrolului brut  si  a gazelor naturale, Luna ianuarie 2019, Procente, 120.2
Extractia petrolului brut  si  a gazelor naturale, Luna februarie 2019, Procente, 108.7
Extractia petrolului brut  si  a gazelor naturale, Luna martie 2019, Procente, 116.9
Extractia petrolului brut  si  a gazelor naturale, Luna aprilie 2019, Procente, 110.6
Extractia petrolului brut  si  a gazelor naturale, Luna mai 2019, Procente, 111.6
Extractia petrolului brut  si  a gazelor naturale, Luna iunie 2019, Procente, 106.9
Extractia petrolului brut  si  a gazelor naturale, Luna iulie 2019, Procente, 109.1
Extractia petrolului brut  si  a gazelor naturale, Luna august 2019, Procente, 108.8
Extractia petrolului brut  si  a gazelor naturale, Luna septembrie 2019, Procente, 108.8
Extractia petrolului brut  si  a gazelor naturale, Luna octombrie 2019, Procente, 107.9
Extractia petrolului brut  si  a gazelor naturale, Luna noiembrie 2019, Procente, 111.2
Extractia petrolului brut  si  a gazelor naturale, Luna decembrie 2019, Procente, 116.8
Extractia petrolului brut  si  a gazelor naturale, Luna ianuarie 2020, Procente, 116
Extractia petrolului brut  si  a gazelor naturale, Luna februarie 2020, Procente, 106.3
Extractia petrolului brut  si  a gazelor naturale, Luna martie 2020, Procente, 112.7
Extractia petrolului brut  si  a gazelor naturale, Luna aprilie 2020, Procente, 102.5
Extractia petrolului brut  si  a gazelor naturale, Luna mai 2020, Procente, 92.3
Extractia petrolului brut  si  a gazelor naturale, Luna iunie 2020, Procente, 88.2
Extractia petrolului brut  si  a gazelor naturale, Luna iulie 2020, Procente, 90.7
Extractia petrolului brut  si  a gazelor naturale, Luna august 2020, Procente, 92.7
Extractia petrolului brut  si  a gazelor naturale, Luna septembrie 2020, Procente, 99.1
Extractia petrolului brut  si  a gazelor naturale, Luna octombrie 2020, Procente, 106.1
Extractia petrolului brut  si  a gazelor naturale, Luna noiembrie 2020, Procente, 105
Extractia petrolului brut  si  a gazelor naturale, Luna decembrie 2020, Procente, 108.2
Extractia petrolului brut  si  a gazelor naturale, Luna ianuarie 2021, Procente, 107.2
Extractia petrolului brut  si  a gazelor naturale, Luna februarie 2021, Procente, 97
Extractia petrolului brut  si  a gazelor naturale, Luna martie 2021, Procente, 107.4
Extractia petrolului brut  si  a gazelor naturale, Luna aprilie 2021, Procente, 103.4
Extractia petrolului brut  si  a gazelor naturale, Luna mai 2021, Procente, 101.6
Extractia petrolului brut  si  a gazelor naturale, Luna iunie 2021, Procente, 96.5
Extractia petrolului brut  si  a gazelor naturale, Luna iulie 2021, Procente, 96.8
Extractia petrolului brut  si  a gazelor naturale, Luna august 2021, Procente, 94.9
Extractia petrolului brut  si  a gazelor naturale, Luna septembrie 2021, Procente, 95.8
Extractia petrolului brut  si  a gazelor naturale, Luna octombrie 2021, Procente, 100.4
Extractia petrolului brut  si  a gazelor naturale, Luna noiembrie 2021, Procente, 98.1
Extractia petrolului brut  si  a gazelor naturale, Luna decembrie 2021, Procente, 101
Extractia petrolului brut  si  a gazelor naturale, Luna ianuarie 2022, Procente, 101.1
Extractia petrolului brut  si  a gazelor naturale, Luna februarie 2022, Procente, 91.6
Extractia petrolului brut  si  a gazelor naturale, Luna martie 2022, Procente, 101
Extractia petrolului brut  si  a gazelor naturale, Luna aprilie 2022, Procente, 96
Extractia petrolului brut  si  a gazelor naturale, Luna mai 2022, Procente, 96.7
Extractia petrolului brut  si  a gazelor naturale, Luna iunie 2022, Procente, 94.8
Extractia petrolului brut  si  a gazelor naturale, Luna iulie 2022, Procente, 103.3
Extractia petrolului brut  si  a gazelor naturale, Luna august 2022, Procente, 99.7
Extractia petrolului brut  si  a gazelor naturale, Luna septembrie 2022, Procente, 101.4
Extractia petrolului brut  si  a gazelor naturale, Luna octombrie 2022, Procente, 104.2
Extractia petrolului brut  si  a gazelor naturale, Luna noiembrie 2022, Procente, 103.2
Extractia petrolului brut  si  a gazelor naturale, Luna decembrie 2022, Procente, 106.4
Extractia petrolului brut  si  a gazelor naturale, Luna ianuarie 2023, Procente, 105.2
Extractia petrolului brut  si  a gazelor naturale, Luna februarie 2023, Procente, 95
Extractia petrolului brut  si  a gazelor naturale, Luna martie 2023, Procente, 105.3
Extractia petrolului brut  si  a gazelor naturale, Luna aprilie 2023, Procente, 99.3
Extractia petrolului brut  si  a gazelor naturale, Luna mai 2023, Procente, 98.5
Extractia petrolului brut  si  a gazelor naturale, Luna iunie 2023, Procente, 96.5
Extractia petrolului brut  si  a gazelor naturale, Luna iulie 2023, Procente, 98
Extractia petrolului brut  si  a gazelor naturale, Luna august 2023, Procente, 99.6
Extractia petrolului brut  si  a gazelor naturale, Luna septembrie 2023, Procente, 97.1
Extractia petrolului brut  si  a gazelor naturale, Luna octombrie 2023, Procente, 98.8
Extractia petrolului brut  si  a gazelor naturale, Luna noiembrie 2023, Procente, 99.8
Extractia petrolului brut  si  a gazelor naturale, Luna decembrie 2023, Procente, 103.7
Extractia petrolului brut  si  a gazelor naturale, Luna ianuarie 2024, Procente, 104
Extractia petrolului brut  si  a gazelor naturale, Luna februarie 2024, Procente, 97.6
Extractia petrolului brut  si  a gazelor naturale, Luna martie 2024, Procente, 103.8
Extractia petrolului brut  si  a gazelor naturale, Luna aprilie 2024, Procente, 98.7
Extractia petrolului brut  si  a gazelor naturale, Luna mai 2024, Procente, 100.7
Extractia petrolului brut  si  a gazelor naturale, Luna iunie 2024, Procente, 95.3
Extractia petrolului brut  si  a gazelor naturale, Luna iulie 2024, Procente, 98.8
Extractia petrolului brut  si  a gazelor naturale, Luna august 2024, Procente, 99.8
Extractia petrolului brut  si  a gazelor naturale, Luna septembrie 2024, Procente, 92.5
Extractia petrolului brut  si  a gazelor naturale, Luna octombrie 2024, Procente, 101.4
Extractia petrolului brut  si  a gazelor naturale, Luna noiembrie 2024, Procente, 97.5
Extractia petrolului brut  si  a gazelor naturale, Luna decembrie 2024, Procente, 102.3
Extractia petrolului brut  si  a gazelor naturale, Luna ianuarie 2025, Procente, 102.7
Extractia petrolului brut  si  a gazelor naturale, Luna februarie 2025, Procente, 92.5
Extractia minereurilor metalifere, Luna ianuarie 2005, Procente, 282.5
Extractia minereurilor metalifere, Luna februarie 2005, Procente, 281.1
Extractia minereurilor metalifere, Luna martie 2005, Procente, 301.2
Extractia minereurilor metalifere, Luna aprilie 2005, Procente, 314.7
Extractia minereurilor metalifere, Luna mai 2005, Procente, 299
Extractia minereurilor metalifere, Luna iunie 2005, Procente, 295.5
Extractia minereurilor metalifere, Luna iulie 2005, Procente, 308.2
Extractia minereurilor metalifere, Luna august 2005, Procente, 317.3
Extractia minereurilor metalifere, Luna septembrie 2005, Procente, 312
Extractia minereurilor metalifere, Luna octombrie 2005, Procente, 294.3
Extractia minereurilor metalifere, Luna noiembrie 2005, Procente, 281.1
Extractia minereurilor metalifere, Luna decembrie 2005, Procente, 234.8
Extractia minereurilor metalifere, Luna ianuarie 2006, Procente, 218.7
Extractia minereurilor metalifere, Luna februarie 2006, Procente, 258.2
Extractia minereurilor metalifere, Luna martie 2006, Procente, 285.3
Extractia minereurilor metalifere, Luna aprilie 2006, Procente, 258.6
Extractia minereurilor metalifere, Luna mai 2006, Procente, 278.6
Extractia minereurilor metalifere, Luna iunie 2006, Procente, 243.8
Extractia minereurilor metalifere, Luna iulie 2006, Procente, 244.3
Extractia minereurilor metalifere, Luna august 2006, Procente, 217.1
Extractia minereurilor metalifere, Luna septembrie 2006, Procente, 234.7
Extractia minereurilor metalifere, Luna octombrie 2006, Procente, 225
Extractia minereurilor metalifere, Luna noiembrie 2006, Procente, 176.3
Extractia minereurilor metalifere, Luna decembrie 2006, Procente, 174.1
Extractia minereurilor metalifere, Luna ianuarie 2007, Procente, 107.8
Extractia minereurilor metalifere, Luna februarie 2007, Procente, 51.2
Extractia minereurilor metalifere, Luna martie 2007, Procente, 96.9
Extractia minereurilor metalifere, Luna aprilie 2007, Procente, 60
Extractia minereurilor metalifere, Luna mai 2007, Procente, 76.3
Extractia minereurilor metalifere, Luna iunie 2007, Procente, 55.2
Extractia minereurilor metalifere, Luna iulie 2007, Procente, 40.9
Extractia minereurilor metalifere, Luna august 2007, Procente, 42
Extractia minereurilor metalifere, Luna septembrie 2007, Procente, 30.9
Extractia minereurilor metalifere, Luna octombrie 2007, Procente, 62.4
Extractia minereurilor metalifere, Luna noiembrie 2007, Procente, 16.8
Extractia minereurilor metalifere, Luna decembrie 2007, Procente, 23.3
Extractia minereurilor metalifere, Luna ianuarie 2008, Procente, 4.1
Extractia minereurilor metalifere, Luna februarie 2008, Procente, 7.7
Extractia minereurilor metalifere, Luna martie 2008, Procente, 5.5
Extractia minereurilor metalifere, Luna aprilie 2008, Procente, 7.2
Extractia minereurilor metalifere, Luna mai 2008, Procente, 5.7
Extractia minereurilor metalifere, Luna iunie 2008, Procente, 11.5
Extractia minereurilor metalifere, Luna iulie 2008, Procente, 23.8
Extractia minereurilor metalifere, Luna august 2008, Procente, 20.9
Extractia minereurilor metalifere, Luna septembrie 2008, Procente, 19.6
Extractia minereurilor metalifere, Luna octombrie 2008, Procente, 23.3
Extractia minereurilor metalifere, Luna noiembrie 2008, Procente, 4.1
Extractia minereurilor metalifere, Luna decembrie 2008, Procente, 7.2
Extractia minereurilor metalifere, Luna ianuarie 2009, Procente, 0
Extractia minereurilor metalifere, Luna februarie 2009, Procente, 3.1
Extractia minereurilor metalifere, Luna martie 2009, Procente, 6.8
Extractia minereurilor metalifere, Luna aprilie 2009, Procente, 8.3
Extractia minereurilor metalifere, Luna mai 2009, Procente, 4.2
Extractia minereurilor metalifere, Luna iunie 2009, Procente, 2.7
Extractia minereurilor metalifere, Luna iulie 2009, Procente, 8.4
Extractia minereurilor metalifere, Luna august 2009, Procente, 7
Extractia minereurilor metalifere, Luna septembrie 2009, Procente, 4.5
Extractia minereurilor metalifere, Luna octombrie 2009, Procente, 0
Extractia minereurilor metalifere, Luna noiembrie 2009, Procente, 0
Extractia minereurilor metalifere, Luna decembrie 2009, Procente, 54.9
Extractia minereurilor metalifere, Luna ianuarie 2010, Procente, 77.6
Extractia minereurilor metalifere, Luna februarie 2010, Procente, 66.2
Extractia minereurilor metalifere, Luna martie 2010, Procente, 67
Extractia minereurilor metalifere, Luna aprilie 2010, Procente, 68.9
Extractia minereurilor metalifere, Luna mai 2010, Procente, 65.1
Extractia minereurilor metalifere, Luna iunie 2010, Procente, 73.3
Extractia minereurilor metalifere, Luna iulie 2010, Procente, 57
Extractia minereurilor metalifere, Luna august 2010, Procente, 68.4
Extractia minereurilor metalifere, Luna septembrie 2010, Procente, 71.2
Extractia minereurilor metalifere, Luna octombrie 2010, Procente, 82.7
Extractia minereurilor metalifere, Luna noiembrie 2010, Procente, 65.2
Extractia minereurilor metalifere, Luna decembrie 2010, Procente, 65.1
Extractia minereurilor metalifere, Luna ianuarie 2011, Procente, 83.5
Extractia minereurilor metalifere, Luna februarie 2011, Procente, 74.3
Extractia minereurilor metalifere, Luna martie 2011, Procente, 95.1
Extractia minereurilor metalifere, Luna aprilie 2011, Procente, 78
Extractia minereurilor metalifere, Luna mai 2011, Procente, 97
Extractia minereurilor metalifere, Luna iunie 2011, Procente, 91
Extractia minereurilor metalifere, Luna iulie 2011, Procente, 89.9
Extractia minereurilor metalifere, Luna august 2011, Procente, 93.6
Extractia minereurilor metalifere, Luna septembrie 2011, Procente, 111.5
Extractia minereurilor metalifere, Luna octombrie 2011, Procente, 112.2
Extractia minereurilor metalifere, Luna noiembrie 2011, Procente, 79.1
Extractia minereurilor metalifere, Luna decembrie 2011, Procente, 75.5
Extractia minereurilor metalifere, Luna ianuarie 2012, Procente, 75.1
Extractia minereurilor metalifere, Luna februarie 2012, Procente, 63.8
Extractia minereurilor metalifere, Luna martie 2012, Procente, 81.5
Extractia minereurilor metalifere, Luna aprilie 2012, Procente, 78.3
Extractia minereurilor metalifere, Luna mai 2012, Procente, 124.9
Extractia minereurilor metalifere, Luna iunie 2012, Procente, 135.8
Extractia minereurilor metalifere, Luna iulie 2012, Procente, 135.4
Extractia minereurilor metalifere, Luna august 2012, Procente, 124.3
Extractia minereurilor metalifere, Luna septembrie 2012, Procente, 112.2
Extractia minereurilor metalifere, Luna octombrie 2012, Procente, 134.5
Extractia minereurilor metalifere, Luna noiembrie 2012, Procente, 147.9
Extractia minereurilor metalifere, Luna decembrie 2012, Procente, 112
Extractia minereurilor metalifere, Luna ianuarie 2013, Procente, 70.2
Extractia minereurilor metalifere, Luna februarie 2013, Procente, 90.4
Extractia minereurilor metalifere, Luna martie 2013, Procente, 103
Extractia minereurilor metalifere, Luna aprilie 2013, Procente, 90.6
Extractia minereurilor metalifere, Luna mai 2013, Procente, 93.5
Extractia minereurilor metalifere, Luna iunie 2013, Procente, 99.9
Extractia minereurilor metalifere, Luna iulie 2013, Procente, 105.6
Extractia minereurilor metalifere, Luna august 2013, Procente, 103.5
Extractia minereurilor metalifere, Luna septembrie 2013, Procente, 96.9
Extractia minereurilor metalifere, Luna octombrie 2013, Procente, 106.5
Extractia minereurilor metalifere, Luna noiembrie 2013, Procente, 58.8
Extractia minereurilor metalifere, Luna decembrie 2013, Procente, 85.2
Extractia minereurilor metalifere, Luna ianuarie 2014, Procente, 87.3
Extractia minereurilor metalifere, Luna februarie 2014, Procente, 96.4
Extractia minereurilor metalifere, Luna martie 2014, Procente, 103.6
Extractia minereurilor metalifere, Luna aprilie 2014, Procente, 91
Extractia minereurilor metalifere, Luna mai 2014, Procente, 96.5
Extractia minereurilor metalifere, Luna iunie 2014, Procente, 94.3
Extractia minereurilor metalifere, Luna iulie 2014, Procente, 110.9
Extractia minereurilor metalifere, Luna august 2014, Procente, 110.4
Extractia minereurilor metalifere, Luna septembrie 2014, Procente, 106.2
Extractia minereurilor metalifere, Luna octombrie 2014, Procente, 94.6
Extractia minereurilor metalifere, Luna noiembrie 2014, Procente, 91.7
Extractia minereurilor metalifere, Luna decembrie 2014, Procente, 89.6
Extractia minereurilor metalifere, Luna ianuarie 2015, Procente, 87.2
Extractia minereurilor metalifere, Luna februarie 2015, Procente, 126.7
Extractia minereurilor metalifere, Luna martie 2015, Procente, 128.3
Extractia minereurilor metalifere, Luna aprilie 2015, Procente, 97
Extractia minereurilor metalifere, Luna mai 2015, Procente, 127.2
Extractia minereurilor metalifere, Luna iunie 2015, Procente, 130.5
Extractia minereurilor metalifere, Luna iulie 2015, Procente, 96
Extractia minereurilor metalifere, Luna august 2015, Procente, 97.7
Extractia minereurilor metalifere, Luna septembrie 2015, Procente, 83.3
Extractia minereurilor metalifere, Luna octombrie 2015, Procente, 92.1
Extractia minereurilor metalifere, Luna noiembrie 2015, Procente, 96.6
Extractia minereurilor metalifere, Luna decembrie 2015, Procente, 66.1
Extractia minereurilor metalifere, Luna ianuarie 2016, Procente, 121.8
Extractia minereurilor metalifere, Luna februarie 2016, Procente, 148.1
Extractia minereurilor metalifere, Luna martie 2016, Procente, 160.4
Extractia minereurilor metalifere, Luna aprilie 2016, Procente, 120.2
Extractia minereurilor metalifere, Luna mai 2016, Procente, 125.9
Extractia minereurilor metalifere, Luna iunie 2016, Procente, 104
Extractia minereurilor metalifere, Luna iulie 2016, Procente, 87.5
Extractia minereurilor metalifere, Luna august 2016, Procente, 80.6
Extractia minereurilor metalifere, Luna septembrie 2016, Procente, 101.7
Extractia minereurilor metalifere, Luna octombrie 2016, Procente, 116.7
Extractia minereurilor metalifere, Luna noiembrie 2016, Procente, 106
Extractia minereurilor metalifere, Luna decembrie 2016, Procente, 96.2
Extractia minereurilor metalifere, Luna ianuarie 2017, Procente, 84.5
Extractia minereurilor metalifere, Luna februarie 2017, Procente, 92
Extractia minereurilor metalifere, Luna martie 2017, Procente, 94.5
Extractia minereurilor metalifere, Luna aprilie 2017, Procente, 64.7
Extractia minereurilor metalifere, Luna mai 2017, Procente, 74.4
Extractia minereurilor metalifere, Luna iunie 2017, Procente, 114.5
Extractia minereurilor metalifere, Luna iulie 2017, Procente, 127.3
Extractia minereurilor metalifere, Luna august 2017, Procente, 117.4
Extractia minereurilor metalifere, Luna septembrie 2017, Procente, 99.1
Extractia minereurilor metalifere, Luna octombrie 2017, Procente, 124.2
Extractia minereurilor metalifere, Luna noiembrie 2017, Procente, 104.3
Extractia minereurilor metalifere, Luna decembrie 2017, Procente, 79.7
Extractia minereurilor metalifere, Luna ianuarie 2018, Procente, 91.4
Extractia minereurilor metalifere, Luna februarie 2018, Procente, 95.6
Extractia minereurilor metalifere, Luna martie 2018, Procente, 116.5
Extractia minereurilor metalifere, Luna aprilie 2018, Procente, 98.8
Extractia minereurilor metalifere, Luna mai 2018, Procente, 97.8
Extractia minereurilor metalifere, Luna iunie 2018, Procente, 112.5
Extractia minereurilor metalifere, Luna iulie 2018, Procente, 116
Extractia minereurilor metalifere, Luna august 2018, Procente, 102.5
Extractia minereurilor metalifere, Luna septembrie 2018, Procente, 115.7
Extractia minereurilor metalifere, Luna octombrie 2018, Procente, 102.1
Extractia minereurilor metalifere, Luna noiembrie 2018, Procente, 92.4
Extractia minereurilor metalifere, Luna decembrie 2018, Procente, 41.6
Extractia minereurilor metalifere, Luna ianuarie 2019, Procente, 106.1
Extractia minereurilor metalifere, Luna februarie 2019, Procente, 97.6
Extractia minereurilor metalifere, Luna martie 2019, Procente, 104
Extractia minereurilor metalifere, Luna aprilie 2019, Procente, 78.3
Extractia minereurilor metalifere, Luna mai 2019, Procente, 88.7
Extractia minereurilor metalifere, Luna iunie 2019, Procente, 108.2
Extractia minereurilor metalifere, Luna iulie 2019, Procente, 121.5
Extractia minereurilor metalifere, Luna august 2019, Procente, 95.5
Extractia minereurilor metalifere, Luna septembrie 2019, Procente, 105.5
Extractia minereurilor metalifere, Luna octombrie 2019, Procente, 124.5
Extractia minereurilor metalifere, Luna noiembrie 2019, Procente, 134.1
Extractia minereurilor metalifere, Luna decembrie 2019, Procente, 75.2
Extractia minereurilor metalifere, Luna ianuarie 2020, Procente, 103.7
Extractia minereurilor metalifere, Luna februarie 2020, Procente, 110.5
Extractia minereurilor metalifere, Luna martie 2020, Procente, 97.5
Extractia minereurilor metalifere, Luna aprilie 2020, Procente, 64
Extractia minereurilor metalifere, Luna mai 2020, Procente, 79.3
Extractia minereurilor metalifere, Luna iunie 2020, Procente, 82.4
Extractia minereurilor metalifere, Luna iulie 2020, Procente, 86.8
Extractia minereurilor metalifere, Luna august 2020, Procente, 85.6
Extractia minereurilor metalifere, Luna septembrie 2020, Procente, 106.8
Extractia minereurilor metalifere, Luna octombrie 2020, Procente, 108.8
Extractia minereurilor metalifere, Luna noiembrie 2020, Procente, 96.8
Extractia minereurilor metalifere, Luna decembrie 2020, Procente, 92.5
Extractia minereurilor metalifere, Luna ianuarie 2021, Procente, 92.8
Extractia minereurilor metalifere, Luna februarie 2021, Procente, 89.6
Extractia minereurilor metalifere, Luna martie 2021, Procente, 102.5
Extractia minereurilor metalifere, Luna aprilie 2021, Procente, 101.9
Extractia minereurilor metalifere, Luna mai 2021, Procente, 116.3
Extractia minereurilor metalifere, Luna iunie 2021, Procente, 133.6
Extractia minereurilor metalifere, Luna iulie 2021, Procente, 95.5
Extractia minereurilor metalifere, Luna august 2021, Procente, 113.9
Extractia minereurilor metalifere, Luna septembrie 2021, Procente, 110.3
Extractia minereurilor metalifere, Luna octombrie 2021, Procente, 113.1
Extractia minereurilor metalifere, Luna noiembrie 2021, Procente, 92.6
Extractia minereurilor metalifere, Luna decembrie 2021, Procente, 37.9
Extractia minereurilor metalifere, Luna ianuarie 2022, Procente, 114.5
Extractia minereurilor metalifere, Luna februarie 2022, Procente, 94.3
Extractia minereurilor metalifere, Luna martie 2022, Procente, 101.5
Extractia minereurilor metalifere, Luna aprilie 2022, Procente, 109.9
Extractia minereurilor metalifere, Luna mai 2022, Procente, 107.2
Extractia minereurilor metalifere, Luna iunie 2022, Procente, 111.6
Extractia minereurilor metalifere, Luna iulie 2022, Procente, 130.5
Extractia minereurilor metalifere, Luna august 2022, Procente, 79.7
Extractia minereurilor metalifere, Luna septembrie 2022, Procente, 72.8
Extractia minereurilor metalifere, Luna octombrie 2022, Procente, 109.7
Extractia minereurilor metalifere, Luna noiembrie 2022, Procente, 113.1
Extractia minereurilor metalifere, Luna decembrie 2022, Procente, 85.4
Extractia minereurilor metalifere, Luna ianuarie 2023, Procente, 113.5
Extractia minereurilor metalifere, Luna februarie 2023, Procente, 99.3
Extractia minereurilor metalifere, Luna martie 2023, Procente, 104
Extractia minereurilor metalifere, Luna aprilie 2023, Procente, 93.6
Extractia minereurilor metalifere, Luna mai 2023, Procente, 78.9
Extractia minereurilor metalifere, Luna iunie 2023, Procente, 62.3
Extractia minereurilor metalifere, Luna iulie 2023, Procente, 106
Extractia minereurilor metalifere, Luna august 2023, Procente, 115.9
Extractia minereurilor metalifere, Luna septembrie 2023, Procente, 127.6
Extractia minereurilor metalifere, Luna octombrie 2023, Procente, 130.3
Extractia minereurilor metalifere, Luna noiembrie 2023, Procente, 121.3
Extractia minereurilor metalifere, Luna decembrie 2023, Procente, 90.7
Extractia minereurilor metalifere, Luna ianuarie 2024, Procente, 102.9
Extractia minereurilor metalifere, Luna februarie 2024, Procente, 105.2
Extractia minereurilor metalifere, Luna martie 2024, Procente, 105.2
Extractia minereurilor metalifere, Luna aprilie 2024, Procente, 79.2
Extractia minereurilor metalifere, Luna mai 2024, Procente, 123.7
Extractia minereurilor metalifere, Luna iunie 2024, Procente, 108.7
Extractia minereurilor metalifere, Luna iulie 2024, Procente, 113.2
Extractia minereurilor metalifere, Luna august 2024, Procente, 127.5
Extractia minereurilor metalifere, Luna septembrie 2024, Procente, 108.5
Extractia minereurilor metalifere, Luna octombrie 2024, Procente, 100.2
Extractia minereurilor metalifere, Luna noiembrie 2024, Procente, 94.8
Extractia minereurilor metalifere, Luna decembrie 2024, Procente, 70
Extractia minereurilor metalifere, Luna ianuarie 2025, Procente, 116.7
Extractia minereurilor metalifere, Luna februarie 2025, Procente, 126.7
Alte activitati extractive, Luna ianuarie 2005, Procente, 38.9
Alte activitati extractive, Luna februarie 2005, Procente, 40.3
Alte activitati extractive, Luna martie 2005, Procente, 69.6
Alte activitati extractive, Luna aprilie 2005, Procente, 81.9
Alte activitati extractive, Luna mai 2005, Procente, 91
Alte activitati extractive, Luna iunie 2005, Procente, 100.3
Alte activitati extractive, Luna iulie 2005, Procente, 100.4
Alte activitati extractive, Luna august 2005, Procente, 104.7
Alte activitati extractive, Luna septembrie 2005, Procente, 112.8
Alte activitati extractive, Luna octombrie 2005, Procente, 115.8
Alte activitati extractive, Luna noiembrie 2005, Procente, 115.6
Alte activitati extractive, Luna decembrie 2005, Procente, 82.5
Alte activitati extractive, Luna ianuarie 2006, Procente, 49.2
Alte activitati extractive, Luna februarie 2006, Procente, 51.3
Alte activitati extractive, Luna martie 2006, Procente, 82.9
Alte activitati extractive, Luna aprilie 2006, Procente, 100.5
Alte activitati extractive, Luna mai 2006, Procente, 126
Alte activitati extractive, Luna iunie 2006, Procente, 129
Alte activitati extractive, Luna iulie 2006, Procente, 129.4
Alte activitati extractive, Luna august 2006, Procente, 136.9
Alte activitati extractive, Luna septembrie 2006, Procente, 146.2
Alte activitati extractive, Luna octombrie 2006, Procente, 148.4
Alte activitati extractive, Luna noiembrie 2006, Procente, 149.9
Alte activitati extractive, Luna decembrie 2006, Procente, 110.9
Alte activitati extractive, Luna ianuarie 2007, Procente, 75
Alte activitati extractive, Luna februarie 2007, Procente, 76.7
Alte activitati extractive, Luna martie 2007, Procente, 129
Alte activitati extractive, Luna aprilie 2007, Procente, 121.2
Alte activitati extractive, Luna mai 2007, Procente, 154.5
Alte activitati extractive, Luna iunie 2007, Procente, 169.5
Alte activitati extractive, Luna iulie 2007, Procente, 153.8
Alte activitati extractive, Luna august 2007, Procente, 155.6
Alte activitati extractive, Luna septembrie 2007, Procente, 145.4
Alte activitati extractive, Luna octombrie 2007, Procente, 163.5
Alte activitati extractive, Luna noiembrie 2007, Procente, 149
Alte activitati extractive, Luna decembrie 2007, Procente, 114.5
Alte activitati extractive, Luna ianuarie 2008, Procente, 75.7
Alte activitati extractive, Luna februarie 2008, Procente, 94.6
Alte activitati extractive, Luna martie 2008, Procente, 148.5
Alte activitati extractive, Luna aprilie 2008, Procente, 163.4
Alte activitati extractive, Luna mai 2008, Procente, 161.7
Alte activitati extractive, Luna iunie 2008, Procente, 175.8
Alte activitati extractive, Luna iulie 2008, Procente, 172.9
Alte activitati extractive, Luna august 2008, Procente, 176.7
Alte activitati extractive, Luna septembrie 2008, Procente, 179.9
Alte activitati extractive, Luna octombrie 2008, Procente, 187.6
Alte activitati extractive, Luna noiembrie 2008, Procente, 162.1
Alte activitati extractive, Luna decembrie 2008, Procente, 102
Alte activitati extractive, Luna ianuarie 2009, Procente, 54
Alte activitati extractive, Luna februarie 2009, Procente, 64.3
Alte activitati extractive, Luna martie 2009, Procente, 70.6
Alte activitati extractive, Luna aprilie 2009, Procente, 89.3
Alte activitati extractive, Luna mai 2009, Procente, 106
Alte activitati extractive, Luna iunie 2009, Procente, 109.5
Alte activitati extractive, Luna iulie 2009, Procente, 126.7
Alte activitati extractive, Luna august 2009, Procente, 116
Alte activitati extractive, Luna septembrie 2009, Procente, 128.1
Alte activitati extractive, Luna octombrie 2009, Procente, 118.8
Alte activitati extractive, Luna noiembrie 2009, Procente, 105.3
Alte activitati extractive, Luna decembrie 2009, Procente, 66.7
Alte activitati extractive, Luna ianuarie 2010, Procente, 68.8
Alte activitati extractive, Luna februarie 2010, Procente, 77.7
Alte activitati extractive, Luna martie 2010, Procente, 71
Alte activitati extractive, Luna aprilie 2010, Procente, 69.6
Alte activitati extractive, Luna mai 2010, Procente, 75.9
Alte activitati extractive, Luna iunie 2010, Procente, 86.8
Alte activitati extractive, Luna iulie 2010, Procente, 80.3
Alte activitati extractive, Luna august 2010, Procente, 83.7
Alte activitati extractive, Luna septembrie 2010, Procente, 93.6
Alte activitati extractive, Luna octombrie 2010, Procente, 103.2
Alte activitati extractive, Luna noiembrie 2010, Procente, 102.6
Alte activitati extractive, Luna decembrie 2010, Procente, 82.5
Alte activitati extractive, Luna ianuarie 2011, Procente, 86.4
Alte activitati extractive, Luna februarie 2011, Procente, 70.7
Alte activitati extractive, Luna martie 2011, Procente, 76.3
Alte activitati extractive, Luna aprilie 2011, Procente, 83.5
Alte activitati extractive, Luna mai 2011, Procente, 87.7
Alte activitati extractive, Luna iunie 2011, Procente, 90.3
Alte activitati extractive, Luna iulie 2011, Procente, 90.2
Alte activitati extractive, Luna august 2011, Procente, 94.4
Alte activitati extractive, Luna septembrie 2011, Procente, 99.7
Alte activitati extractive, Luna octombrie 2011, Procente, 107.4
Alte activitati extractive, Luna noiembrie 2011, Procente, 106.3
Alte activitati extractive, Luna decembrie 2011, Procente, 78.6
Alte activitati extractive, Luna ianuarie 2012, Procente, 64.3
Alte activitati extractive, Luna februarie 2012, Procente, 69.1
Alte activitati extractive, Luna martie 2012, Procente, 68.2
Alte activitati extractive, Luna aprilie 2012, Procente, 77.8
Alte activitati extractive, Luna mai 2012, Procente, 93.6
Alte activitati extractive, Luna iunie 2012, Procente, 100.2
Alte activitati extractive, Luna iulie 2012, Procente, 98.3
Alte activitati extractive, Luna august 2012, Procente, 95.4
Alte activitati extractive, Luna septembrie 2012, Procente, 88.6
Alte activitati extractive, Luna octombrie 2012, Procente, 108.6
Alte activitati extractive, Luna noiembrie 2012, Procente, 98.7
Alte activitati extractive, Luna decembrie 2012, Procente, 70.8
Alte activitati extractive, Luna ianuarie 2013, Procente, 69.9
Alte activitati extractive, Luna februarie 2013, Procente, 58.9
Alte activitati extractive, Luna martie 2013, Procente, 63.9
Alte activitati extractive, Luna aprilie 2013, Procente, 90.3
Alte activitati extractive, Luna mai 2013, Procente, 87.3
Alte activitati extractive, Luna iunie 2013, Procente, 89.1
Alte activitati extractive, Luna iulie 2013, Procente, 99.8
Alte activitati extractive, Luna august 2013, Procente, 83.2
Alte activitati extractive, Luna septembrie 2013, Procente, 84.1
Alte activitati extractive, Luna octombrie 2013, Procente, 113.5
Alte activitati extractive, Luna noiembrie 2013, Procente, 124.7
Alte activitati extractive, Luna decembrie 2013, Procente, 71.5
Alte activitati extractive, Luna ianuarie 2014, Procente, 65.9
Alte activitati extractive, Luna februarie 2014, Procente, 60.7
Alte activitati extractive, Luna martie 2014, Procente, 77.5
Alte activitati extractive, Luna aprilie 2014, Procente, 77.9
Alte activitati extractive, Luna mai 2014, Procente, 81.9
Alte activitati extractive, Luna iunie 2014, Procente, 78.9
Alte activitati extractive, Luna iulie 2014, Procente, 92.3
Alte activitati extractive, Luna august 2014, Procente, 81.4
Alte activitati extractive, Luna septembrie 2014, Procente, 80.9
Alte activitati extractive, Luna octombrie 2014, Procente, 94.4
Alte activitati extractive, Luna noiembrie 2014, Procente, 100
Alte activitati extractive, Luna decembrie 2014, Procente, 83.7
Alte activitati extractive, Luna ianuarie 2015, Procente, 52.4
Alte activitati extractive, Luna februarie 2015, Procente, 65.2
Alte activitati extractive, Luna martie 2015, Procente, 84.7
Alte activitati extractive, Luna aprilie 2015, Procente, 94.9
Alte activitati extractive, Luna mai 2015, Procente, 96.8
Alte activitati extractive, Luna iunie 2015, Procente, 105.9
Alte activitati extractive, Luna iulie 2015, Procente, 102
Alte activitati extractive, Luna august 2015, Procente, 100.3
Alte activitati extractive, Luna septembrie 2015, Procente, 103.6
Alte activitati extractive, Luna octombrie 2015, Procente, 113.1
Alte activitati extractive, Luna noiembrie 2015, Procente, 100.4
Alte activitati extractive, Luna decembrie 2015, Procente, 78
Alte activitati extractive, Luna ianuarie 2016, Procente, 39
Alte activitati extractive, Luna februarie 2016, Procente, 61.1
Alte activitati extractive, Luna martie 2016, Procente, 105.1
Alte activitati extractive, Luna aprilie 2016, Procente, 104.1
Alte activitati extractive, Luna mai 2016, Procente, 98.6
Alte activitati extractive, Luna iunie 2016, Procente, 109.2
Alte activitati extractive, Luna iulie 2016, Procente, 100.6
Alte activitati extractive, Luna august 2016, Procente, 111
Alte activitati extractive, Luna septembrie 2016, Procente, 121.4
Alte activitati extractive, Luna octombrie 2016, Procente, 110.6
Alte activitati extractive, Luna noiembrie 2016, Procente, 109.7
Alte activitati extractive, Luna decembrie 2016, Procente, 69
Alte activitati extractive, Luna ianuarie 2017, Procente, 51.3
Alte activitati extractive, Luna februarie 2017, Procente, 63.7
Alte activitati extractive, Luna martie 2017, Procente, 89.3
Alte activitati extractive, Luna aprilie 2017, Procente, 102.2
Alte activitati extractive, Luna mai 2017, Procente, 125.2
Alte activitati extractive, Luna iunie 2017, Procente, 114.2
Alte activitati extractive, Luna iulie 2017, Procente, 110.6
Alte activitati extractive, Luna august 2017, Procente, 111.7
Alte activitati extractive, Luna septembrie 2017, Procente, 108.3
Alte activitati extractive, Luna octombrie 2017, Procente, 122
Alte activitati extractive, Luna noiembrie 2017, Procente, 111.8
Alte activitati extractive, Luna decembrie 2017, Procente, 108.8
Alte activitati extractive, Luna ianuarie 2018, Procente, 58.9
Alte activitati extractive, Luna februarie 2018, Procente, 68
Alte activitati extractive, Luna martie 2018, Procente, 87.6
Alte activitati extractive, Luna aprilie 2018, Procente, 82.8
Alte activitati extractive, Luna mai 2018, Procente, 105.8
Alte activitati extractive, Luna iunie 2018, Procente, 108.5
Alte activitati extractive, Luna iulie 2018, Procente, 110.4
Alte activitati extractive, Luna august 2018, Procente, 122.5
Alte activitati extractive, Luna septembrie 2018, Procente, 111.9
Alte activitati extractive, Luna octombrie 2018, Procente, 124.6
Alte activitati extractive, Luna noiembrie 2018, Procente, 109.5
Alte activitati extractive, Luna decembrie 2018, Procente, 77.6
Alte activitati extractive, Luna ianuarie 2019, Procente, 63.4
Alte activitati extractive, Luna februarie 2019, Procente, 76.6
Alte activitati extractive, Luna martie 2019, Procente, 105.3
Alte activitati extractive, Luna aprilie 2019, Procente, 117.5
Alte activitati extractive, Luna mai 2019, Procente, 112.4
Alte activitati extractive, Luna iunie 2019, Procente, 98.2
Alte activitati extractive, Luna iulie 2019, Procente, 114.3
Alte activitati extractive, Luna august 2019, Procente, 110
Alte activitati extractive, Luna septembrie 2019, Procente, 122.3
Alte activitati extractive, Luna octombrie 2019, Procente, 135.9
Alte activitati extractive, Luna noiembrie 2019, Procente, 120.6
Alte activitati extractive, Luna decembrie 2019, Procente, 93.5
Alte activitati extractive, Luna ianuarie 2020, Procente, 63.8
Alte activitati extractive, Luna februarie 2020, Procente, 67.4
Alte activitati extractive, Luna martie 2020, Procente, 99
Alte activitati extractive, Luna aprilie 2020, Procente, 95.8
Alte activitati extractive, Luna mai 2020, Procente, 103.2
Alte activitati extractive, Luna iunie 2020, Procente, 111.1
Alte activitati extractive, Luna iulie 2020, Procente, 128
Alte activitati extractive, Luna august 2020, Procente, 105.9
Alte activitati extractive, Luna septembrie 2020, Procente, 132.1
Alte activitati extractive, Luna octombrie 2020, Procente, 127
Alte activitati extractive, Luna noiembrie 2020, Procente, 108.6
Alte activitati extractive, Luna decembrie 2020, Procente, 85.6
Alte activitati extractive, Luna ianuarie 2021, Procente, 42.8
Alte activitati extractive, Luna februarie 2021, Procente, 64.9
Alte activitati extractive, Luna martie 2021, Procente, 88.1
Alte activitati extractive, Luna aprilie 2021, Procente, 111.7
Alte activitati extractive, Luna mai 2021, Procente, 111.2
Alte activitati extractive, Luna iunie 2021, Procente, 116.2
Alte activitati extractive, Luna iulie 2021, Procente, 106.5
Alte activitati extractive, Luna august 2021, Procente, 103.6
Alte activitati extractive, Luna septembrie 2021, Procente, 112.7
Alte activitati extractive, Luna octombrie 2021, Procente, 121.8
Alte activitati extractive, Luna noiembrie 2021, Procente, 119.2
Alte activitati extractive, Luna decembrie 2021, Procente, 101.5
Alte activitati extractive, Luna ianuarie 2022, Procente, 62.9
Alte activitati extractive, Luna februarie 2022, Procente, 77.9
Alte activitati extractive, Luna martie 2022, Procente, 92.8
Alte activitati extractive, Luna aprilie 2022, Procente, 90.8
Alte activitati extractive, Luna mai 2022, Procente, 97.4
Alte activitati extractive, Luna iunie 2022, Procente, 117.9
Alte activitati extractive, Luna iulie 2022, Procente, 111.8
Alte activitati extractive, Luna august 2022, Procente, 110.2
Alte activitati extractive, Luna septembrie 2022, Procente, 117.7
Alte activitati extractive, Luna octombrie 2022, Procente, 118.5
Alte activitati extractive, Luna noiembrie 2022, Procente, 125.6
Alte activitati extractive, Luna decembrie 2022, Procente, 101.3
Alte activitati extractive, Luna ianuarie 2023, Procente, 69.1
Alte activitati extractive, Luna februarie 2023, Procente, 73.1
Alte activitati extractive, Luna martie 2023, Procente, 90.1
Alte activitati extractive, Luna aprilie 2023, Procente, 85.5
Alte activitati extractive, Luna mai 2023, Procente, 117.8
Alte activitati extractive, Luna iunie 2023, Procente, 117.3
Alte activitati extractive, Luna iulie 2023, Procente, 98.6
Alte activitati extractive, Luna august 2023, Procente, 106.7
Alte activitati extractive, Luna septembrie 2023, Procente, 116.9
Alte activitati extractive, Luna octombrie 2023, Procente, 121.7
Alte activitati extractive, Luna noiembrie 2023, Procente, 121.4
Alte activitati extractive, Luna decembrie 2023, Procente, 91.8
Alte activitati extractive, Luna ianuarie 2024, Procente, 56.1
Alte activitati extractive, Luna februarie 2024, Procente, 87.1
Alte activitati extractive, Luna martie 2024, Procente, 102.7
Alte activitati extractive, Luna aprilie 2024, Procente, 126.2
Alte activitati extractive, Luna mai 2024, Procente, 122.1
Alte activitati extractive, Luna iunie 2024, Procente, 116.8
Alte activitati extractive, Luna iulie 2024, Procente, 124.4
Alte activitati extractive, Luna august 2024, Procente, 116.9
Alte activitati extractive, Luna septembrie 2024, Procente, 126.3
Alte activitati extractive, Luna octombrie 2024, Procente, 134.8
Alte activitati extractive, Luna noiembrie 2024, Procente, 117
Alte activitati extractive, Luna decembrie 2024, Procente, 91.5
Alte activitati extractive, Luna ianuarie 2025, Procente, 64
Alte activitati extractive, Luna februarie 2025, Procente, 77.2
Activitati de servicii anexe extractiei, Luna ianuarie 2005, Procente, 119.2
Activitati de servicii anexe extractiei, Luna februarie 2005, Procente, 102.2
Activitati de servicii anexe extractiei, Luna martie 2005, Procente, 110.5
Activitati de servicii anexe extractiei, Luna aprilie 2005, Procente, 103.5
Activitati de servicii anexe extractiei, Luna mai 2005, Procente, 121.8
Activitati de servicii anexe extractiei, Luna iunie 2005, Procente, 144.2
Activitati de servicii anexe extractiei, Luna iulie 2005, Procente, 153.5
Activitati de servicii anexe extractiei, Luna august 2005, Procente, 160.6
Activitati de servicii anexe extractiei, Luna septembrie 2005, Procente, 188.2
Activitati de servicii anexe extractiei, Luna octombrie 2005, Procente, 178.4
Activitati de servicii anexe extractiei, Luna noiembrie 2005, Procente, 180.6
Activitati de servicii anexe extractiei, Luna decembrie 2005, Procente, 196.1
Activitati de servicii anexe extractiei, Luna ianuarie 2006, Procente, 195.9
Activitati de servicii anexe extractiei, Luna februarie 2006, Procente, 136.4
Activitati de servicii anexe extractiei, Luna martie 2006, Procente, 134.8
Activitati de servicii anexe extractiei, Luna aprilie 2006, Procente, 166
Activitati de servicii anexe extractiei, Luna mai 2006, Procente, 148.1
Activitati de servicii anexe extractiei, Luna iunie 2006, Procente, 145.4
Activitati de servicii anexe extractiei, Luna iulie 2006, Procente, 173.6
Activitati de servicii anexe extractiei, Luna august 2006, Procente, 138.3
Activitati de servicii anexe extractiei, Luna septembrie 2006, Procente, 155.3
Activitati de servicii anexe extractiei, Luna octombrie 2006, Procente, 166
Activitati de servicii anexe extractiei, Luna noiembrie 2006, Procente, 173.7
Activitati de servicii anexe extractiei, Luna decembrie 2006, Procente, 150
Activitati de servicii anexe extractiei, Luna ianuarie 2007, Procente, 141.4
Activitati de servicii anexe extractiei, Luna februarie 2007, Procente, 155.2
Activitati de servicii anexe extractiei, Luna martie 2007, Procente, 162.4
Activitati de servicii anexe extractiei, Luna aprilie 2007, Procente, 129.4
Activitati de servicii anexe extractiei, Luna mai 2007, Procente, 151.8
Activitati de servicii anexe extractiei, Luna iunie 2007, Procente, 160.8
Activitati de servicii anexe extractiei, Luna iulie 2007, Procente, 115.8
Activitati de servicii anexe extractiei, Luna august 2007, Procente, 192.6
Activitati de servicii anexe extractiei, Luna septembrie 2007, Procente, 169.1
Activitati de servicii anexe extractiei, Luna octombrie 2007, Procente, 143.3
Activitati de servicii anexe extractiei, Luna noiembrie 2007, Procente, 168.8
Activitati de servicii anexe extractiei, Luna decembrie 2007, Procente, 215.4
Activitati de servicii anexe extractiei, Luna ianuarie 2008, Procente, 125.9
Activitati de servicii anexe extractiei, Luna februarie 2008, Procente, 105.1
Activitati de servicii anexe extractiei, Luna martie 2008, Procente, 163
Activitati de servicii anexe extractiei, Luna aprilie 2008, Procente, 138.3
Activitati de servicii anexe extractiei, Luna mai 2008, Procente, 184.6
Activitati de servicii anexe extractiei, Luna iunie 2008, Procente, 165
Activitati de servicii anexe extractiei, Luna iulie 2008, Procente, 181.6
Activitati de servicii anexe extractiei, Luna august 2008, Procente, 215.8
Activitati de servicii anexe extractiei, Luna septembrie 2008, Procente, 210.4
Activitati de servicii anexe extractiei, Luna octombrie 2008, Procente, 193.2
Activitati de servicii anexe extractiei, Luna noiembrie 2008, Procente, 221
Activitati de servicii anexe extractiei, Luna decembrie 2008, Procente, 229.9
Activitati de servicii anexe extractiei, Luna ianuarie 2009, Procente, 195.4
Activitati de servicii anexe extractiei, Luna februarie 2009, Procente, 145.2
Activitati de servicii anexe extractiei, Luna martie 2009, Procente, 201.2
Activitati de servicii anexe extractiei, Luna aprilie 2009, Procente, 133.1
Activitati de servicii anexe extractiei, Luna mai 2009, Procente, 151.1
Activitati de servicii anexe extractiei, Luna iunie 2009, Procente, 141
Activitati de servicii anexe extractiei, Luna iulie 2009, Procente, 163.8
Activitati de servicii anexe extractiei, Luna august 2009, Procente, 141.7
Activitati de servicii anexe extractiei, Luna septembrie 2009, Procente, 159.1
Activitati de servicii anexe extractiei, Luna octombrie 2009, Procente, 163.4
Activitati de servicii anexe extractiei, Luna noiembrie 2009, Procente, 164.7
Activitati de servicii anexe extractiei, Luna decembrie 2009, Procente, 152.3
Activitati de servicii anexe extractiei, Luna ianuarie 2010, Procente, 107.7
Activitati de servicii anexe extractiei, Luna februarie 2010, Procente, 115.9
Activitati de servicii anexe extractiei, Luna martie 2010, Procente, 104
Activitati de servicii anexe extractiei, Luna aprilie 2010, Procente, 115.8
Activitati de servicii anexe extractiei, Luna mai 2010, Procente, 105.1
Activitati de servicii anexe extractiei, Luna iunie 2010, Procente, 120.9
Activitati de servicii anexe extractiei, Luna iulie 2010, Procente, 141.5
Activitati de servicii anexe extractiei, Luna august 2010, Procente, 107.5
Activitati de servicii anexe extractiei, Luna septembrie 2010, Procente, 98.5
Activitati de servicii anexe extractiei, Luna octombrie 2010, Procente, 106.7
Activitati de servicii anexe extractiei, Luna noiembrie 2010, Procente, 122.6
Activitati de servicii anexe extractiei, Luna decembrie 2010, Procente, 156.6
Activitati de servicii anexe extractiei, Luna ianuarie 2011, Procente, 111.2
Activitati de servicii anexe extractiei, Luna februarie 2011, Procente, 138.5
Activitati de servicii anexe extractiei, Luna martie 2011, Procente, 128.5
Activitati de servicii anexe extractiei, Luna aprilie 2011, Procente, 146.8
Activitati de servicii anexe extractiei, Luna mai 2011, Procente, 128.9
Activitati de servicii anexe extractiei, Luna iunie 2011, Procente, 107
Activitati de servicii anexe extractiei, Luna iulie 2011, Procente, 105.1
Activitati de servicii anexe extractiei, Luna august 2011, Procente, 147.2
Activitati de servicii anexe extractiei, Luna septembrie 2011, Procente, 141.2
Activitati de servicii anexe extractiei, Luna octombrie 2011, Procente, 109.7
Activitati de servicii anexe extractiei, Luna noiembrie 2011, Procente, 109.2
Activitati de servicii anexe extractiei, Luna decembrie 2011, Procente, 136.5
Activitati de servicii anexe extractiei, Luna ianuarie 2012, Procente, 166.1
Activitati de servicii anexe extractiei, Luna februarie 2012, Procente, 99.4
Activitati de servicii anexe extractiei, Luna martie 2012, Procente, 185.4
Activitati de servicii anexe extractiei, Luna aprilie 2012, Procente, 164.8
Activitati de servicii anexe extractiei, Luna mai 2012, Procente, 169.2
Activitati de servicii anexe extractiei, Luna iunie 2012, Procente, 209.1
Activitati de servicii anexe extractiei, Luna iulie 2012, Procente, 206.7
Activitati de servicii anexe extractiei, Luna august 2012, Procente, 222.1
Activitati de servicii anexe extractiei, Luna septembrie 2012, Procente, 232.5
Activitati de servicii anexe extractiei, Luna octombrie 2012, Procente, 238.5
Activitati de servicii anexe extractiei, Luna noiembrie 2012, Procente, 229.5
Activitati de servicii anexe extractiei, Luna decembrie 2012, Procente, 249.8
Activitati de servicii anexe extractiei, Luna ianuarie 2013, Procente, 216.7
Activitati de servicii anexe extractiei, Luna februarie 2013, Procente, 224.4
Activitati de servicii anexe extractiei, Luna martie 2013, Procente, 207.7
Activitati de servicii anexe extractiei, Luna aprilie 2013, Procente, 246.2
Activitati de servicii anexe extractiei, Luna mai 2013, Procente, 234
Activitati de servicii anexe extractiei, Luna iunie 2013, Procente, 268.3
Activitati de servicii anexe extractiei, Luna iulie 2013, Procente, 232.2
Activitati de servicii anexe extractiei, Luna august 2013, Procente, 200
Activitati de servicii anexe extractiei, Luna septembrie 2013, Procente, 240.3
Activitati de servicii anexe extractiei, Luna octombrie 2013, Procente, 220.9
Activitati de servicii anexe extractiei, Luna noiembrie 2013, Procente, 234.5
Activitati de servicii anexe extractiei, Luna decembrie 2013, Procente, 262.9
Activitati de servicii anexe extractiei, Luna ianuarie 2014, Procente, 183.1
Activitati de servicii anexe extractiei, Luna februarie 2014, Procente, 215.6
Activitati de servicii anexe extractiei, Luna martie 2014, Procente, 242
Activitati de servicii anexe extractiei, Luna aprilie 2014, Procente, 244.5
Activitati de servicii anexe extractiei, Luna mai 2014, Procente, 278.4
Activitati de servicii anexe extractiei, Luna iunie 2014, Procente, 191.9
Activitati de servicii anexe extractiei, Luna iulie 2014, Procente, 260.6
Activitati de servicii anexe extractiei, Luna august 2014, Procente, 281.5
Activitati de servicii anexe extractiei, Luna septembrie 2014, Procente, 261.4
Activitati de servicii anexe extractiei, Luna octombrie 2014, Procente, 285.5
Activitati de servicii anexe extractiei, Luna noiembrie 2014, Procente, 230.1
Activitati de servicii anexe extractiei, Luna decembrie 2014, Procente, 294.1
Activitati de servicii anexe extractiei, Luna ianuarie 2015, Procente, 140.1
Activitati de servicii anexe extractiei, Luna februarie 2015, Procente, 174.4
Activitati de servicii anexe extractiei, Luna martie 2015, Procente, 218.7
Activitati de servicii anexe extractiei, Luna aprilie 2015, Procente, 175.2
Activitati de servicii anexe extractiei, Luna mai 2015, Procente, 201.9
Activitati de servicii anexe extractiei, Luna iunie 2015, Procente, 155.3
Activitati de servicii anexe extractiei, Luna iulie 2015, Procente, 126.8
Activitati de servicii anexe extractiei, Luna august 2015, Procente, 125.5
Activitati de servicii anexe extractiei, Luna septembrie 2015, Procente, 155.7
Activitati de servicii anexe extractiei, Luna octombrie 2015, Procente, 115.3
Activitati de servicii anexe extractiei, Luna noiembrie 2015, Procente, 108.9
Activitati de servicii anexe extractiei, Luna decembrie 2015, Procente, 134.3
Activitati de servicii anexe extractiei, Luna ianuarie 2016, Procente, 91.2
Activitati de servicii anexe extractiei, Luna februarie 2016, Procente, 83.6
Activitati de servicii anexe extractiei, Luna martie 2016, Procente, 96.1
Activitati de servicii anexe extractiei, Luna aprilie 2016, Procente, 90.2
Activitati de servicii anexe extractiei, Luna mai 2016, Procente, 93.6
Activitati de servicii anexe extractiei, Luna iunie 2016, Procente, 86.6
Activitati de servicii anexe extractiei, Luna iulie 2016, Procente, 99.6
Activitati de servicii anexe extractiei, Luna august 2016, Procente, 95
Activitati de servicii anexe extractiei, Luna septembrie 2016, Procente, 127
Activitati de servicii anexe extractiei, Luna octombrie 2016, Procente, 114.3
Activitati de servicii anexe extractiei, Luna noiembrie 2016, Procente, 117.9
Activitati de servicii anexe extractiei, Luna decembrie 2016, Procente, 126.9
Activitati de servicii anexe extractiei, Luna ianuarie 2017, Procente, 75.2
Activitati de servicii anexe extractiei, Luna februarie 2017, Procente, 114
Activitati de servicii anexe extractiei, Luna martie 2017, Procente, 101.5
Activitati de servicii anexe extractiei, Luna aprilie 2017, Procente, 120
Activitati de servicii anexe extractiei, Luna mai 2017, Procente, 159.5
Activitati de servicii anexe extractiei, Luna iunie 2017, Procente, 152.5
Activitati de servicii anexe extractiei, Luna iulie 2017, Procente, 138.2
Activitati de servicii anexe extractiei, Luna august 2017, Procente, 176.8
Activitati de servicii anexe extractiei, Luna septembrie 2017, Procente, 186.1
Activitati de servicii anexe extractiei, Luna octombrie 2017, Procente, 166.5
Activitati de servicii anexe extractiei, Luna noiembrie 2017, Procente, 153
Activitati de servicii anexe extractiei, Luna decembrie 2017, Procente, 169.8
Activitati de servicii anexe extractiei, Luna ianuarie 2018, Procente, 128.7
Activitati de servicii anexe extractiei, Luna februarie 2018, Procente, 148.6
Activitati de servicii anexe extractiei, Luna martie 2018, Procente, 140.5
Activitati de servicii anexe extractiei, Luna aprilie 2018, Procente, 134.7
Activitati de servicii anexe extractiei, Luna mai 2018, Procente, 160.4
Activitati de servicii anexe extractiei, Luna iunie 2018, Procente, 202.8
Activitati de servicii anexe extractiei, Luna iulie 2018, Procente, 162.6
Activitati de servicii anexe extractiei, Luna august 2018, Procente, 141.1
Activitati de servicii anexe extractiei, Luna septembrie 2018, Procente, 154.2
Activitati de servicii anexe extractiei, Luna octombrie 2018, Procente, 159.8
Activitati de servicii anexe extractiei, Luna noiembrie 2018, Procente, 179.4
Activitati de servicii anexe extractiei, Luna decembrie 2018, Procente, 159.8
Activitati de servicii anexe extractiei, Luna ianuarie 2019, Procente, 120
Activitati de servicii anexe extractiei, Luna februarie 2019, Procente, 131.8
Activitati de servicii anexe extractiei, Luna martie 2019, Procente, 142.2
Activitati de servicii anexe extractiei, Luna aprilie 2019, Procente, 153.3
Activitati de servicii anexe extractiei, Luna mai 2019, Procente, 137.9
Activitati de servicii anexe extractiei, Luna iunie 2019, Procente, 165.9
Activitati de servicii anexe extractiei, Luna iulie 2019, Procente, 119.1
Activitati de servicii anexe extractiei, Luna august 2019, Procente, 106.9
Activitati de servicii anexe extractiei, Luna septembrie 2019, Procente, 147.1
Activitati de servicii anexe extractiei, Luna octombrie 2019, Procente, 142.3
Activitati de servicii anexe extractiei, Luna noiembrie 2019, Procente, 124.7
Activitati de servicii anexe extractiei, Luna decembrie 2019, Procente, 123
Activitati de servicii anexe extractiei, Luna ianuarie 2020, Procente, 121.8
Activitati de servicii anexe extractiei, Luna februarie 2020, Procente, 147.8
Activitati de servicii anexe extractiei, Luna martie 2020, Procente, 118.1
Activitati de servicii anexe extractiei, Luna aprilie 2020, Procente, 82.4
Activitati de servicii anexe extractiei, Luna mai 2020, Procente, 101.7
Activitati de servicii anexe extractiei, Luna iunie 2020, Procente, 92.1
Activitati de servicii anexe extractiei, Luna iulie 2020, Procente, 105.5
Activitati de servicii anexe extractiei, Luna august 2020, Procente, 105.1
Activitati de servicii anexe extractiei, Luna septembrie 2020, Procente, 105.8
Activitati de servicii anexe extractiei, Luna octombrie 2020, Procente, 93.6
Activitati de servicii anexe extractiei, Luna noiembrie 2020, Procente, 94.5
Activitati de servicii anexe extractiei, Luna decembrie 2020, Procente, 144.5
Activitati de servicii anexe extractiei, Luna ianuarie 2021, Procente, 128.6
Activitati de servicii anexe extractiei, Luna februarie 2021, Procente, 116.3
Activitati de servicii anexe extractiei, Luna martie 2021, Procente, 106.8
Activitati de servicii anexe extractiei, Luna aprilie 2021, Procente, 121.5
Activitati de servicii anexe extractiei, Luna mai 2021, Procente, 82.3
Activitati de servicii anexe extractiei, Luna iunie 2021, Procente, 81.1
Activitati de servicii anexe extractiei, Luna iulie 2021, Procente, 79.2
Activitati de servicii anexe extractiei, Luna august 2021, Procente, 78
Activitati de servicii anexe extractiei, Luna septembrie 2021, Procente, 84.2
Activitati de servicii anexe extractiei, Luna octombrie 2021, Procente, 80.6
Activitati de servicii anexe extractiei, Luna noiembrie 2021, Procente, 121.2
Activitati de servicii anexe extractiei, Luna decembrie 2021, Procente, 120.2
Activitati de servicii anexe extractiei, Luna ianuarie 2022, Procente, 97.7
Activitati de servicii anexe extractiei, Luna februarie 2022, Procente, 95.9
Activitati de servicii anexe extractiei, Luna martie 2022, Procente, 83.1
Activitati de servicii anexe extractiei, Luna aprilie 2022, Procente, 88.2
Activitati de servicii anexe extractiei, Luna mai 2022, Procente, 85
Activitati de servicii anexe extractiei, Luna iunie 2022, Procente, 68.2
Activitati de servicii anexe extractiei, Luna iulie 2022, Procente, 69.5
Activitati de servicii anexe extractiei, Luna august 2022, Procente, 70.6
Activitati de servicii anexe extractiei, Luna septembrie 2022, Procente, 78
Activitati de servicii anexe extractiei, Luna octombrie 2022, Procente, 82.6
Activitati de servicii anexe extractiei, Luna noiembrie 2022, Procente, 104
Activitati de servicii anexe extractiei, Luna decembrie 2022, Procente, 107.3
Activitati de servicii anexe extractiei, Luna ianuarie 2023, Procente, 74.5
Activitati de servicii anexe extractiei, Luna februarie 2023, Procente, 84.4
Activitati de servicii anexe extractiei, Luna martie 2023, Procente, 93.8
Activitati de servicii anexe extractiei, Luna aprilie 2023, Procente, 78.6
Activitati de servicii anexe extractiei, Luna mai 2023, Procente, 85.1
Activitati de servicii anexe extractiei, Luna iunie 2023, Procente, 85.6
Activitati de servicii anexe extractiei, Luna iulie 2023, Procente, 86.5
Activitati de servicii anexe extractiei, Luna august 2023, Procente, 74.9
Activitati de servicii anexe extractiei, Luna septembrie 2023, Procente, 89.3
Activitati de servicii anexe extractiei, Luna octombrie 2023, Procente, 75.5
Activitati de servicii anexe extractiei, Luna noiembrie 2023, Procente, 69.2
Activitati de servicii anexe extractiei, Luna decembrie 2023, Procente, 73.6
Activitati de servicii anexe extractiei, Luna ianuarie 2024, Procente, 51.3
Activitati de servicii anexe extractiei, Luna februarie 2024, Procente, 61
Activitati de servicii anexe extractiei, Luna martie 2024, Procente, 64.6
Activitati de servicii anexe extractiei, Luna aprilie 2024, Procente, 57.9
Activitati de servicii anexe extractiei, Luna mai 2024, Procente, 42.8
Activitati de servicii anexe extractiei, Luna iunie 2024, Procente, 52
Activitati de servicii anexe extractiei, Luna iulie 2024, Procente, 51.7
Activitati de servicii anexe extractiei, Luna august 2024, Procente, 51.6
Activitati de servicii anexe extractiei, Luna septembrie 2024, Procente, 64.8
Activitati de servicii anexe extractiei, Luna octombrie 2024, Procente, 64.5
Activitati de servicii anexe extractiei, Luna noiembrie 2024, Procente, 66.1
Activitati de servicii anexe extractiei, Luna decembrie 2024, Procente, 77.5
Activitati de servicii anexe extractiei, Luna ianuarie 2025, Procente, 43.8
Activitati de servicii anexe extractiei, Luna februarie 2025, Procente, 49.6
INDUSTRIA PRELUCRATOARE, Luna ianuarie 2005, Procente, 45.2
INDUSTRIA PRELUCRATOARE, Luna februarie 2005, Procente, 46.9
INDUSTRIA PRELUCRATOARE, Luna martie 2005, Procente, 54.1
INDUSTRIA PRELUCRATOARE, Luna aprilie 2005, Procente, 52.6
INDUSTRIA PRELUCRATOARE, Luna mai 2005, Procente, 50.9
INDUSTRIA PRELUCRATOARE, Luna iunie 2005, Procente, 54.6
INDUSTRIA PRELUCRATOARE, Luna iulie 2005, Procente, 51.1
INDUSTRIA PRELUCRATOARE, Luna august 2005, Procente, 49.6
INDUSTRIA PRELUCRATOARE, Luna septembrie 2005, Procente, 56.3
INDUSTRIA PRELUCRATOARE, Luna octombrie 2005, Procente, 54.8
INDUSTRIA PRELUCRATOARE, Luna noiembrie 2005, Procente, 57
INDUSTRIA PRELUCRATOARE, Luna decembrie 2005, Procente, 49.2
INDUSTRIA PRELUCRATOARE, Luna ianuarie 2006, Procente, 48.6
INDUSTRIA PRELUCRATOARE, Luna februarie 2006, Procente, 51.9
INDUSTRIA PRELUCRATOARE, Luna martie 2006, Procente, 59.8
INDUSTRIA PRELUCRATOARE, Luna aprilie 2006, Procente, 54.1
INDUSTRIA PRELUCRATOARE, Luna mai 2006, Procente, 61.4
INDUSTRIA PRELUCRATOARE, Luna iunie 2006, Procente, 62.6
INDUSTRIA PRELUCRATOARE, Luna iulie 2006, Procente, 58.3
INDUSTRIA PRELUCRATOARE, Luna august 2006, Procente, 55.1
INDUSTRIA PRELUCRATOARE, Luna septembrie 2006, Procente, 63.7
INDUSTRIA PRELUCRATOARE, Luna octombrie 2006, Procente, 65.7
INDUSTRIA PRELUCRATOARE, Luna noiembrie 2006, Procente, 64.8
INDUSTRIA PRELUCRATOARE, Luna decembrie 2006, Procente, 54.1
INDUSTRIA PRELUCRATOARE, Luna ianuarie 2007, Procente, 56.3
INDUSTRIA PRELUCRATOARE, Luna februarie 2007, Procente, 60.9
INDUSTRIA PRELUCRATOARE, Luna martie 2007, Procente, 70.7
INDUSTRIA PRELUCRATOARE, Luna aprilie 2007, Procente, 61.1
INDUSTRIA PRELUCRATOARE, Luna mai 2007, Procente, 69.5
INDUSTRIA PRELUCRATOARE, Luna iunie 2007, Procente, 67.7
INDUSTRIA PRELUCRATOARE, Luna iulie 2007, Procente, 67
INDUSTRIA PRELUCRATOARE, Luna august 2007, Procente, 60.9
INDUSTRIA PRELUCRATOARE, Luna septembrie 2007, Procente, 66.2
INDUSTRIA PRELUCRATOARE, Luna octombrie 2007, Procente, 73.8
INDUSTRIA PRELUCRATOARE, Luna noiembrie 2007, Procente, 71.8
INDUSTRIA PRELUCRATOARE, Luna decembrie 2007, Procente, 58.9
INDUSTRIA PRELUCRATOARE, Luna ianuarie 2008, Procente, 62.1
INDUSTRIA PRELUCRATOARE, Luna februarie 2008, Procente, 69.3
INDUSTRIA PRELUCRATOARE, Luna martie 2008, Procente, 70.6
INDUSTRIA PRELUCRATOARE, Luna aprilie 2008, Procente, 68.4
INDUSTRIA PRELUCRATOARE, Luna mai 2008, Procente, 73.6
INDUSTRIA PRELUCRATOARE, Luna iunie 2008, Procente, 71.9
INDUSTRIA PRELUCRATOARE, Luna iulie 2008, Procente, 72.1
INDUSTRIA PRELUCRATOARE, Luna august 2008, Procente, 60.1
INDUSTRIA PRELUCRATOARE, Luna septembrie 2008, Procente, 72.6
INDUSTRIA PRELUCRATOARE, Luna octombrie 2008, Procente, 74.2
INDUSTRIA PRELUCRATOARE, Luna noiembrie 2008, Procente, 64.3
INDUSTRIA PRELUCRATOARE, Luna decembrie 2008, Procente, 50.3
INDUSTRIA PRELUCRATOARE, Luna ianuarie 2009, Procente, 49.8
INDUSTRIA PRELUCRATOARE, Luna februarie 2009, Procente, 57.7
INDUSTRIA PRELUCRATOARE, Luna martie 2009, Procente, 63.7
INDUSTRIA PRELUCRATOARE, Luna aprilie 2009, Procente, 61.4
INDUSTRIA PRELUCRATOARE, Luna mai 2009, Procente, 65.4
INDUSTRIA PRELUCRATOARE, Luna iunie 2009, Procente, 68.5
INDUSTRIA PRELUCRATOARE, Luna iulie 2009, Procente, 68.6
INDUSTRIA PRELUCRATOARE, Luna august 2009, Procente, 55.6
INDUSTRIA PRELUCRATOARE, Luna septembrie 2009, Procente, 69.5
INDUSTRIA PRELUCRATOARE, Luna octombrie 2009, Procente, 71.8
INDUSTRIA PRELUCRATOARE, Luna noiembrie 2009, Procente, 68
INDUSTRIA PRELUCRATOARE, Luna decembrie 2009, Procente, 56.8
INDUSTRIA PRELUCRATOARE, Luna ianuarie 2010, Procente, 54.4
INDUSTRIA PRELUCRATOARE, Luna februarie 2010, Procente, 58.6
INDUSTRIA PRELUCRATOARE, Luna martie 2010, Procente, 69.1
INDUSTRIA PRELUCRATOARE, Luna aprilie 2010, Procente, 64.4
INDUSTRIA PRELUCRATOARE, Luna mai 2010, Procente, 67.3
INDUSTRIA PRELUCRATOARE, Luna iunie 2010, Procente, 71.9
INDUSTRIA PRELUCRATOARE, Luna iulie 2010, Procente, 69.9
INDUSTRIA PRELUCRATOARE, Luna august 2010, Procente, 56.3
INDUSTRIA PRELUCRATOARE, Luna septembrie 2010, Procente, 74.1
INDUSTRIA PRELUCRATOARE, Luna octombrie 2010, Procente, 74.8
INDUSTRIA PRELUCRATOARE, Luna noiembrie 2010, Procente, 75.5
INDUSTRIA PRELUCRATOARE, Luna decembrie 2010, Procente, 65.6
INDUSTRIA PRELUCRATOARE, Luna ianuarie 2011, Procente, 63.2
INDUSTRIA PRELUCRATOARE, Luna februarie 2011, Procente, 67.6
INDUSTRIA PRELUCRATOARE, Luna martie 2011, Procente, 77.8
INDUSTRIA PRELUCRATOARE, Luna aprilie 2011, Procente, 68.3
INDUSTRIA PRELUCRATOARE, Luna mai 2011, Procente, 75.5
INDUSTRIA PRELUCRATOARE, Luna iunie 2011, Procente, 73.9
INDUSTRIA PRELUCRATOARE, Luna iulie 2011, Procente, 73
INDUSTRIA PRELUCRATOARE, Luna august 2011, Procente, 66.2
INDUSTRIA PRELUCRATOARE, Luna septembrie 2011, Procente, 78.6
INDUSTRIA PRELUCRATOARE, Luna octombrie 2011, Procente, 77.9
INDUSTRIA PRELUCRATOARE, Luna noiembrie 2011, Procente, 79.4
INDUSTRIA PRELUCRATOARE, Luna decembrie 2011, Procente, 64.5
INDUSTRIA PRELUCRATOARE, Luna ianuarie 2012, Procente, 66.2
INDUSTRIA PRELUCRATOARE, Luna februarie 2012, Procente, 68
INDUSTRIA PRELUCRATOARE, Luna martie 2012, Procente, 77.7
INDUSTRIA PRELUCRATOARE, Luna aprilie 2012, Procente, 68.8
INDUSTRIA PRELUCRATOARE, Luna mai 2012, Procente, 79.5
INDUSTRIA PRELUCRATOARE, Luna iunie 2012, Procente, 74.8
INDUSTRIA PRELUCRATOARE, Luna iulie 2012, Procente, 75.6
INDUSTRIA PRELUCRATOARE, Luna august 2012, Procente, 67
INDUSTRIA PRELUCRATOARE, Luna septembrie 2012, Procente, 77.7
INDUSTRIA PRELUCRATOARE, Luna octombrie 2012, Procente, 83.3
INDUSTRIA PRELUCRATOARE, Luna noiembrie 2012, Procente, 81.5
INDUSTRIA PRELUCRATOARE, Luna decembrie 2012, Procente, 65.2
INDUSTRIA PRELUCRATOARE, Luna ianuarie 2013, Procente, 70.6
INDUSTRIA PRELUCRATOARE, Luna februarie 2013, Procente, 75
INDUSTRIA PRELUCRATOARE, Luna martie 2013, Procente, 79.2
INDUSTRIA PRELUCRATOARE, Luna aprilie 2013, Procente, 84.7
INDUSTRIA PRELUCRATOARE, Luna mai 2013, Procente, 78.8
INDUSTRIA PRELUCRATOARE, Luna iunie 2013, Procente, 79.7
INDUSTRIA PRELUCRATOARE, Luna iulie 2013, Procente, 85.8
INDUSTRIA PRELUCRATOARE, Luna august 2013, Procente, 70.4
INDUSTRIA PRELUCRATOARE, Luna septembrie 2013, Procente, 86.8
INDUSTRIA PRELUCRATOARE, Luna octombrie 2013, Procente, 93.1
INDUSTRIA PRELUCRATOARE, Luna noiembrie 2013, Procente, 89.8
INDUSTRIA PRELUCRATOARE, Luna decembrie 2013, Procente, 72.9
INDUSTRIA PRELUCRATOARE, Luna ianuarie 2014, Procente, 79.1
INDUSTRIA PRELUCRATOARE, Luna februarie 2014, Procente, 82.7
INDUSTRIA PRELUCRATOARE, Luna martie 2014, Procente, 89.4
INDUSTRIA PRELUCRATOARE, Luna aprilie 2014, Procente, 86.9
INDUSTRIA PRELUCRATOARE, Luna mai 2014, Procente, 90.1
INDUSTRIA PRELUCRATOARE, Luna iunie 2014, Procente, 89.9
INDUSTRIA PRELUCRATOARE, Luna iulie 2014, Procente, 91.5
INDUSTRIA PRELUCRATOARE, Luna august 2014, Procente, 70.7
INDUSTRIA PRELUCRATOARE, Luna septembrie 2014, Procente, 93.6
INDUSTRIA PRELUCRATOARE, Luna octombrie 2014, Procente, 97.8
INDUSTRIA PRELUCRATOARE, Luna noiembrie 2014, Procente, 90.8
INDUSTRIA PRELUCRATOARE, Luna decembrie 2014, Procente, 76.2
INDUSTRIA PRELUCRATOARE, Luna ianuarie 2015, Procente, 78.7
INDUSTRIA PRELUCRATOARE, Luna februarie 2015, Procente, 83.7
INDUSTRIA PRELUCRATOARE, Luna martie 2015, Procente, 92.8
INDUSTRIA PRELUCRATOARE, Luna aprilie 2015, Procente, 87.2
INDUSTRIA PRELUCRATOARE, Luna mai 2015, Procente, 90.6
INDUSTRIA PRELUCRATOARE, Luna iunie 2015, Procente, 94.1
INDUSTRIA PRELUCRATOARE, Luna iulie 2015, Procente, 96.4
INDUSTRIA PRELUCRATOARE, Luna august 2015, Procente, 80.5
INDUSTRIA PRELUCRATOARE, Luna septembrie 2015, Procente, 97.3
INDUSTRIA PRELUCRATOARE, Luna octombrie 2015, Procente, 98.6
INDUSTRIA PRELUCRATOARE, Luna noiembrie 2015, Procente, 94
INDUSTRIA PRELUCRATOARE, Luna decembrie 2015, Procente, 81.3
INDUSTRIA PRELUCRATOARE, Luna ianuarie 2016, Procente, 79.8
INDUSTRIA PRELUCRATOARE, Luna februarie 2016, Procente, 90.2
INDUSTRIA PRELUCRATOARE, Luna martie 2016, Procente, 99.9
INDUSTRIA PRELUCRATOARE, Luna aprilie 2016, Procente, 97.9
INDUSTRIA PRELUCRATOARE, Luna mai 2016, Procente, 95.2
INDUSTRIA PRELUCRATOARE, Luna iunie 2016, Procente, 98.3
INDUSTRIA PRELUCRATOARE, Luna iulie 2016, Procente, 94.5
INDUSTRIA PRELUCRATOARE, Luna august 2016, Procente, 87.2
INDUSTRIA PRELUCRATOARE, Luna septembrie 2016, Procente, 101.1
INDUSTRIA PRELUCRATOARE, Luna octombrie 2016, Procente, 100
INDUSTRIA PRELUCRATOARE, Luna noiembrie 2016, Procente, 100.2
INDUSTRIA PRELUCRATOARE, Luna decembrie 2016, Procente, 82.2
INDUSTRIA PRELUCRATOARE, Luna ianuarie 2017, Procente, 84.3
INDUSTRIA PRELUCRATOARE, Luna februarie 2017, Procente, 93.5
INDUSTRIA PRELUCRATOARE, Luna martie 2017, Procente, 111.5
INDUSTRIA PRELUCRATOARE, Luna aprilie 2017, Procente, 95.2
INDUSTRIA PRELUCRATOARE, Luna mai 2017, Procente, 110.8
INDUSTRIA PRELUCRATOARE, Luna iunie 2017, Procente, 105.6
INDUSTRIA PRELUCRATOARE, Luna iulie 2017, Procente, 102.3
INDUSTRIA PRELUCRATOARE, Luna august 2017, Procente, 94.5
INDUSTRIA PRELUCRATOARE, Luna septembrie 2017, Procente, 108.2
INDUSTRIA PRELUCRATOARE, Luna octombrie 2017, Procente, 112.7
INDUSTRIA PRELUCRATOARE, Luna noiembrie 2017, Procente, 111.2
INDUSTRIA PRELUCRATOARE, Luna decembrie 2017, Procente, 91.3
INDUSTRIA PRELUCRATOARE, Luna ianuarie 2018, Procente, 94.9
INDUSTRIA PRELUCRATOARE, Luna februarie 2018, Procente, 100
INDUSTRIA PRELUCRATOARE, Luna martie 2018, Procente, 111.5
INDUSTRIA PRELUCRATOARE, Luna aprilie 2018, Procente, 101.1
INDUSTRIA PRELUCRATOARE, Luna mai 2018, Procente, 112.9
INDUSTRIA PRELUCRATOARE, Luna iunie 2018, Procente, 112.3
INDUSTRIA PRELUCRATOARE, Luna iulie 2018, Procente, 110.6
INDUSTRIA PRELUCRATOARE, Luna august 2018, Procente, 98.4
INDUSTRIA PRELUCRATOARE, Luna septembrie 2018, Procente, 109.3
INDUSTRIA PRELUCRATOARE, Luna octombrie 2018, Procente, 117.5
INDUSTRIA PRELUCRATOARE, Luna noiembrie 2018, Procente, 114.5
INDUSTRIA PRELUCRATOARE, Luna decembrie 2018, Procente, 90.7
INDUSTRIA PRELUCRATOARE, Luna ianuarie 2019, Procente, 94.3
INDUSTRIA PRELUCRATOARE, Luna februarie 2019, Procente, 103.1
INDUSTRIA PRELUCRATOARE, Luna martie 2019, Procente, 112.8
INDUSTRIA PRELUCRATOARE, Luna aprilie 2019, Procente, 102.7
INDUSTRIA PRELUCRATOARE, Luna mai 2019, Procente, 112.7
INDUSTRIA PRELUCRATOARE, Luna iunie 2019, Procente, 104
INDUSTRIA PRELUCRATOARE, Luna iulie 2019, Procente, 107.9
INDUSTRIA PRELUCRATOARE, Luna august 2019, Procente, 92.3
INDUSTRIA PRELUCRATOARE, Luna septembrie 2019, Procente, 108.3
INDUSTRIA PRELUCRATOARE, Luna octombrie 2019, Procente, 113.4
INDUSTRIA PRELUCRATOARE, Luna noiembrie 2019, Procente, 109.1
INDUSTRIA PRELUCRATOARE, Luna decembrie 2019, Procente, 88.7
INDUSTRIA PRELUCRATOARE, Luna ianuarie 2020, Procente, 93.1
INDUSTRIA PRELUCRATOARE, Luna februarie 2020, Procente, 101.1
INDUSTRIA PRELUCRATOARE, Luna martie 2020, Procente, 96.6
INDUSTRIA PRELUCRATOARE, Luna aprilie 2020, Procente, 56.6
INDUSTRIA PRELUCRATOARE, Luna mai 2020, Procente, 74.8
INDUSTRIA PRELUCRATOARE, Luna iunie 2020, Procente, 93
INDUSTRIA PRELUCRATOARE, Luna iulie 2020, Procente, 100.5
INDUSTRIA PRELUCRATOARE, Luna august 2020, Procente, 88.5
INDUSTRIA PRELUCRATOARE, Luna septembrie 2020, Procente, 109
INDUSTRIA PRELUCRATOARE, Luna octombrie 2020, Procente, 112.3
INDUSTRIA PRELUCRATOARE, Luna noiembrie 2020, Procente, 105
INDUSTRIA PRELUCRATOARE, Luna decembrie 2020, Procente, 91.2
INDUSTRIA PRELUCRATOARE, Luna ianuarie 2021, Procente, 89.4
INDUSTRIA PRELUCRATOARE, Luna februarie 2021, Procente, 95
INDUSTRIA PRELUCRATOARE, Luna martie 2021, Procente, 108.5
INDUSTRIA PRELUCRATOARE, Luna aprilie 2021, Procente, 104
INDUSTRIA PRELUCRATOARE, Luna mai 2021, Procente, 99
INDUSTRIA PRELUCRATOARE, Luna iunie 2021, Procente, 103.5
INDUSTRIA PRELUCRATOARE, Luna iulie 2021, Procente, 102.3
INDUSTRIA PRELUCRATOARE, Luna august 2021, Procente, 91.9
INDUSTRIA PRELUCRATOARE, Luna septembrie 2021, Procente, 103.9
INDUSTRIA PRELUCRATOARE, Luna octombrie 2021, Procente, 100.7
INDUSTRIA PRELUCRATOARE, Luna noiembrie 2021, Procente, 106.3
INDUSTRIA PRELUCRATOARE, Luna decembrie 2021, Procente, 95.5
INDUSTRIA PRELUCRATOARE, Luna ianuarie 2022, Procente, 92.6
INDUSTRIA PRELUCRATOARE, Luna februarie 2022, Procente, 99.8
INDUSTRIA PRELUCRATOARE, Luna martie 2022, Procente, 113.6
INDUSTRIA PRELUCRATOARE, Luna aprilie 2022, Procente, 99.9
INDUSTRIA PRELUCRATOARE, Luna mai 2022, Procente, 110.4
INDUSTRIA PRELUCRATOARE, Luna iunie 2022, Procente, 104.9
INDUSTRIA PRELUCRATOARE, Luna iulie 2022, Procente, 103.6
INDUSTRIA PRELUCRATOARE, Luna august 2022, Procente, 93.3
INDUSTRIA PRELUCRATOARE, Luna septembrie 2022, Procente, 107.6
INDUSTRIA PRELUCRATOARE, Luna octombrie 2022, Procente, 105.1
INDUSTRIA PRELUCRATOARE, Luna noiembrie 2022, Procente, 106.4
INDUSTRIA PRELUCRATOARE, Luna decembrie 2022, Procente, 86.5
INDUSTRIA PRELUCRATOARE, Luna ianuarie 2023, Procente, 89
INDUSTRIA PRELUCRATOARE, Luna februarie 2023, Procente, 97.4
INDUSTRIA PRELUCRATOARE, Luna martie 2023, Procente, 112.4
INDUSTRIA PRELUCRATOARE, Luna aprilie 2023, Procente, 91.7
INDUSTRIA PRELUCRATOARE, Luna mai 2023, Procente, 109.2
INDUSTRIA PRELUCRATOARE, Luna iunie 2023, Procente, 102.6
INDUSTRIA PRELUCRATOARE, Luna iulie 2023, Procente, 100.6
INDUSTRIA PRELUCRATOARE, Luna august 2023, Procente, 90.6
INDUSTRIA PRELUCRATOARE, Luna septembrie 2023, Procente, 106.1
INDUSTRIA PRELUCRATOARE, Luna octombrie 2023, Procente, 106.3
INDUSTRIA PRELUCRATOARE, Luna noiembrie 2023, Procente, 103.8
INDUSTRIA PRELUCRATOARE, Luna decembrie 2023, Procente, 83.7
INDUSTRIA PRELUCRATOARE, Luna ianuarie 2024, Procente, 85.3
INDUSTRIA PRELUCRATOARE, Luna februarie 2024, Procente, 98.1
INDUSTRIA PRELUCRATOARE, Luna martie 2024, Procente, 107.3
INDUSTRIA PRELUCRATOARE, Luna aprilie 2024, Procente, 107.1
INDUSTRIA PRELUCRATOARE, Luna mai 2024, Procente, 96.6
INDUSTRIA PRELUCRATOARE, Luna iunie 2024, Procente, 98.7
INDUSTRIA PRELUCRATOARE, Luna iulie 2024, Procente, 101
INDUSTRIA PRELUCRATOARE, Luna august 2024, Procente, 86.6
INDUSTRIA PRELUCRATOARE, Luna septembrie 2024, Procente, 102.1
INDUSTRIA PRELUCRATOARE, Luna octombrie 2024, Procente, 108.2
INDUSTRIA PRELUCRATOARE, Luna noiembrie 2024, Procente, 103.5
INDUSTRIA PRELUCRATOARE, Luna decembrie 2024, Procente, 85.4
INDUSTRIA PRELUCRATOARE, Luna ianuarie 2025, Procente, 83.4
INDUSTRIA PRELUCRATOARE, Luna februarie 2025, Procente, 92.1
Industria  alimentara, Luna ianuarie 2005, Procente, 43.8
Industria  alimentara, Luna februarie 2005, Procente, 46.5
Industria  alimentara, Luna martie 2005, Procente, 59.2
Industria  alimentara, Luna aprilie 2005, Procente, 56
Industria  alimentara, Luna mai 2005, Procente, 50
Industria  alimentara, Luna iunie 2005, Procente, 51.5
Industria  alimentara, Luna iulie 2005, Procente, 48
Industria  alimentara, Luna august 2005, Procente, 54.3
Industria  alimentara, Luna septembrie 2005, Procente, 56.2
Industria  alimentara, Luna octombrie 2005, Procente, 63.2
Industria  alimentara, Luna noiembrie 2005, Procente, 66.4
Industria  alimentara, Luna decembrie 2005, Procente, 64.4
Industria  alimentara, Luna ianuarie 2006, Procente, 49.9
Industria  alimentara, Luna februarie 2006, Procente, 48.3
Industria  alimentara, Luna martie 2006, Procente, 56.4
Industria  alimentara, Luna aprilie 2006, Procente, 51.5
Industria  alimentara, Luna mai 2006, Procente, 57.1
Industria  alimentara, Luna iunie 2006, Procente, 56.5
Industria  alimentara, Luna iulie 2006, Procente, 52.9
Industria  alimentara, Luna august 2006, Procente, 54.2
Industria  alimentara, Luna septembrie 2006, Procente, 60.8
Industria  alimentara, Luna octombrie 2006, Procente, 71.1
Industria  alimentara, Luna noiembrie 2006, Procente, 70.2
Industria  alimentara, Luna decembrie 2006, Procente, 63.3
Industria  alimentara, Luna ianuarie 2007, Procente, 54.7
Industria  alimentara, Luna februarie 2007, Procente, 60.1
Industria  alimentara, Luna martie 2007, Procente, 71.8
Industria  alimentara, Luna aprilie 2007, Procente, 65.3
Industria  alimentara, Luna mai 2007, Procente, 70.9
Industria  alimentara, Luna iunie 2007, Procente, 70.4
Industria  alimentara, Luna iulie 2007, Procente, 71.3
Industria  alimentara, Luna august 2007, Procente, 74
Industria  alimentara, Luna septembrie 2007, Procente, 75.5
Industria  alimentara, Luna octombrie 2007, Procente, 80.5
Industria  alimentara, Luna noiembrie 2007, Procente, 80.6
Industria  alimentara, Luna decembrie 2007, Procente, 75.4
Industria  alimentara, Luna ianuarie 2008, Procente, 65.7
Industria  alimentara, Luna februarie 2008, Procente, 65.9
Industria  alimentara, Luna martie 2008, Procente, 70.6
Industria  alimentara, Luna aprilie 2008, Procente, 75.4
Industria  alimentara, Luna mai 2008, Procente, 74.6
Industria  alimentara, Luna iunie 2008, Procente, 68.2
Industria  alimentara, Luna iulie 2008, Procente, 69.4
Industria  alimentara, Luna august 2008, Procente, 68.8
Industria  alimentara, Luna septembrie 2008, Procente, 77.6
Industria  alimentara, Luna octombrie 2008, Procente, 88
Industria  alimentara, Luna noiembrie 2008, Procente, 87.1
Industria  alimentara, Luna decembrie 2008, Procente, 83.3
Industria  alimentara, Luna ianuarie 2009, Procente, 59.3
Industria  alimentara, Luna februarie 2009, Procente, 64
Industria  alimentara, Luna martie 2009, Procente, 71
Industria  alimentara, Luna aprilie 2009, Procente, 71.7
Industria  alimentara, Luna mai 2009, Procente, 71.2
Industria  alimentara, Luna iunie 2009, Procente, 75.2
Industria  alimentara, Luna iulie 2009, Procente, 72.5
Industria  alimentara, Luna august 2009, Procente, 68.5
Industria  alimentara, Luna septembrie 2009, Procente, 78.2
Industria  alimentara, Luna octombrie 2009, Procente, 86.5
Industria  alimentara, Luna noiembrie 2009, Procente, 83.7
Industria  alimentara, Luna decembrie 2009, Procente, 85.5
Industria  alimentara, Luna ianuarie 2010, Procente, 54.4
Industria  alimentara, Luna februarie 2010, Procente, 57.2
Industria  alimentara, Luna martie 2010, Procente, 71.4
Industria  alimentara, Luna aprilie 2010, Procente, 63.3
Industria  alimentara, Luna mai 2010, Procente, 67.6
Industria  alimentara, Luna iunie 2010, Procente, 66.5
Industria  alimentara, Luna iulie 2010, Procente, 68.9
Industria  alimentara, Luna august 2010, Procente, 65.3
Industria  alimentara, Luna septembrie 2010, Procente, 74.3
Industria  alimentara, Luna octombrie 2010, Procente, 81.9
Industria  alimentara, Luna noiembrie 2010, Procente, 82.4
Industria  alimentara, Luna decembrie 2010, Procente, 74.2
Industria  alimentara, Luna ianuarie 2011, Procente, 57
Industria  alimentara, Luna februarie 2011, Procente, 60.9
Industria  alimentara, Luna martie 2011, Procente, 68.8
Industria  alimentara, Luna aprilie 2011, Procente, 69.2
Industria  alimentara, Luna mai 2011, Procente, 72.8
Industria  alimentara, Luna iunie 2011, Procente, 68.8
Industria  alimentara, Luna iulie 2011, Procente, 68.9
Industria  alimentara, Luna august 2011, Procente, 71.4
Industria  alimentara, Luna septembrie 2011, Procente, 78
Industria  alimentara, Luna octombrie 2011, Procente, 84.2
Industria  alimentara, Luna noiembrie 2011, Procente, 90.6
Industria  alimentara, Luna decembrie 2011, Procente, 73.3
Industria  alimentara, Luna ianuarie 2012, Procente, 56.6
Industria  alimentara, Luna februarie 2012, Procente, 60.7
Industria  alimentara, Luna martie 2012, Procente, 73.6
Industria  alimentara, Luna aprilie 2012, Procente, 68.7
Industria  alimentara, Luna mai 2012, Procente, 73.6
Industria  alimentara, Luna iunie 2012, Procente, 65.6
Industria  alimentara, Luna iulie 2012, Procente, 70
Industria  alimentara, Luna august 2012, Procente, 71.4
Industria  alimentara, Luna septembrie 2012, Procente, 78.9
Industria  alimentara, Luna octombrie 2012, Procente, 87.3
Industria  alimentara, Luna noiembrie 2012, Procente, 87.9
Industria  alimentara, Luna decembrie 2012, Procente, 71.8
Industria  alimentara, Luna ianuarie 2013, Procente, 62.9
Industria  alimentara, Luna februarie 2013, Procente, 60.6
Industria  alimentara, Luna martie 2013, Procente, 70
Industria  alimentara, Luna aprilie 2013, Procente, 78.6
Industria  alimentara, Luna mai 2013, Procente, 72.9
Industria  alimentara, Luna iunie 2013, Procente, 71.1
Industria  alimentara, Luna iulie 2013, Procente, 76.1
Industria  alimentara, Luna august 2013, Procente, 77.1
Industria  alimentara, Luna septembrie 2013, Procente, 83.7
Industria  alimentara, Luna octombrie 2013, Procente, 94.8
Industria  alimentara, Luna noiembrie 2013, Procente, 93.3
Industria  alimentara, Luna decembrie 2013, Procente, 86.9
Industria  alimentara, Luna ianuarie 2014, Procente, 67.9
Industria  alimentara, Luna februarie 2014, Procente, 67.6
Industria  alimentara, Luna martie 2014, Procente, 73.9
Industria  alimentara, Luna aprilie 2014, Procente, 81.2
Industria  alimentara, Luna mai 2014, Procente, 83.2
Industria  alimentara, Luna iunie 2014, Procente, 81.9
Industria  alimentara, Luna iulie 2014, Procente, 78
Industria  alimentara, Luna august 2014, Procente, 71.6
Industria  alimentara, Luna septembrie 2014, Procente, 84.2
Industria  alimentara, Luna octombrie 2014, Procente, 96.1
Industria  alimentara, Luna noiembrie 2014, Procente, 90.3
Industria  alimentara, Luna decembrie 2014, Procente, 91.2
Industria  alimentara, Luna ianuarie 2015, Procente, 73.2
Industria  alimentara, Luna februarie 2015, Procente, 70.3
Industria  alimentara, Luna martie 2015, Procente, 80.7
Industria  alimentara, Luna aprilie 2015, Procente, 78.3
Industria  alimentara, Luna mai 2015, Procente, 81.2
Industria  alimentara, Luna iunie 2015, Procente, 82.7
Industria  alimentara, Luna iulie 2015, Procente, 85.9
Industria  alimentara, Luna august 2015, Procente, 85.3
Industria  alimentara, Luna septembrie 2015, Procente, 91.7
Industria  alimentara, Luna octombrie 2015, Procente, 101.1
Industria  alimentara, Luna noiembrie 2015, Procente, 98.2
Industria  alimentara, Luna decembrie 2015, Procente, 88.9
Industria  alimentara, Luna ianuarie 2016, Procente, 72.9
Industria  alimentara, Luna februarie 2016, Procente, 79.1
Industria  alimentara, Luna martie 2016, Procente, 89.8
Industria  alimentara, Luna aprilie 2016, Procente, 102.3
Industria  alimentara, Luna mai 2016, Procente, 90.3
Industria  alimentara, Luna iunie 2016, Procente, 95.9
Industria  alimentara, Luna iulie 2016, Procente, 93.9
Industria  alimentara, Luna august 2016, Procente, 92.7
Industria  alimentara, Luna septembrie 2016, Procente, 95.9
Industria  alimentara, Luna octombrie 2016, Procente, 101.9
Industria  alimentara, Luna noiembrie 2016, Procente, 104.7
Industria  alimentara, Luna decembrie 2016, Procente, 91.8
Industria  alimentara, Luna ianuarie 2017, Procente, 75.9
Industria  alimentara, Luna februarie 2017, Procente, 83.6
Industria  alimentara, Luna martie 2017, Procente, 100.6
Industria  alimentara, Luna aprilie 2017, Procente, 91.7
Industria  alimentara, Luna mai 2017, Procente, 98.3
Industria  alimentara, Luna iunie 2017, Procente, 89.4
Industria  alimentara, Luna iulie 2017, Procente, 89.6
Industria  alimentara, Luna august 2017, Procente, 97.9
Industria  alimentara, Luna septembrie 2017, Procente, 101.2
Industria  alimentara, Luna octombrie 2017, Procente, 111.5
Industria  alimentara, Luna noiembrie 2017, Procente, 109
Industria  alimentara, Luna decembrie 2017, Procente, 93.6
Industria  alimentara, Luna ianuarie 2018, Procente, 84
Industria  alimentara, Luna februarie 2018, Procente, 86.3
Industria  alimentara, Luna martie 2018, Procente, 98.9
Industria  alimentara, Luna aprilie 2018, Procente, 89.6
Industria  alimentara, Luna mai 2018, Procente, 101.5
Industria  alimentara, Luna iunie 2018, Procente, 92.9
Industria  alimentara, Luna iulie 2018, Procente, 96.1
Industria  alimentara, Luna august 2018, Procente, 99.9
Industria  alimentara, Luna septembrie 2018, Procente, 98.7
Industria  alimentara, Luna octombrie 2018, Procente, 111.6
Industria  alimentara, Luna noiembrie 2018, Procente, 107.2
Industria  alimentara, Luna decembrie 2018, Procente, 91.3
Industria  alimentara, Luna ianuarie 2019, Procente, 86.1
Industria  alimentara, Luna februarie 2019, Procente, 86.6
Industria  alimentara, Luna martie 2019, Procente, 94.6
Industria  alimentara, Luna aprilie 2019, Procente, 97.6
Industria  alimentara, Luna mai 2019, Procente, 104.3
Industria  alimentara, Luna iunie 2019, Procente, 94.7
Industria  alimentara, Luna iulie 2019, Procente, 101.4
Industria  alimentara, Luna august 2019, Procente, 95.4
Industria  alimentara, Luna septembrie 2019, Procente, 104.1
Industria  alimentara, Luna octombrie 2019, Procente, 113.9
Industria  alimentara, Luna noiembrie 2019, Procente, 105
Industria  alimentara, Luna decembrie 2019, Procente, 96.1
Industria  alimentara, Luna ianuarie 2020, Procente, 86.8
Industria  alimentara, Luna februarie 2020, Procente, 89.6
Industria  alimentara, Luna martie 2020, Procente, 100.7
Industria  alimentara, Luna aprilie 2020, Procente, 83.5
Industria  alimentara, Luna mai 2020, Procente, 89.6
Industria  alimentara, Luna iunie 2020, Procente, 96.3
Industria  alimentara, Luna iulie 2020, Procente, 104.1
Industria  alimentara, Luna august 2020, Procente, 94.6
Industria  alimentara, Luna septembrie 2020, Procente, 104.9
Industria  alimentara, Luna octombrie 2020, Procente, 101.8
Industria  alimentara, Luna noiembrie 2020, Procente, 98.1
Industria  alimentara, Luna decembrie 2020, Procente, 93
Industria  alimentara, Luna ianuarie 2021, Procente, 86.2
Industria  alimentara, Luna februarie 2021, Procente, 88.2
Industria  alimentara, Luna martie 2021, Procente, 101.7
Industria  alimentara, Luna aprilie 2021, Procente, 101.3
Industria  alimentara, Luna mai 2021, Procente, 96
Industria  alimentara, Luna iunie 2021, Procente, 100.8
Industria  alimentara, Luna iulie 2021, Procente, 103.2
Industria  alimentara, Luna august 2021, Procente, 103.2
Industria  alimentara, Luna septembrie 2021, Procente, 106.4
Industria  alimentara, Luna octombrie 2021, Procente, 106.4
Industria  alimentara, Luna noiembrie 2021, Procente, 107.5
Industria  alimentara, Luna decembrie 2021, Procente, 99.2
Industria  alimentara, Luna ianuarie 2022, Procente, 90.1
Industria  alimentara, Luna februarie 2022, Procente, 91.7
Industria  alimentara, Luna martie 2022, Procente, 105.5
Industria  alimentara, Luna aprilie 2022, Procente, 102
Industria  alimentara, Luna mai 2022, Procente, 107.5
Industria  alimentara, Luna iunie 2022, Procente, 101
Industria  alimentara, Luna iulie 2022, Procente, 101.5
Industria  alimentara, Luna august 2022, Procente, 107.7
Industria  alimentara, Luna septembrie 2022, Procente, 107.4
Industria  alimentara, Luna octombrie 2022, Procente, 108.8
Industria  alimentara, Luna noiembrie 2022, Procente, 109.3
Industria  alimentara, Luna decembrie 2022, Procente, 97.9
Industria  alimentara, Luna ianuarie 2023, Procente, 92.2
Industria  alimentara, Luna februarie 2023, Procente, 93.7
Industria  alimentara, Luna martie 2023, Procente, 108.6
Industria  alimentara, Luna aprilie 2023, Procente, 97.2
Industria  alimentara, Luna mai 2023, Procente, 110.3
Industria  alimentara, Luna iunie 2023, Procente, 105.4
Industria  alimentara, Luna iulie 2023, Procente, 105.5
Industria  alimentara, Luna august 2023, Procente, 111.9
Industria  alimentara, Luna septembrie 2023, Procente, 109.9
Industria  alimentara, Luna octombrie 2023, Procente, 116.6
Industria  alimentara, Luna noiembrie 2023, Procente, 115.4
Industria  alimentara, Luna decembrie 2023, Procente, 100.7
Industria  alimentara, Luna ianuarie 2024, Procente, 100.1
Industria  alimentara, Luna februarie 2024, Procente, 103.5
Industria  alimentara, Luna martie 2024, Procente, 108.8
Industria  alimentara, Luna aprilie 2024, Procente, 118.8
Industria  alimentara, Luna mai 2024, Procente, 112.3
Industria  alimentara, Luna iunie 2024, Procente, 108.6
Industria  alimentara, Luna iulie 2024, Procente, 116.2
Industria  alimentara, Luna august 2024, Procente, 115.4
Industria  alimentara, Luna septembrie 2024, Procente, 116.2
Industria  alimentara, Luna octombrie 2024, Procente, 128.3
Industria  alimentara, Luna noiembrie 2024, Procente, 118.3
Industria  alimentara, Luna decembrie 2024, Procente, 106.5
Industria  alimentara, Luna ianuarie 2025, Procente, 104
Industria  alimentara, Luna februarie 2025, Procente, 104.2
Fabricarea bauturilor, Luna ianuarie 2005, Procente, 52.2
Fabricarea bauturilor, Luna februarie 2005, Procente, 52.3
Fabricarea bauturilor, Luna martie 2005, Procente, 78.7
Fabricarea bauturilor, Luna aprilie 2005, Procente, 76.6
Fabricarea bauturilor, Luna mai 2005, Procente, 69.4
Fabricarea bauturilor, Luna iunie 2005, Procente, 75.4
Fabricarea bauturilor, Luna iulie 2005, Procente, 77.7
Fabricarea bauturilor, Luna august 2005, Procente, 85
Fabricarea bauturilor, Luna septembrie 2005, Procente, 79.8
Fabricarea bauturilor, Luna octombrie 2005, Procente, 71.6
Fabricarea bauturilor, Luna noiembrie 2005, Procente, 72.8
Fabricarea bauturilor, Luna decembrie 2005, Procente, 74.2
Fabricarea bauturilor, Luna ianuarie 2006, Procente, 58.7
Fabricarea bauturilor, Luna februarie 2006, Procente, 58.7
Fabricarea bauturilor, Luna martie 2006, Procente, 71.2
Fabricarea bauturilor, Luna aprilie 2006, Procente, 88
Fabricarea bauturilor, Luna mai 2006, Procente, 87.5
Fabricarea bauturilor, Luna iunie 2006, Procente, 102.8
Fabricarea bauturilor, Luna iulie 2006, Procente, 104.9
Fabricarea bauturilor, Luna august 2006, Procente, 94.8
Fabricarea bauturilor, Luna septembrie 2006, Procente, 85.5
Fabricarea bauturilor, Luna octombrie 2006, Procente, 84.8
Fabricarea bauturilor, Luna noiembrie 2006, Procente, 90.6
Fabricarea bauturilor, Luna decembrie 2006, Procente, 85.8
Fabricarea bauturilor, Luna ianuarie 2007, Procente, 70.9
Fabricarea bauturilor, Luna februarie 2007, Procente, 67.4
Fabricarea bauturilor, Luna martie 2007, Procente, 76.3
Fabricarea bauturilor, Luna aprilie 2007, Procente, 81.9
Fabricarea bauturilor, Luna mai 2007, Procente, 92.7
Fabricarea bauturilor, Luna iunie 2007, Procente, 103.6
Fabricarea bauturilor, Luna iulie 2007, Procente, 108
Fabricarea bauturilor, Luna august 2007, Procente, 110.8
Fabricarea bauturilor, Luna septembrie 2007, Procente, 98.3
Fabricarea bauturilor, Luna octombrie 2007, Procente, 94.5
Fabricarea bauturilor, Luna noiembrie 2007, Procente, 76.9
Fabricarea bauturilor, Luna decembrie 2007, Procente, 84.9
Fabricarea bauturilor, Luna ianuarie 2008, Procente, 70.2
Fabricarea bauturilor, Luna februarie 2008, Procente, 73
Fabricarea bauturilor, Luna martie 2008, Procente, 92.9
Fabricarea bauturilor, Luna aprilie 2008, Procente, 99.4
Fabricarea bauturilor, Luna mai 2008, Procente, 110.2
Fabricarea bauturilor, Luna iunie 2008, Procente, 118.3
Fabricarea bauturilor, Luna iulie 2008, Procente, 124.7
Fabricarea bauturilor, Luna august 2008, Procente, 117.5
Fabricarea bauturilor, Luna septembrie 2008, Procente, 112.9
Fabricarea bauturilor, Luna octombrie 2008, Procente, 102.5
Fabricarea bauturilor, Luna noiembrie 2008, Procente, 85.9
Fabricarea bauturilor, Luna decembrie 2008, Procente, 91.4
Fabricarea bauturilor, Luna ianuarie 2009, Procente, 80
Fabricarea bauturilor, Luna februarie 2009, Procente, 72.9
Fabricarea bauturilor, Luna martie 2009, Procente, 82.7
Fabricarea bauturilor, Luna aprilie 2009, Procente, 97.7
Fabricarea bauturilor, Luna mai 2009, Procente, 102.8
Fabricarea bauturilor, Luna iunie 2009, Procente, 117.8
Fabricarea bauturilor, Luna iulie 2009, Procente, 108.5
Fabricarea bauturilor, Luna august 2009, Procente, 99.6
Fabricarea bauturilor, Luna septembrie 2009, Procente, 97.6
Fabricarea bauturilor, Luna octombrie 2009, Procente, 91
Fabricarea bauturilor, Luna noiembrie 2009, Procente, 81.7
Fabricarea bauturilor, Luna decembrie 2009, Procente, 80.2
Fabricarea bauturilor, Luna ianuarie 2010, Procente, 56.9
Fabricarea bauturilor, Luna februarie 2010, Procente, 57.8
Fabricarea bauturilor, Luna martie 2010, Procente, 93.5
Fabricarea bauturilor, Luna aprilie 2010, Procente, 94.8
Fabricarea bauturilor, Luna mai 2010, Procente, 94.5
Fabricarea bauturilor, Luna iunie 2010, Procente, 107.1
Fabricarea bauturilor, Luna iulie 2010, Procente, 103.9
Fabricarea bauturilor, Luna august 2010, Procente, 102.9
Fabricarea bauturilor, Luna septembrie 2010, Procente, 92.4
Fabricarea bauturilor, Luna octombrie 2010, Procente, 74.1
Fabricarea bauturilor, Luna noiembrie 2010, Procente, 86
Fabricarea bauturilor, Luna decembrie 2010, Procente, 85.1
Fabricarea bauturilor, Luna ianuarie 2011, Procente, 53.6
Fabricarea bauturilor, Luna februarie 2011, Procente, 58.8
Fabricarea bauturilor, Luna martie 2011, Procente, 81.2
Fabricarea bauturilor, Luna aprilie 2011, Procente, 90.7
Fabricarea bauturilor, Luna mai 2011, Procente, 85
Fabricarea bauturilor, Luna iunie 2011, Procente, 101.3
Fabricarea bauturilor, Luna iulie 2011, Procente, 102.5
Fabricarea bauturilor, Luna august 2011, Procente, 98.9
Fabricarea bauturilor, Luna septembrie 2011, Procente, 99.7
Fabricarea bauturilor, Luna octombrie 2011, Procente, 81.5
Fabricarea bauturilor, Luna noiembrie 2011, Procente, 78.2
Fabricarea bauturilor, Luna decembrie 2011, Procente, 84.5
Fabricarea bauturilor, Luna ianuarie 2012, Procente, 60.8
Fabricarea bauturilor, Luna februarie 2012, Procente, 54.8
Fabricarea bauturilor, Luna martie 2012, Procente, 82.9
Fabricarea bauturilor, Luna aprilie 2012, Procente, 82.2
Fabricarea bauturilor, Luna mai 2012, Procente, 98.6
Fabricarea bauturilor, Luna iunie 2012, Procente, 111.3
Fabricarea bauturilor, Luna iulie 2012, Procente, 112
Fabricarea bauturilor, Luna august 2012, Procente, 109
Fabricarea bauturilor, Luna septembrie 2012, Procente, 94.2
Fabricarea bauturilor, Luna octombrie 2012, Procente, 81.9
Fabricarea bauturilor, Luna noiembrie 2012, Procente, 75.6
Fabricarea bauturilor, Luna decembrie 2012, Procente, 72.7
Fabricarea bauturilor, Luna ianuarie 2013, Procente, 58.8
Fabricarea bauturilor, Luna februarie 2013, Procente, 57.8
Fabricarea bauturilor, Luna martie 2013, Procente, 72.2
Fabricarea bauturilor, Luna aprilie 2013, Procente, 95.8
Fabricarea bauturilor, Luna mai 2013, Procente, 105.4
Fabricarea bauturilor, Luna iunie 2013, Procente, 99.3
Fabricarea bauturilor, Luna iulie 2013, Procente, 92.4
Fabricarea bauturilor, Luna august 2013, Procente, 102.6
Fabricarea bauturilor, Luna septembrie 2013, Procente, 83.9
Fabricarea bauturilor, Luna octombrie 2013, Procente, 77.3
Fabricarea bauturilor, Luna noiembrie 2013, Procente, 71.9
Fabricarea bauturilor, Luna decembrie 2013, Procente, 70.8
Fabricarea bauturilor, Luna ianuarie 2014, Procente, 55.9
Fabricarea bauturilor, Luna februarie 2014, Procente, 57.3
Fabricarea bauturilor, Luna martie 2014, Procente, 74.2
Fabricarea bauturilor, Luna aprilie 2014, Procente, 89.3
Fabricarea bauturilor, Luna mai 2014, Procente, 87.3
Fabricarea bauturilor, Luna iunie 2014, Procente, 94.2
Fabricarea bauturilor, Luna iulie 2014, Procente, 95.7
Fabricarea bauturilor, Luna august 2014, Procente, 95.8
Fabricarea bauturilor, Luna septembrie 2014, Procente, 86.9
Fabricarea bauturilor, Luna octombrie 2014, Procente, 85.8
Fabricarea bauturilor, Luna noiembrie 2014, Procente, 67.1
Fabricarea bauturilor, Luna decembrie 2014, Procente, 66.3
Fabricarea bauturilor, Luna ianuarie 2015, Procente, 61.5
Fabricarea bauturilor, Luna februarie 2015, Procente, 58.4
Fabricarea bauturilor, Luna martie 2015, Procente, 81
Fabricarea bauturilor, Luna aprilie 2015, Procente, 90.5
Fabricarea bauturilor, Luna mai 2015, Procente, 92.6
Fabricarea bauturilor, Luna iunie 2015, Procente, 102.7
Fabricarea bauturilor, Luna iulie 2015, Procente, 113.3
Fabricarea bauturilor, Luna august 2015, Procente, 112.3
Fabricarea bauturilor, Luna septembrie 2015, Procente, 94.6
Fabricarea bauturilor, Luna octombrie 2015, Procente, 79.2
Fabricarea bauturilor, Luna noiembrie 2015, Procente, 81.8
Fabricarea bauturilor, Luna decembrie 2015, Procente, 83.7
Fabricarea bauturilor, Luna ianuarie 2016, Procente, 62.7
Fabricarea bauturilor, Luna februarie 2016, Procente, 69.6
Fabricarea bauturilor, Luna martie 2016, Procente, 84.4
Fabricarea bauturilor, Luna aprilie 2016, Procente, 96.9
Fabricarea bauturilor, Luna mai 2016, Procente, 94.2
Fabricarea bauturilor, Luna iunie 2016, Procente, 107
Fabricarea bauturilor, Luna iulie 2016, Procente, 113.9
Fabricarea bauturilor, Luna august 2016, Procente, 108.6
Fabricarea bauturilor, Luna septembrie 2016, Procente, 99.8
Fabricarea bauturilor, Luna octombrie 2016, Procente, 86.5
Fabricarea bauturilor, Luna noiembrie 2016, Procente, 79.4
Fabricarea bauturilor, Luna decembrie 2016, Procente, 84.3
Fabricarea bauturilor, Luna ianuarie 2017, Procente, 69.2
Fabricarea bauturilor, Luna februarie 2017, Procente, 66.9
Fabricarea bauturilor, Luna martie 2017, Procente, 98.7
Fabricarea bauturilor, Luna aprilie 2017, Procente, 98
Fabricarea bauturilor, Luna mai 2017, Procente, 107.6
Fabricarea bauturilor, Luna iunie 2017, Procente, 117.5
Fabricarea bauturilor, Luna iulie 2017, Procente, 117.8
Fabricarea bauturilor, Luna august 2017, Procente, 120
Fabricarea bauturilor, Luna septembrie 2017, Procente, 92.6
Fabricarea bauturilor, Luna octombrie 2017, Procente, 92.4
Fabricarea bauturilor, Luna noiembrie 2017, Procente, 91.5
Fabricarea bauturilor, Luna decembrie 2017, Procente, 86
Fabricarea bauturilor, Luna ianuarie 2018, Procente, 79.3
Fabricarea bauturilor, Luna februarie 2018, Procente, 77.7
Fabricarea bauturilor, Luna martie 2018, Procente, 104.5
Fabricarea bauturilor, Luna aprilie 2018, Procente, 95.8
Fabricarea bauturilor, Luna mai 2018, Procente, 114.6
Fabricarea bauturilor, Luna iunie 2018, Procente, 120.4
Fabricarea bauturilor, Luna iulie 2018, Procente, 110.3
Fabricarea bauturilor, Luna august 2018, Procente, 114.5
Fabricarea bauturilor, Luna septembrie 2018, Procente, 105.8
Fabricarea bauturilor, Luna octombrie 2018, Procente, 93.7
Fabricarea bauturilor, Luna noiembrie 2018, Procente, 99.7
Fabricarea bauturilor, Luna decembrie 2018, Procente, 88.4
Fabricarea bauturilor, Luna ianuarie 2019, Procente, 75.4
Fabricarea bauturilor, Luna februarie 2019, Procente, 75.7
Fabricarea bauturilor, Luna martie 2019, Procente, 93.9
Fabricarea bauturilor, Luna aprilie 2019, Procente, 94.1
Fabricarea bauturilor, Luna mai 2019, Procente, 111.3
Fabricarea bauturilor, Luna iunie 2019, Procente, 119
Fabricarea bauturilor, Luna iulie 2019, Procente, 120.3
Fabricarea bauturilor, Luna august 2019, Procente, 115.2
Fabricarea bauturilor, Luna septembrie 2019, Procente, 103.7
Fabricarea bauturilor, Luna octombrie 2019, Procente, 93.5
Fabricarea bauturilor, Luna noiembrie 2019, Procente, 98.1
Fabricarea bauturilor, Luna decembrie 2019, Procente, 95.1
Fabricarea bauturilor, Luna ianuarie 2020, Procente, 78.8
Fabricarea bauturilor, Luna februarie 2020, Procente, 83
Fabricarea bauturilor, Luna martie 2020, Procente, 91.1
Fabricarea bauturilor, Luna aprilie 2020, Procente, 69.9
Fabricarea bauturilor, Luna mai 2020, Procente, 91.2
Fabricarea bauturilor, Luna iunie 2020, Procente, 116.2
Fabricarea bauturilor, Luna iulie 2020, Procente, 123.1
Fabricarea bauturilor, Luna august 2020, Procente, 112.6
Fabricarea bauturilor, Luna septembrie 2020, Procente, 104.4
Fabricarea bauturilor, Luna octombrie 2020, Procente, 105.4
Fabricarea bauturilor, Luna noiembrie 2020, Procente, 94.8
Fabricarea bauturilor, Luna decembrie 2020, Procente, 94.9
Fabricarea bauturilor, Luna ianuarie 2021, Procente, 76.6
Fabricarea bauturilor, Luna februarie 2021, Procente, 78.8
Fabricarea bauturilor, Luna martie 2021, Procente, 89.3
Fabricarea bauturilor, Luna aprilie 2021, Procente, 101.6
Fabricarea bauturilor, Luna mai 2021, Procente, 106.3
Fabricarea bauturilor, Luna iunie 2021, Procente, 115
Fabricarea bauturilor, Luna iulie 2021, Procente, 123.1
Fabricarea bauturilor, Luna august 2021, Procente, 126
Fabricarea bauturilor, Luna septembrie 2021, Procente, 103.9
Fabricarea bauturilor, Luna octombrie 2021, Procente, 85.4
Fabricarea bauturilor, Luna noiembrie 2021, Procente, 94.9
Fabricarea bauturilor, Luna decembrie 2021, Procente, 99.1
Fabricarea bauturilor, Luna ianuarie 2022, Procente, 72
Fabricarea bauturilor, Luna februarie 2022, Procente, 79.2
Fabricarea bauturilor, Luna martie 2022, Procente, 99.1
Fabricarea bauturilor, Luna aprilie 2022, Procente, 98.5
Fabricarea bauturilor, Luna mai 2022, Procente, 120.6
Fabricarea bauturilor, Luna iunie 2022, Procente, 119.9
Fabricarea bauturilor, Luna iulie 2022, Procente, 126.1
Fabricarea bauturilor, Luna august 2022, Procente, 117.3
Fabricarea bauturilor, Luna septembrie 2022, Procente, 100.1
Fabricarea bauturilor, Luna octombrie 2022, Procente, 82.7
Fabricarea bauturilor, Luna noiembrie 2022, Procente, 106.9
Fabricarea bauturilor, Luna decembrie 2022, Procente, 83.6
Fabricarea bauturilor, Luna ianuarie 2023, Procente, 74.3
Fabricarea bauturilor, Luna februarie 2023, Procente, 82.3
Fabricarea bauturilor, Luna martie 2023, Procente, 100.1
Fabricarea bauturilor, Luna aprilie 2023, Procente, 101.4
Fabricarea bauturilor, Luna mai 2023, Procente, 111.5
Fabricarea bauturilor, Luna iunie 2023, Procente, 114.3
Fabricarea bauturilor, Luna iulie 2023, Procente, 119.2
Fabricarea bauturilor, Luna august 2023, Procente, 116.7
Fabricarea bauturilor, Luna septembrie 2023, Procente, 104.1
Fabricarea bauturilor, Luna octombrie 2023, Procente, 98.2
Fabricarea bauturilor, Luna noiembrie 2023, Procente, 116.8
Fabricarea bauturilor, Luna decembrie 2023, Procente, 87.7
Fabricarea bauturilor, Luna ianuarie 2024, Procente, 71.1
Fabricarea bauturilor, Luna februarie 2024, Procente, 78.5
Fabricarea bauturilor, Luna martie 2024, Procente, 96.3
Fabricarea bauturilor, Luna aprilie 2024, Procente, 106.5
Fabricarea bauturilor, Luna mai 2024, Procente, 103.8
Fabricarea bauturilor, Luna iunie 2024, Procente, 118.8
Fabricarea bauturilor, Luna iulie 2024, Procente, 127.1
Fabricarea bauturilor, Luna august 2024, Procente, 119.3
Fabricarea bauturilor, Luna septembrie 2024, Procente, 108.6
Fabricarea bauturilor, Luna octombrie 2024, Procente, 92.9
Fabricarea bauturilor, Luna noiembrie 2024, Procente, 96.3
Fabricarea bauturilor, Luna decembrie 2024, Procente, 81.4
Fabricarea bauturilor, Luna ianuarie 2025, Procente, 77.6
Fabricarea bauturilor, Luna februarie 2025, Procente, 82
Fabricarea  produselor din tutun, Luna ianuarie 2005, Procente, 57.6
Fabricarea  produselor din tutun, Luna februarie 2005, Procente, 53.8
Fabricarea  produselor din tutun, Luna martie 2005, Procente, 75.7
Fabricarea  produselor din tutun, Luna aprilie 2005, Procente, 39.9
Fabricarea  produselor din tutun, Luna mai 2005, Procente, 48.3
Fabricarea  produselor din tutun, Luna iunie 2005, Procente, 61.9
Fabricarea  produselor din tutun, Luna iulie 2005, Procente, 54.8
Fabricarea  produselor din tutun, Luna august 2005, Procente, 59.6
Fabricarea  produselor din tutun, Luna septembrie 2005, Procente, 56.1
Fabricarea  produselor din tutun, Luna octombrie 2005, Procente, 56.3
Fabricarea  produselor din tutun, Luna noiembrie 2005, Procente, 59.8
Fabricarea  produselor din tutun, Luna decembrie 2005, Procente, 49.8
Fabricarea  produselor din tutun, Luna ianuarie 2006, Procente, 51.3
Fabricarea  produselor din tutun, Luna februarie 2006, Procente, 60.6
Fabricarea  produselor din tutun, Luna martie 2006, Procente, 61.7
Fabricarea  produselor din tutun, Luna aprilie 2006, Procente, 54.1
Fabricarea  produselor din tutun, Luna mai 2006, Procente, 57.3
Fabricarea  produselor din tutun, Luna iunie 2006, Procente, 50.4
Fabricarea  produselor din tutun, Luna iulie 2006, Procente, 36.6
Fabricarea  produselor din tutun, Luna august 2006, Procente, 39.8
Fabricarea  produselor din tutun, Luna septembrie 2006, Procente, 48.6
Fabricarea  produselor din tutun, Luna octombrie 2006, Procente, 55.1
Fabricarea  produselor din tutun, Luna noiembrie 2006, Procente, 54.8
Fabricarea  produselor din tutun, Luna decembrie 2006, Procente, 48.2
Fabricarea  produselor din tutun, Luna ianuarie 2007, Procente, 45
Fabricarea  produselor din tutun, Luna februarie 2007, Procente, 51.2
Fabricarea  produselor din tutun, Luna martie 2007, Procente, 63.7
Fabricarea  produselor din tutun, Luna aprilie 2007, Procente, 58.7
Fabricarea  produselor din tutun, Luna mai 2007, Procente, 71.1
Fabricarea  produselor din tutun, Luna iunie 2007, Procente, 87.5
Fabricarea  produselor din tutun, Luna iulie 2007, Procente, 57.4
Fabricarea  produselor din tutun, Luna august 2007, Procente, 69.5
Fabricarea  produselor din tutun, Luna septembrie 2007, Procente, 71.1
Fabricarea  produselor din tutun, Luna octombrie 2007, Procente, 78.1
Fabricarea  produselor din tutun, Luna noiembrie 2007, Procente, 73.2
Fabricarea  produselor din tutun, Luna decembrie 2007, Procente, 51.1
Fabricarea  produselor din tutun, Luna ianuarie 2008, Procente, 68.4
Fabricarea  produselor din tutun, Luna februarie 2008, Procente, 71.7
Fabricarea  produselor din tutun, Luna martie 2008, Procente, 76.2
Fabricarea  produselor din tutun, Luna aprilie 2008, Procente, 69.6
Fabricarea  produselor din tutun, Luna mai 2008, Procente, 85.8
Fabricarea  produselor din tutun, Luna iunie 2008, Procente, 91.5
Fabricarea  produselor din tutun, Luna iulie 2008, Procente, 63.9
Fabricarea  produselor din tutun, Luna august 2008, Procente, 80
Fabricarea  produselor din tutun, Luna septembrie 2008, Procente, 91.4
Fabricarea  produselor din tutun, Luna octombrie 2008, Procente, 103.3
Fabricarea  produselor din tutun, Luna noiembrie 2008, Procente, 95.6
Fabricarea  produselor din tutun, Luna decembrie 2008, Procente, 53.7
Fabricarea  produselor din tutun, Luna ianuarie 2009, Procente, 63.4
Fabricarea  produselor din tutun, Luna februarie 2009, Procente, 68.2
Fabricarea  produselor din tutun, Luna martie 2009, Procente, 94
Fabricarea  produselor din tutun, Luna aprilie 2009, Procente, 68.4
Fabricarea  produselor din tutun, Luna mai 2009, Procente, 69.4
Fabricarea  produselor din tutun, Luna iunie 2009, Procente, 82.3
Fabricarea  produselor din tutun, Luna iulie 2009, Procente, 89.8
Fabricarea  produselor din tutun, Luna august 2009, Procente, 95.3
Fabricarea  produselor din tutun, Luna septembrie 2009, Procente, 67.5
Fabricarea  produselor din tutun, Luna octombrie 2009, Procente, 86.3
Fabricarea  produselor din tutun, Luna noiembrie 2009, Procente, 80.1
Fabricarea  produselor din tutun, Luna decembrie 2009, Procente, 85.5
Fabricarea  produselor din tutun, Luna ianuarie 2010, Procente, 50.5
Fabricarea  produselor din tutun, Luna februarie 2010, Procente, 50
Fabricarea  produselor din tutun, Luna martie 2010, Procente, 38.3
Fabricarea  produselor din tutun, Luna aprilie 2010, Procente, 40.8
Fabricarea  produselor din tutun, Luna mai 2010, Procente, 67.7
Fabricarea  produselor din tutun, Luna iunie 2010, Procente, 75.8
Fabricarea  produselor din tutun, Luna iulie 2010, Procente, 68.1
Fabricarea  produselor din tutun, Luna august 2010, Procente, 75.4
Fabricarea  produselor din tutun, Luna septembrie 2010, Procente, 72.4
Fabricarea  produselor din tutun, Luna octombrie 2010, Procente, 76.1
Fabricarea  produselor din tutun, Luna noiembrie 2010, Procente, 87.8
Fabricarea  produselor din tutun, Luna decembrie 2010, Procente, 67
Fabricarea  produselor din tutun, Luna ianuarie 2011, Procente, 73
Fabricarea  produselor din tutun, Luna februarie 2011, Procente, 67.8
Fabricarea  produselor din tutun, Luna martie 2011, Procente, 83
Fabricarea  produselor din tutun, Luna aprilie 2011, Procente, 86.5
Fabricarea  produselor din tutun, Luna mai 2011, Procente, 95.8
Fabricarea  produselor din tutun, Luna iunie 2011, Procente, 107.1
Fabricarea  produselor din tutun, Luna iulie 2011, Procente, 72.7
Fabricarea  produselor din tutun, Luna august 2011, Procente, 93.4
Fabricarea  produselor din tutun, Luna septembrie 2011, Procente, 90.7
Fabricarea  produselor din tutun, Luna octombrie 2011, Procente, 94.5
Fabricarea  produselor din tutun, Luna noiembrie 2011, Procente, 89.2
Fabricarea  produselor din tutun, Luna decembrie 2011, Procente, 65.5
Fabricarea  produselor din tutun, Luna ianuarie 2012, Procente, 85.5
Fabricarea  produselor din tutun, Luna februarie 2012, Procente, 80.1
Fabricarea  produselor din tutun, Luna martie 2012, Procente, 91
Fabricarea  produselor din tutun, Luna aprilie 2012, Procente, 87.5
Fabricarea  produselor din tutun, Luna mai 2012, Procente, 102.7
Fabricarea  produselor din tutun, Luna iunie 2012, Procente, 102
Fabricarea  produselor din tutun, Luna iulie 2012, Procente, 104.7
Fabricarea  produselor din tutun, Luna august 2012, Procente, 95
Fabricarea  produselor din tutun, Luna septembrie 2012, Procente, 84.2
Fabricarea  produselor din tutun, Luna octombrie 2012, Procente, 100.4
Fabricarea  produselor din tutun, Luna noiembrie 2012, Procente, 92.6
Fabricarea  produselor din tutun, Luna decembrie 2012, Procente, 76.1
Fabricarea  produselor din tutun, Luna ianuarie 2013, Procente, 57.1
Fabricarea  produselor din tutun, Luna februarie 2013, Procente, 68.8
Fabricarea  produselor din tutun, Luna martie 2013, Procente, 89.3
Fabricarea  produselor din tutun, Luna aprilie 2013, Procente, 84.4
Fabricarea  produselor din tutun, Luna mai 2013, Procente, 74.1
Fabricarea  produselor din tutun, Luna iunie 2013, Procente, 83.7
Fabricarea  produselor din tutun, Luna iulie 2013, Procente, 89.1
Fabricarea  produselor din tutun, Luna august 2013, Procente, 91.3
Fabricarea  produselor din tutun, Luna septembrie 2013, Procente, 89.4
Fabricarea  produselor din tutun, Luna octombrie 2013, Procente, 96.9
Fabricarea  produselor din tutun, Luna noiembrie 2013, Procente, 97.2
Fabricarea  produselor din tutun, Luna decembrie 2013, Procente, 89.9
Fabricarea  produselor din tutun, Luna ianuarie 2014, Procente, 64.9
Fabricarea  produselor din tutun, Luna februarie 2014, Procente, 78.6
Fabricarea  produselor din tutun, Luna martie 2014, Procente, 93.4
Fabricarea  produselor din tutun, Luna aprilie 2014, Procente, 89.8
Fabricarea  produselor din tutun, Luna mai 2014, Procente, 88.7
Fabricarea  produselor din tutun, Luna iunie 2014, Procente, 105.3
Fabricarea  produselor din tutun, Luna iulie 2014, Procente, 114.2
Fabricarea  produselor din tutun, Luna august 2014, Procente, 107.1
Fabricarea  produselor din tutun, Luna septembrie 2014, Procente, 112.7
Fabricarea  produselor din tutun, Luna octombrie 2014, Procente, 116.3
Fabricarea  produselor din tutun, Luna noiembrie 2014, Procente, 109.6
Fabricarea  produselor din tutun, Luna decembrie 2014, Procente, 118
Fabricarea  produselor din tutun, Luna ianuarie 2015, Procente, 91.7
Fabricarea  produselor din tutun, Luna februarie 2015, Procente, 97.8
Fabricarea  produselor din tutun, Luna martie 2015, Procente, 108.7
Fabricarea  produselor din tutun, Luna aprilie 2015, Procente, 95.4
Fabricarea  produselor din tutun, Luna mai 2015, Procente, 113.9
Fabricarea  produselor din tutun, Luna iunie 2015, Procente, 125.3
Fabricarea  produselor din tutun, Luna iulie 2015, Procente, 122.4
Fabricarea  produselor din tutun, Luna august 2015, Procente, 127.4
Fabricarea  produselor din tutun, Luna septembrie 2015, Procente, 136.8
Fabricarea  produselor din tutun, Luna octombrie 2015, Procente, 147.7
Fabricarea  produselor din tutun, Luna noiembrie 2015, Procente, 144.9
Fabricarea  produselor din tutun, Luna decembrie 2015, Procente, 129
Fabricarea  produselor din tutun, Luna ianuarie 2016, Procente, 130.4
Fabricarea  produselor din tutun, Luna februarie 2016, Procente, 146.9
Fabricarea  produselor din tutun, Luna martie 2016, Procente, 164
Fabricarea  produselor din tutun, Luna aprilie 2016, Procente, 158.6
Fabricarea  produselor din tutun, Luna mai 2016, Procente, 98.3
Fabricarea  produselor din tutun, Luna iunie 2016, Procente, 77.9
Fabricarea  produselor din tutun, Luna iulie 2016, Procente, 104.5
Fabricarea  produselor din tutun, Luna august 2016, Procente, 105.8
Fabricarea  produselor din tutun, Luna septembrie 2016, Procente, 119.6
Fabricarea  produselor din tutun, Luna octombrie 2016, Procente, 156.6
Fabricarea  produselor din tutun, Luna noiembrie 2016, Procente, 100.1
Fabricarea  produselor din tutun, Luna decembrie 2016, Procente, 73.7
Fabricarea  produselor din tutun, Luna ianuarie 2017, Procente, 99
Fabricarea  produselor din tutun, Luna februarie 2017, Procente, 106
Fabricarea  produselor din tutun, Luna martie 2017, Procente, 117.4
Fabricarea  produselor din tutun, Luna aprilie 2017, Procente, 101.8
Fabricarea  produselor din tutun, Luna mai 2017, Procente, 124.3
Fabricarea  produselor din tutun, Luna iunie 2017, Procente, 116.8
Fabricarea  produselor din tutun, Luna iulie 2017, Procente, 123.8
Fabricarea  produselor din tutun, Luna august 2017, Procente, 124.2
Fabricarea  produselor din tutun, Luna septembrie 2017, Procente, 118.1
Fabricarea  produselor din tutun, Luna octombrie 2017, Procente, 120.5
Fabricarea  produselor din tutun, Luna noiembrie 2017, Procente, 119.9
Fabricarea  produselor din tutun, Luna decembrie 2017, Procente, 96.7
Fabricarea  produselor din tutun, Luna ianuarie 2018, Procente, 108.7
Fabricarea  produselor din tutun, Luna februarie 2018, Procente, 97.8
Fabricarea  produselor din tutun, Luna martie 2018, Procente, 117.6
Fabricarea  produselor din tutun, Luna aprilie 2018, Procente, 107.9
Fabricarea  produselor din tutun, Luna mai 2018, Procente, 100.1
Fabricarea  produselor din tutun, Luna iunie 2018, Procente, 98.7
Fabricarea  produselor din tutun, Luna iulie 2018, Procente, 104.1
Fabricarea  produselor din tutun, Luna august 2018, Procente, 93.6
Fabricarea  produselor din tutun, Luna septembrie 2018, Procente, 95.8
Fabricarea  produselor din tutun, Luna octombrie 2018, Procente, 104.4
Fabricarea  produselor din tutun, Luna noiembrie 2018, Procente, 104.2
Fabricarea  produselor din tutun, Luna decembrie 2018, Procente, 91.9
Fabricarea  produselor din tutun, Luna ianuarie 2019, Procente, 99.4
Fabricarea  produselor din tutun, Luna februarie 2019, Procente, 104.4
Fabricarea  produselor din tutun, Luna martie 2019, Procente, 113.2
Fabricarea  produselor din tutun, Luna aprilie 2019, Procente, 93.6
Fabricarea  produselor din tutun, Luna mai 2019, Procente, 88.2
Fabricarea  produselor din tutun, Luna iunie 2019, Procente, 85
Fabricarea  produselor din tutun, Luna iulie 2019, Procente, 95.5
Fabricarea  produselor din tutun, Luna august 2019, Procente, 102.9
Fabricarea  produselor din tutun, Luna septembrie 2019, Procente, 104.6
Fabricarea  produselor din tutun, Luna octombrie 2019, Procente, 107.6
Fabricarea  produselor din tutun, Luna noiembrie 2019, Procente, 112.2
Fabricarea  produselor din tutun, Luna decembrie 2019, Procente, 103.1
Fabricarea  produselor din tutun, Luna ianuarie 2020, Procente, 109.8
Fabricarea  produselor din tutun, Luna februarie 2020, Procente, 110.4
Fabricarea  produselor din tutun, Luna martie 2020, Procente, 125
Fabricarea  produselor din tutun, Luna aprilie 2020, Procente, 103.6
Fabricarea  produselor din tutun, Luna mai 2020, Procente, 87.8
Fabricarea  produselor din tutun, Luna iunie 2020, Procente, 69.5
Fabricarea  produselor din tutun, Luna iulie 2020, Procente, 90.1
Fabricarea  produselor din tutun, Luna august 2020, Procente, 95.5
Fabricarea  produselor din tutun, Luna septembrie 2020, Procente, 103
Fabricarea  produselor din tutun, Luna octombrie 2020, Procente, 117.1
Fabricarea  produselor din tutun, Luna noiembrie 2020, Procente, 113.9
Fabricarea  produselor din tutun, Luna decembrie 2020, Procente, 66.8
Fabricarea  produselor din tutun, Luna ianuarie 2021, Procente, 81.2
Fabricarea  produselor din tutun, Luna februarie 2021, Procente, 92.5
Fabricarea  produselor din tutun, Luna martie 2021, Procente, 101.8
Fabricarea  produselor din tutun, Luna aprilie 2021, Procente, 106.2
Fabricarea  produselor din tutun, Luna mai 2021, Procente, 98.8
Fabricarea  produselor din tutun, Luna iunie 2021, Procente, 102
Fabricarea  produselor din tutun, Luna iulie 2021, Procente, 107.8
Fabricarea  produselor din tutun, Luna august 2021, Procente, 98.9
Fabricarea  produselor din tutun, Luna septembrie 2021, Procente, 110.2
Fabricarea  produselor din tutun, Luna octombrie 2021, Procente, 116.9
Fabricarea  produselor din tutun, Luna noiembrie 2021, Procente, 112.8
Fabricarea  produselor din tutun, Luna decembrie 2021, Procente, 70.9
Fabricarea  produselor din tutun, Luna ianuarie 2022, Procente, 94.2
Fabricarea  produselor din tutun, Luna februarie 2022, Procente, 100.7
Fabricarea  produselor din tutun, Luna martie 2022, Procente, 105.8
Fabricarea  produselor din tutun, Luna aprilie 2022, Procente, 90.5
Fabricarea  produselor din tutun, Luna mai 2022, Procente, 113.3
Fabricarea  produselor din tutun, Luna iunie 2022, Procente, 105
Fabricarea  produselor din tutun, Luna iulie 2022, Procente, 111.5
Fabricarea  produselor din tutun, Luna august 2022, Procente, 79.2
Fabricarea  produselor din tutun, Luna septembrie 2022, Procente, 105.1
Fabricarea  produselor din tutun, Luna octombrie 2022, Procente, 111.2
Fabricarea  produselor din tutun, Luna noiembrie 2022, Procente, 103.3
Fabricarea  produselor din tutun, Luna decembrie 2022, Procente, 86.5
Fabricarea  produselor din tutun, Luna ianuarie 2023, Procente, 90.3
Fabricarea  produselor din tutun, Luna februarie 2023, Procente, 104.6
Fabricarea  produselor din tutun, Luna martie 2023, Procente, 119.7
Fabricarea  produselor din tutun, Luna aprilie 2023, Procente, 86.9
Fabricarea  produselor din tutun, Luna mai 2023, Procente, 96.4
Fabricarea  produselor din tutun, Luna iunie 2023, Procente, 95
Fabricarea  produselor din tutun, Luna iulie 2023, Procente, 113.7
Fabricarea  produselor din tutun, Luna august 2023, Procente, 90.3
Fabricarea  produselor din tutun, Luna septembrie 2023, Procente, 106.7
Fabricarea  produselor din tutun, Luna octombrie 2023, Procente, 119.9
Fabricarea  produselor din tutun, Luna noiembrie 2023, Procente, 112.6
Fabricarea  produselor din tutun, Luna decembrie 2023, Procente, 74.2
Fabricarea  produselor din tutun, Luna ianuarie 2024, Procente, 71.4
Fabricarea  produselor din tutun, Luna februarie 2024, Procente, 95.5
Fabricarea  produselor din tutun, Luna martie 2024, Procente, 107.7
Fabricarea  produselor din tutun, Luna aprilie 2024, Procente, 106.7
Fabricarea  produselor din tutun, Luna mai 2024, Procente, 102.4
Fabricarea  produselor din tutun, Luna iunie 2024, Procente, 107.1
Fabricarea  produselor din tutun, Luna iulie 2024, Procente, 126.7
Fabricarea  produselor din tutun, Luna august 2024, Procente, 99.3
Fabricarea  produselor din tutun, Luna septembrie 2024, Procente, 111.5
Fabricarea  produselor din tutun, Luna octombrie 2024, Procente, 126.9
Fabricarea  produselor din tutun, Luna noiembrie 2024, Procente, 116.9
Fabricarea  produselor din tutun, Luna decembrie 2024, Procente, 70.9
Fabricarea  produselor din tutun, Luna ianuarie 2025, Procente, 72.4
Fabricarea  produselor din tutun, Luna februarie 2025, Procente, 95.4
Fabricarea  produselor textile, Luna ianuarie 2005, Procente, 122.6
Fabricarea  produselor textile, Luna februarie 2005, Procente, 129.8
Fabricarea  produselor textile, Luna martie 2005, Procente, 138.8
Fabricarea  produselor textile, Luna aprilie 2005, Procente, 128.8
Fabricarea  produselor textile, Luna mai 2005, Procente, 125.2
Fabricarea  produselor textile, Luna iunie 2005, Procente, 144.1
Fabricarea  produselor textile, Luna iulie 2005, Procente, 120.7
Fabricarea  produselor textile, Luna august 2005, Procente, 98.5
Fabricarea  produselor textile, Luna septembrie 2005, Procente, 135.1
Fabricarea  produselor textile, Luna octombrie 2005, Procente, 128.6
Fabricarea  produselor textile, Luna noiembrie 2005, Procente, 130.2
Fabricarea  produselor textile, Luna decembrie 2005, Procente, 104.6
Fabricarea  produselor textile, Luna ianuarie 2006, Procente, 123.4
Fabricarea  produselor textile, Luna februarie 2006, Procente, 119.1
Fabricarea  produselor textile, Luna martie 2006, Procente, 146.8
Fabricarea  produselor textile, Luna aprilie 2006, Procente, 111.2
Fabricarea  produselor textile, Luna mai 2006, Procente, 128
Fabricarea  produselor textile, Luna iunie 2006, Procente, 125.7
Fabricarea  produselor textile, Luna iulie 2006, Procente, 108.6
Fabricarea  produselor textile, Luna august 2006, Procente, 90.9
Fabricarea  produselor textile, Luna septembrie 2006, Procente, 112
Fabricarea  produselor textile, Luna octombrie 2006, Procente, 129
Fabricarea  produselor textile, Luna noiembrie 2006, Procente, 131.2
Fabricarea  produselor textile, Luna decembrie 2006, Procente, 109.7
Fabricarea  produselor textile, Luna ianuarie 2007, Procente, 143.7
Fabricarea  produselor textile, Luna februarie 2007, Procente, 140.2
Fabricarea  produselor textile, Luna martie 2007, Procente, 149.1
Fabricarea  produselor textile, Luna aprilie 2007, Procente, 116.4
Fabricarea  produselor textile, Luna mai 2007, Procente, 135.1
Fabricarea  produselor textile, Luna iunie 2007, Procente, 122.4
Fabricarea  produselor textile, Luna iulie 2007, Procente, 138.5
Fabricarea  produselor textile, Luna august 2007, Procente, 92.7
Fabricarea  produselor textile, Luna septembrie 2007, Procente, 118.7
Fabricarea  produselor textile, Luna octombrie 2007, Procente, 133.6
Fabricarea  produselor textile, Luna noiembrie 2007, Procente, 134.9
Fabricarea  produselor textile, Luna decembrie 2007, Procente, 98.6
Fabricarea  produselor textile, Luna ianuarie 2008, Procente, 116.2
Fabricarea  produselor textile, Luna februarie 2008, Procente, 135.5
Fabricarea  produselor textile, Luna martie 2008, Procente, 123.6
Fabricarea  produselor textile, Luna aprilie 2008, Procente, 118.1
Fabricarea  produselor textile, Luna mai 2008, Procente, 110.8
Fabricarea  produselor textile, Luna iunie 2008, Procente, 125.9
Fabricarea  produselor textile, Luna iulie 2008, Procente, 124.2
Fabricarea  produselor textile, Luna august 2008, Procente, 91.3
Fabricarea  produselor textile, Luna septembrie 2008, Procente, 119.6
Fabricarea  produselor textile, Luna octombrie 2008, Procente, 121.3
Fabricarea  produselor textile, Luna noiembrie 2008, Procente, 112.5
Fabricarea  produselor textile, Luna decembrie 2008, Procente, 95.9
Fabricarea  produselor textile, Luna ianuarie 2009, Procente, 96.7
Fabricarea  produselor textile, Luna februarie 2009, Procente, 90.6
Fabricarea  produselor textile, Luna martie 2009, Procente, 95.3
Fabricarea  produselor textile, Luna aprilie 2009, Procente, 83.7
Fabricarea  produselor textile, Luna mai 2009, Procente, 82.2
Fabricarea  produselor textile, Luna iunie 2009, Procente, 80.8
Fabricarea  produselor textile, Luna iulie 2009, Procente, 82.8
Fabricarea  produselor textile, Luna august 2009, Procente, 69.6
Fabricarea  produselor textile, Luna septembrie 2009, Procente, 100.7
Fabricarea  produselor textile, Luna octombrie 2009, Procente, 113
Fabricarea  produselor textile, Luna noiembrie 2009, Procente, 104.9
Fabricarea  produselor textile, Luna decembrie 2009, Procente, 88.3
Fabricarea  produselor textile, Luna ianuarie 2010, Procente, 90.5
Fabricarea  produselor textile, Luna februarie 2010, Procente, 102.2
Fabricarea  produselor textile, Luna martie 2010, Procente, 113.7
Fabricarea  produselor textile, Luna aprilie 2010, Procente, 95.9
Fabricarea  produselor textile, Luna mai 2010, Procente, 86
Fabricarea  produselor textile, Luna iunie 2010, Procente, 91.4
Fabricarea  produselor textile, Luna iulie 2010, Procente, 90
Fabricarea  produselor textile, Luna august 2010, Procente, 73
Fabricarea  produselor textile, Luna septembrie 2010, Procente, 108.6
Fabricarea  produselor textile, Luna octombrie 2010, Procente, 114.5
Fabricarea  produselor textile, Luna noiembrie 2010, Procente, 122.2
Fabricarea  produselor textile, Luna decembrie 2010, Procente, 90.7
Fabricarea  produselor textile, Luna ianuarie 2011, Procente, 114.8
Fabricarea  produselor textile, Luna februarie 2011, Procente, 113.7
Fabricarea  produselor textile, Luna martie 2011, Procente, 125.9
Fabricarea  produselor textile, Luna aprilie 2011, Procente, 108.3
Fabricarea  produselor textile, Luna mai 2011, Procente, 113.4
Fabricarea  produselor textile, Luna iunie 2011, Procente, 97.9
Fabricarea  produselor textile, Luna iulie 2011, Procente, 95.2
Fabricarea  produselor textile, Luna august 2011, Procente, 82.9
Fabricarea  produselor textile, Luna septembrie 2011, Procente, 113.8
Fabricarea  produselor textile, Luna octombrie 2011, Procente, 114.5
Fabricarea  produselor textile, Luna noiembrie 2011, Procente, 122.1
Fabricarea  produselor textile, Luna decembrie 2011, Procente, 105
Fabricarea  produselor textile, Luna ianuarie 2012, Procente, 112.4
Fabricarea  produselor textile, Luna februarie 2012, Procente, 131.5
Fabricarea  produselor textile, Luna martie 2012, Procente, 129.1
Fabricarea  produselor textile, Luna aprilie 2012, Procente, 100.1
Fabricarea  produselor textile, Luna mai 2012, Procente, 117.2
Fabricarea  produselor textile, Luna iunie 2012, Procente, 103.4
Fabricarea  produselor textile, Luna iulie 2012, Procente, 88.7
Fabricarea  produselor textile, Luna august 2012, Procente, 77.4
Fabricarea  produselor textile, Luna septembrie 2012, Procente, 108.7
Fabricarea  produselor textile, Luna octombrie 2012, Procente, 131.5
Fabricarea  produselor textile, Luna noiembrie 2012, Procente, 133.5
Fabricarea  produselor textile, Luna decembrie 2012, Procente, 93.1
Fabricarea  produselor textile, Luna ianuarie 2013, Procente, 120.3
Fabricarea  produselor textile, Luna februarie 2013, Procente, 131.8
Fabricarea  produselor textile, Luna martie 2013, Procente, 141.1
Fabricarea  produselor textile, Luna aprilie 2013, Procente, 126.7
Fabricarea  produselor textile, Luna mai 2013, Procente, 109.5
Fabricarea  produselor textile, Luna iunie 2013, Procente, 103.1
Fabricarea  produselor textile, Luna iulie 2013, Procente, 109.9
Fabricarea  produselor textile, Luna august 2013, Procente, 94.1
Fabricarea  produselor textile, Luna septembrie 2013, Procente, 133.1
Fabricarea  produselor textile, Luna octombrie 2013, Procente, 142.2
Fabricarea  produselor textile, Luna noiembrie 2013, Procente, 139.9
Fabricarea  produselor textile, Luna decembrie 2013, Procente, 118.3
Fabricarea  produselor textile, Luna ianuarie 2014, Procente, 138
Fabricarea  produselor textile, Luna februarie 2014, Procente, 141.2
Fabricarea  produselor textile, Luna martie 2014, Procente, 136.9
Fabricarea  produselor textile, Luna aprilie 2014, Procente, 118.6
Fabricarea  produselor textile, Luna mai 2014, Procente, 137.1
Fabricarea  produselor textile, Luna iunie 2014, Procente, 122.8
Fabricarea  produselor textile, Luna iulie 2014, Procente, 117.6
Fabricarea  produselor textile, Luna august 2014, Procente, 88.4
Fabricarea  produselor textile, Luna septembrie 2014, Procente, 128.9
Fabricarea  produselor textile, Luna octombrie 2014, Procente, 132.4
Fabricarea  produselor textile, Luna noiembrie 2014, Procente, 130.7
Fabricarea  produselor textile, Luna decembrie 2014, Procente, 107.7
Fabricarea  produselor textile, Luna ianuarie 2015, Procente, 121.1
Fabricarea  produselor textile, Luna februarie 2015, Procente, 119.7
Fabricarea  produselor textile, Luna martie 2015, Procente, 121.8
Fabricarea  produselor textile, Luna aprilie 2015, Procente, 110.8
Fabricarea  produselor textile, Luna mai 2015, Procente, 105.3
Fabricarea  produselor textile, Luna iunie 2015, Procente, 109.4
Fabricarea  produselor textile, Luna iulie 2015, Procente, 115.8
Fabricarea  produselor textile, Luna august 2015, Procente, 79.1
Fabricarea  produselor textile, Luna septembrie 2015, Procente, 124.2
Fabricarea  produselor textile, Luna octombrie 2015, Procente, 130.7
Fabricarea  produselor textile, Luna noiembrie 2015, Procente, 123.8
Fabricarea  produselor textile, Luna decembrie 2015, Procente, 100.5
Fabricarea  produselor textile, Luna ianuarie 2016, Procente, 113
Fabricarea  produselor textile, Luna februarie 2016, Procente, 122.6
Fabricarea  produselor textile, Luna martie 2016, Procente, 124
Fabricarea  produselor textile, Luna aprilie 2016, Procente, 111.3
Fabricarea  produselor textile, Luna mai 2016, Procente, 107.5
Fabricarea  produselor textile, Luna iunie 2016, Procente, 111.7
Fabricarea  produselor textile, Luna iulie 2016, Procente, 106.7
Fabricarea  produselor textile, Luna august 2016, Procente, 86.7
Fabricarea  produselor textile, Luna septembrie 2016, Procente, 121
Fabricarea  produselor textile, Luna octombrie 2016, Procente, 120.7
Fabricarea  produselor textile, Luna noiembrie 2016, Procente, 129.1
Fabricarea  produselor textile, Luna decembrie 2016, Procente, 102.1
Fabricarea  produselor textile, Luna ianuarie 2017, Procente, 116.6
Fabricarea  produselor textile, Luna februarie 2017, Procente, 128.9
Fabricarea  produselor textile, Luna martie 2017, Procente, 136
Fabricarea  produselor textile, Luna aprilie 2017, Procente, 106.4
Fabricarea  produselor textile, Luna mai 2017, Procente, 143.8
Fabricarea  produselor textile, Luna iunie 2017, Procente, 114.4
Fabricarea  produselor textile, Luna iulie 2017, Procente, 113.5
Fabricarea  produselor textile, Luna august 2017, Procente, 94.1
Fabricarea  produselor textile, Luna septembrie 2017, Procente, 125.3
Fabricarea  produselor textile, Luna octombrie 2017, Procente, 126.3
Fabricarea  produselor textile, Luna noiembrie 2017, Procente, 138.6
Fabricarea  produselor textile, Luna decembrie 2017, Procente, 101
Fabricarea  produselor textile, Luna ianuarie 2018, Procente, 122.5
Fabricarea  produselor textile, Luna februarie 2018, Procente, 134.8
Fabricarea  produselor textile, Luna martie 2018, Procente, 138.5
Fabricarea  produselor textile, Luna aprilie 2018, Procente, 116.4
Fabricarea  produselor textile, Luna mai 2018, Procente, 127.5
Fabricarea  produselor textile, Luna iunie 2018, Procente, 128.5
Fabricarea  produselor textile, Luna iulie 2018, Procente, 123.1
Fabricarea  produselor textile, Luna august 2018, Procente, 88.3
Fabricarea  produselor textile, Luna septembrie 2018, Procente, 114.2
Fabricarea  produselor textile, Luna octombrie 2018, Procente, 130
Fabricarea  produselor textile, Luna noiembrie 2018, Procente, 123.1
Fabricarea  produselor textile, Luna decembrie 2018, Procente, 89.4
Fabricarea  produselor textile, Luna ianuarie 2019, Procente, 106
Fabricarea  produselor textile, Luna februarie 2019, Procente, 121.7
Fabricarea  produselor textile, Luna martie 2019, Procente, 128.8
Fabricarea  produselor textile, Luna aprilie 2019, Procente, 110.4
Fabricarea  produselor textile, Luna mai 2019, Procente, 123.8
Fabricarea  produselor textile, Luna iunie 2019, Procente, 98.1
Fabricarea  produselor textile, Luna iulie 2019, Procente, 105.5
Fabricarea  produselor textile, Luna august 2019, Procente, 72.6
Fabricarea  produselor textile, Luna septembrie 2019, Procente, 108.2
Fabricarea  produselor textile, Luna octombrie 2019, Procente, 109.7
Fabricarea  produselor textile, Luna noiembrie 2019, Procente, 108.5
Fabricarea  produselor textile, Luna decembrie 2019, Procente, 80.4
Fabricarea  produselor textile, Luna ianuarie 2020, Procente, 107.3
Fabricarea  produselor textile, Luna februarie 2020, Procente, 112.8
Fabricarea  produselor textile, Luna martie 2020, Procente, 93.9
Fabricarea  produselor textile, Luna aprilie 2020, Procente, 50.7
Fabricarea  produselor textile, Luna mai 2020, Procente, 71.6
Fabricarea  produselor textile, Luna iunie 2020, Procente, 96.7
Fabricarea  produselor textile, Luna iulie 2020, Procente, 112.3
Fabricarea  produselor textile, Luna august 2020, Procente, 82.5
Fabricarea  produselor textile, Luna septembrie 2020, Procente, 115.4
Fabricarea  produselor textile, Luna octombrie 2020, Procente, 121.6
Fabricarea  produselor textile, Luna noiembrie 2020, Procente, 105.2
Fabricarea  produselor textile, Luna decembrie 2020, Procente, 84.8
Fabricarea  produselor textile, Luna ianuarie 2021, Procente, 90.8
Fabricarea  produselor textile, Luna februarie 2021, Procente, 105.7
Fabricarea  produselor textile, Luna martie 2021, Procente, 108.5
Fabricarea  produselor textile, Luna aprilie 2021, Procente, 96.2
Fabricarea  produselor textile, Luna mai 2021, Procente, 93.3
Fabricarea  produselor textile, Luna iunie 2021, Procente, 112.9
Fabricarea  produselor textile, Luna iulie 2021, Procente, 90.3
Fabricarea  produselor textile, Luna august 2021, Procente, 70.8
Fabricarea  produselor textile, Luna septembrie 2021, Procente, 116.3
Fabricarea  produselor textile, Luna octombrie 2021, Procente, 108.5
Fabricarea  produselor textile, Luna noiembrie 2021, Procente, 116.3
Fabricarea  produselor textile, Luna decembrie 2021, Procente, 90.4
Fabricarea  produselor textile, Luna ianuarie 2022, Procente, 105.8
Fabricarea  produselor textile, Luna februarie 2022, Procente, 108.7
Fabricarea  produselor textile, Luna martie 2022, Procente, 117.4
Fabricarea  produselor textile, Luna aprilie 2022, Procente, 106.4
Fabricarea  produselor textile, Luna mai 2022, Procente, 106.4
Fabricarea  produselor textile, Luna iunie 2022, Procente, 94.4
Fabricarea  produselor textile, Luna iulie 2022, Procente, 85.5
Fabricarea  produselor textile, Luna august 2022, Procente, 79.1
Fabricarea  produselor textile, Luna septembrie 2022, Procente, 107
Fabricarea  produselor textile, Luna octombrie 2022, Procente, 104.5
Fabricarea  produselor textile, Luna noiembrie 2022, Procente, 106.8
Fabricarea  produselor textile, Luna decembrie 2022, Procente, 71.3
Fabricarea  produselor textile, Luna ianuarie 2023, Procente, 87.9
Fabricarea  produselor textile, Luna februarie 2023, Procente, 100.6
Fabricarea  produselor textile, Luna martie 2023, Procente, 110.9
Fabricarea  produselor textile, Luna aprilie 2023, Procente, 83
Fabricarea  produselor textile, Luna mai 2023, Procente, 104.5
Fabricarea  produselor textile, Luna iunie 2023, Procente, 85.2
Fabricarea  produselor textile, Luna iulie 2023, Procente, 70.8
Fabricarea  produselor textile, Luna august 2023, Procente, 64.4
Fabricarea  produselor textile, Luna septembrie 2023, Procente, 89
Fabricarea  produselor textile, Luna octombrie 2023, Procente, 89.8
Fabricarea  produselor textile, Luna noiembrie 2023, Procente, 79.8
Fabricarea  produselor textile, Luna decembrie 2023, Procente, 68.9
Fabricarea  produselor textile, Luna ianuarie 2024, Procente, 79.9
Fabricarea  produselor textile, Luna februarie 2024, Procente, 89.7
Fabricarea  produselor textile, Luna martie 2024, Procente, 91.2
Fabricarea  produselor textile, Luna aprilie 2024, Procente, 90
Fabricarea  produselor textile, Luna mai 2024, Procente, 78.1
Fabricarea  produselor textile, Luna iunie 2024, Procente, 74
Fabricarea  produselor textile, Luna iulie 2024, Procente, 71.1
Fabricarea  produselor textile, Luna august 2024, Procente, 60.6
Fabricarea  produselor textile, Luna septembrie 2024, Procente, 80.1
Fabricarea  produselor textile, Luna octombrie 2024, Procente, 89.8
Fabricarea  produselor textile, Luna noiembrie 2024, Procente, 77.8
Fabricarea  produselor textile, Luna decembrie 2024, Procente, 57.7
Fabricarea  produselor textile, Luna ianuarie 2025, Procente, 60.4
Fabricarea  produselor textile, Luna februarie 2025, Procente, 75.4
Fabricarea articolelor de imbracaminte, Luna ianuarie 2005, Procente, 410.3
Fabricarea articolelor de imbracaminte, Luna februarie 2005, Procente, 416.3
Fabricarea articolelor de imbracaminte, Luna martie 2005, Procente, 438.9
Fabricarea articolelor de imbracaminte, Luna aprilie 2005, Procente, 382.5
Fabricarea articolelor de imbracaminte, Luna mai 2005, Procente, 392.2
Fabricarea articolelor de imbracaminte, Luna iunie 2005, Procente, 436
Fabricarea articolelor de imbracaminte, Luna iulie 2005, Procente, 433.3
Fabricarea articolelor de imbracaminte, Luna august 2005, Procente, 377.7
Fabricarea articolelor de imbracaminte, Luna septembrie 2005, Procente, 407.7
Fabricarea articolelor de imbracaminte, Luna octombrie 2005, Procente, 398.5
Fabricarea articolelor de imbracaminte, Luna noiembrie 2005, Procente, 425.1
Fabricarea articolelor de imbracaminte, Luna decembrie 2005, Procente, 369.7
Fabricarea articolelor de imbracaminte, Luna ianuarie 2006, Procente, 402.5
Fabricarea articolelor de imbracaminte, Luna februarie 2006, Procente, 459.6
Fabricarea articolelor de imbracaminte, Luna martie 2006, Procente, 455.1
Fabricarea articolelor de imbracaminte, Luna aprilie 2006, Procente, 363.3
Fabricarea articolelor de imbracaminte, Luna mai 2006, Procente, 433.9
Fabricarea articolelor de imbracaminte, Luna iunie 2006, Procente, 450.8
Fabricarea articolelor de imbracaminte, Luna iulie 2006, Procente, 434.9
Fabricarea articolelor de imbracaminte, Luna august 2006, Procente, 385.4
Fabricarea articolelor de imbracaminte, Luna septembrie 2006, Procente, 405.8
Fabricarea articolelor de imbracaminte, Luna octombrie 2006, Procente, 403.6
Fabricarea articolelor de imbracaminte, Luna noiembrie 2006, Procente, 420.9
Fabricarea articolelor de imbracaminte, Luna decembrie 2006, Procente, 331.9
Fabricarea articolelor de imbracaminte, Luna ianuarie 2007, Procente, 377.9
Fabricarea articolelor de imbracaminte, Luna februarie 2007, Procente, 408.2
Fabricarea articolelor de imbracaminte, Luna martie 2007, Procente, 438
Fabricarea articolelor de imbracaminte, Luna aprilie 2007, Procente, 333.6
Fabricarea articolelor de imbracaminte, Luna mai 2007, Procente, 385
Fabricarea articolelor de imbracaminte, Luna iunie 2007, Procente, 393.3
Fabricarea articolelor de imbracaminte, Luna iulie 2007, Procente, 376.5
Fabricarea articolelor de imbracaminte, Luna august 2007, Procente, 315.3
Fabricarea articolelor de imbracaminte, Luna septembrie 2007, Procente, 334.7
Fabricarea articolelor de imbracaminte, Luna octombrie 2007, Procente, 354.4
Fabricarea articolelor de imbracaminte, Luna noiembrie 2007, Procente, 366.1
Fabricarea articolelor de imbracaminte, Luna decembrie 2007, Procente, 260.1
Fabricarea articolelor de imbracaminte, Luna ianuarie 2008, Procente, 299.9
Fabricarea articolelor de imbracaminte, Luna februarie 2008, Procente, 347.5
Fabricarea articolelor de imbracaminte, Luna martie 2008, Procente, 314.4
Fabricarea articolelor de imbracaminte, Luna aprilie 2008, Procente, 300.5
Fabricarea articolelor de imbracaminte, Luna mai 2008, Procente, 306.8
Fabricarea articolelor de imbracaminte, Luna iunie 2008, Procente, 302.5
Fabricarea articolelor de imbracaminte, Luna iulie 2008, Procente, 305.2
Fabricarea articolelor de imbracaminte, Luna august 2008, Procente, 237.1
Fabricarea articolelor de imbracaminte, Luna septembrie 2008, Procente, 275.5
Fabricarea articolelor de imbracaminte, Luna octombrie 2008, Procente, 292.7
Fabricarea articolelor de imbracaminte, Luna noiembrie 2008, Procente, 272.3
Fabricarea articolelor de imbracaminte, Luna decembrie 2008, Procente, 218.3
Fabricarea articolelor de imbracaminte, Luna ianuarie 2009, Procente, 234.5
Fabricarea articolelor de imbracaminte, Luna februarie 2009, Procente, 238.6
Fabricarea articolelor de imbracaminte, Luna martie 2009, Procente, 240.4
Fabricarea articolelor de imbracaminte, Luna aprilie 2009, Procente, 211.7
Fabricarea articolelor de imbracaminte, Luna mai 2009, Procente, 223.9
Fabricarea articolelor de imbracaminte, Luna iunie 2009, Procente, 231
Fabricarea articolelor de imbracaminte, Luna iulie 2009, Procente, 245.6
Fabricarea articolelor de imbracaminte, Luna august 2009, Procente, 172.6
Fabricarea articolelor de imbracaminte, Luna septembrie 2009, Procente, 197.9
Fabricarea articolelor de imbracaminte, Luna octombrie 2009, Procente, 215.1
Fabricarea articolelor de imbracaminte, Luna noiembrie 2009, Procente, 202.2
Fabricarea articolelor de imbracaminte, Luna decembrie 2009, Procente, 174.3
Fabricarea articolelor de imbracaminte, Luna ianuarie 2010, Procente, 197.8
Fabricarea articolelor de imbracaminte, Luna februarie 2010, Procente, 207.1
Fabricarea articolelor de imbracaminte, Luna martie 2010, Procente, 232
Fabricarea articolelor de imbracaminte, Luna aprilie 2010, Procente, 199.2
Fabricarea articolelor de imbracaminte, Luna mai 2010, Procente, 217.1
Fabricarea articolelor de imbracaminte, Luna iunie 2010, Procente, 228.1
Fabricarea articolelor de imbracaminte, Luna iulie 2010, Procente, 243.8
Fabricarea articolelor de imbracaminte, Luna august 2010, Procente, 198.9
Fabricarea articolelor de imbracaminte, Luna septembrie 2010, Procente, 211.9
Fabricarea articolelor de imbracaminte, Luna octombrie 2010, Procente, 227.8
Fabricarea articolelor de imbracaminte, Luna noiembrie 2010, Procente, 231.1
Fabricarea articolelor de imbracaminte, Luna decembrie 2010, Procente, 191
Fabricarea articolelor de imbracaminte, Luna ianuarie 2011, Procente, 213.1
Fabricarea articolelor de imbracaminte, Luna februarie 2011, Procente, 219.9
Fabricarea articolelor de imbracaminte, Luna martie 2011, Procente, 232.8
Fabricarea articolelor de imbracaminte, Luna aprilie 2011, Procente, 199.6
Fabricarea articolelor de imbracaminte, Luna mai 2011, Procente, 224.9
Fabricarea articolelor de imbracaminte, Luna iunie 2011, Procente, 234.4
Fabricarea articolelor de imbracaminte, Luna iulie 2011, Procente, 242.9
Fabricarea articolelor de imbracaminte, Luna august 2011, Procente, 213.4
Fabricarea articolelor de imbracaminte, Luna septembrie 2011, Procente, 229.9
Fabricarea articolelor de imbracaminte, Luna octombrie 2011, Procente, 216.4
Fabricarea articolelor de imbracaminte, Luna noiembrie 2011, Procente, 219
Fabricarea articolelor de imbracaminte, Luna decembrie 2011, Procente, 184.1
Fabricarea articolelor de imbracaminte, Luna ianuarie 2012, Procente, 215.2
Fabricarea articolelor de imbracaminte, Luna februarie 2012, Procente, 211.5
Fabricarea articolelor de imbracaminte, Luna martie 2012, Procente, 235.2
Fabricarea articolelor de imbracaminte, Luna aprilie 2012, Procente, 186.4
Fabricarea articolelor de imbracaminte, Luna mai 2012, Procente, 232.6
Fabricarea articolelor de imbracaminte, Luna iunie 2012, Procente, 230.2
Fabricarea articolelor de imbracaminte, Luna iulie 2012, Procente, 236.3
Fabricarea articolelor de imbracaminte, Luna august 2012, Procente, 199.4
Fabricarea articolelor de imbracaminte, Luna septembrie 2012, Procente, 201.1
Fabricarea articolelor de imbracaminte, Luna octombrie 2012, Procente, 221.9
Fabricarea articolelor de imbracaminte, Luna noiembrie 2012, Procente, 229.8
Fabricarea articolelor de imbracaminte, Luna decembrie 2012, Procente, 172.9
Fabricarea articolelor de imbracaminte, Luna ianuarie 2013, Procente, 218.6
Fabricarea articolelor de imbracaminte, Luna februarie 2013, Procente, 219.6
Fabricarea articolelor de imbracaminte, Luna martie 2013, Procente, 230.8
Fabricarea articolelor de imbracaminte, Luna aprilie 2013, Procente, 229.4
Fabricarea articolelor de imbracaminte, Luna mai 2013, Procente, 217.1
Fabricarea articolelor de imbracaminte, Luna iunie 2013, Procente, 246.6
Fabricarea articolelor de imbracaminte, Luna iulie 2013, Procente, 259.9
Fabricarea articolelor de imbracaminte, Luna august 2013, Procente, 222.5
Fabricarea articolelor de imbracaminte, Luna septembrie 2013, Procente, 240.3
Fabricarea articolelor de imbracaminte, Luna octombrie 2013, Procente, 251.4
Fabricarea articolelor de imbracaminte, Luna noiembrie 2013, Procente, 248.6
Fabricarea articolelor de imbracaminte, Luna decembrie 2013, Procente, 188.9
Fabricarea articolelor de imbracaminte, Luna ianuarie 2014, Procente, 224.4
Fabricarea articolelor de imbracaminte, Luna februarie 2014, Procente, 235.3
Fabricarea articolelor de imbracaminte, Luna martie 2014, Procente, 238.2
Fabricarea articolelor de imbracaminte, Luna aprilie 2014, Procente, 217.5
Fabricarea articolelor de imbracaminte, Luna mai 2014, Procente, 246.1
Fabricarea articolelor de imbracaminte, Luna iunie 2014, Procente, 259.4
Fabricarea articolelor de imbracaminte, Luna iulie 2014, Procente, 264.8
Fabricarea articolelor de imbracaminte, Luna august 2014, Procente, 203.5
Fabricarea articolelor de imbracaminte, Luna septembrie 2014, Procente, 229.3
Fabricarea articolelor de imbracaminte, Luna octombrie 2014, Procente, 248.8
Fabricarea articolelor de imbracaminte, Luna noiembrie 2014, Procente, 230.5
Fabricarea articolelor de imbracaminte, Luna decembrie 2014, Procente, 185.8
Fabricarea articolelor de imbracaminte, Luna ianuarie 2015, Procente, 208.9
Fabricarea articolelor de imbracaminte, Luna februarie 2015, Procente, 222.2
Fabricarea articolelor de imbracaminte, Luna martie 2015, Procente, 226.3
Fabricarea articolelor de imbracaminte, Luna aprilie 2015, Procente, 205.1
Fabricarea articolelor de imbracaminte, Luna mai 2015, Procente, 220.6
Fabricarea articolelor de imbracaminte, Luna iunie 2015, Procente, 232.3
Fabricarea articolelor de imbracaminte, Luna iulie 2015, Procente, 244.7
Fabricarea articolelor de imbracaminte, Luna august 2015, Procente, 185
Fabricarea articolelor de imbracaminte, Luna septembrie 2015, Procente, 212.1
Fabricarea articolelor de imbracaminte, Luna octombrie 2015, Procente, 224.1
Fabricarea articolelor de imbracaminte, Luna noiembrie 2015, Procente, 215.8
Fabricarea articolelor de imbracaminte, Luna decembrie 2015, Procente, 180.9
Fabricarea articolelor de imbracaminte, Luna ianuarie 2016, Procente, 200.7
Fabricarea articolelor de imbracaminte, Luna februarie 2016, Procente, 235.1
Fabricarea articolelor de imbracaminte, Luna martie 2016, Procente, 229.7
Fabricarea articolelor de imbracaminte, Luna aprilie 2016, Procente, 228
Fabricarea articolelor de imbracaminte, Luna mai 2016, Procente, 216.5
Fabricarea articolelor de imbracaminte, Luna iunie 2016, Procente, 231.9
Fabricarea articolelor de imbracaminte, Luna iulie 2016, Procente, 230.7
Fabricarea articolelor de imbracaminte, Luna august 2016, Procente, 185.5
Fabricarea articolelor de imbracaminte, Luna septembrie 2016, Procente, 218.3
Fabricarea articolelor de imbracaminte, Luna octombrie 2016, Procente, 206.1
Fabricarea articolelor de imbracaminte, Luna noiembrie 2016, Procente, 206.5
Fabricarea articolelor de imbracaminte, Luna decembrie 2016, Procente, 172.4
Fabricarea articolelor de imbracaminte, Luna ianuarie 2017, Procente, 180.1
Fabricarea articolelor de imbracaminte, Luna februarie 2017, Procente, 195.8
Fabricarea articolelor de imbracaminte, Luna martie 2017, Procente, 224.8
Fabricarea articolelor de imbracaminte, Luna aprilie 2017, Procente, 174.6
Fabricarea articolelor de imbracaminte, Luna mai 2017, Procente, 211.1
Fabricarea articolelor de imbracaminte, Luna iunie 2017, Procente, 199.8
Fabricarea articolelor de imbracaminte, Luna iulie 2017, Procente, 206.6
Fabricarea articolelor de imbracaminte, Luna august 2017, Procente, 160.3
Fabricarea articolelor de imbracaminte, Luna septembrie 2017, Procente, 197.8
Fabricarea articolelor de imbracaminte, Luna octombrie 2017, Procente, 190.2
Fabricarea articolelor de imbracaminte, Luna noiembrie 2017, Procente, 190.4
Fabricarea articolelor de imbracaminte, Luna decembrie 2017, Procente, 143.4
Fabricarea articolelor de imbracaminte, Luna ianuarie 2018, Procente, 168.9
Fabricarea articolelor de imbracaminte, Luna februarie 2018, Procente, 175.2
Fabricarea articolelor de imbracaminte, Luna martie 2018, Procente, 190.1
Fabricarea articolelor de imbracaminte, Luna aprilie 2018, Procente, 153.9
Fabricarea articolelor de imbracaminte, Luna mai 2018, Procente, 181.3
Fabricarea articolelor de imbracaminte, Luna iunie 2018, Procente, 185.7
Fabricarea articolelor de imbracaminte, Luna iulie 2018, Procente, 190.2
Fabricarea articolelor de imbracaminte, Luna august 2018, Procente, 147.1
Fabricarea articolelor de imbracaminte, Luna septembrie 2018, Procente, 167.2
Fabricarea articolelor de imbracaminte, Luna octombrie 2018, Procente, 175
Fabricarea articolelor de imbracaminte, Luna noiembrie 2018, Procente, 168.1
Fabricarea articolelor de imbracaminte, Luna decembrie 2018, Procente, 130.4
Fabricarea articolelor de imbracaminte, Luna ianuarie 2019, Procente, 139.9
Fabricarea articolelor de imbracaminte, Luna februarie 2019, Procente, 155.4
Fabricarea articolelor de imbracaminte, Luna martie 2019, Procente, 167
Fabricarea articolelor de imbracaminte, Luna aprilie 2019, Procente, 139.7
Fabricarea articolelor de imbracaminte, Luna mai 2019, Procente, 152.5
Fabricarea articolelor de imbracaminte, Luna iunie 2019, Procente, 158.9
Fabricarea articolelor de imbracaminte, Luna iulie 2019, Procente, 167
Fabricarea articolelor de imbracaminte, Luna august 2019, Procente, 127.2
Fabricarea articolelor de imbracaminte, Luna septembrie 2019, Procente, 154
Fabricarea articolelor de imbracaminte, Luna octombrie 2019, Procente, 158.9
Fabricarea articolelor de imbracaminte, Luna noiembrie 2019, Procente, 152.3
Fabricarea articolelor de imbracaminte, Luna decembrie 2019, Procente, 123.7
Fabricarea articolelor de imbracaminte, Luna ianuarie 2020, Procente, 115.4
Fabricarea articolelor de imbracaminte, Luna februarie 2020, Procente, 123.5
Fabricarea articolelor de imbracaminte, Luna martie 2020, Procente, 104
Fabricarea articolelor de imbracaminte, Luna aprilie 2020, Procente, 74.2
Fabricarea articolelor de imbracaminte, Luna mai 2020, Procente, 115.1
Fabricarea articolelor de imbracaminte, Luna iunie 2020, Procente, 127.1
Fabricarea articolelor de imbracaminte, Luna iulie 2020, Procente, 130.4
Fabricarea articolelor de imbracaminte, Luna august 2020, Procente, 96.8
Fabricarea articolelor de imbracaminte, Luna septembrie 2020, Procente, 110.8
Fabricarea articolelor de imbracaminte, Luna octombrie 2020, Procente, 114.3
Fabricarea articolelor de imbracaminte, Luna noiembrie 2020, Procente, 106.2
Fabricarea articolelor de imbracaminte, Luna decembrie 2020, Procente, 93.5
Fabricarea articolelor de imbracaminte, Luna ianuarie 2021, Procente, 88.3
Fabricarea articolelor de imbracaminte, Luna februarie 2021, Procente, 89
Fabricarea articolelor de imbracaminte, Luna martie 2021, Procente, 92.8
Fabricarea articolelor de imbracaminte, Luna aprilie 2021, Procente, 93.1
Fabricarea articolelor de imbracaminte, Luna mai 2021, Procente, 97.2
Fabricarea articolelor de imbracaminte, Luna iunie 2021, Procente, 106.1
Fabricarea articolelor de imbracaminte, Luna iulie 2021, Procente, 116.5
Fabricarea articolelor de imbracaminte, Luna august 2021, Procente, 90.4
Fabricarea articolelor de imbracaminte, Luna septembrie 2021, Procente, 111.9
Fabricarea articolelor de imbracaminte, Luna octombrie 2021, Procente, 110.3
Fabricarea articolelor de imbracaminte, Luna noiembrie 2021, Procente, 108.5
Fabricarea articolelor de imbracaminte, Luna decembrie 2021, Procente, 95.9
Fabricarea articolelor de imbracaminte, Luna ianuarie 2022, Procente, 95.1
Fabricarea articolelor de imbracaminte, Luna februarie 2022, Procente, 105.7
Fabricarea articolelor de imbracaminte, Luna martie 2022, Procente, 115.9
Fabricarea articolelor de imbracaminte, Luna aprilie 2022, Procente, 101.3
Fabricarea articolelor de imbracaminte, Luna mai 2022, Procente, 113.1
Fabricarea articolelor de imbracaminte, Luna iunie 2022, Procente, 113.4
Fabricarea articolelor de imbracaminte, Luna iulie 2022, Procente, 111.3
Fabricarea articolelor de imbracaminte, Luna august 2022, Procente, 87.2
Fabricarea articolelor de imbracaminte, Luna septembrie 2022, Procente, 114.8
Fabricarea articolelor de imbracaminte, Luna octombrie 2022, Procente, 101.4
Fabricarea articolelor de imbracaminte, Luna noiembrie 2022, Procente, 103.8
Fabricarea articolelor de imbracaminte, Luna decembrie 2022, Procente, 84.1
Fabricarea articolelor de imbracaminte, Luna ianuarie 2023, Procente, 90.4
Fabricarea articolelor de imbracaminte, Luna februarie 2023, Procente, 98.7
Fabricarea articolelor de imbracaminte, Luna martie 2023, Procente, 112.1
Fabricarea articolelor de imbracaminte, Luna aprilie 2023, Procente, 85.9
Fabricarea articolelor de imbracaminte, Luna mai 2023, Procente, 107.4
Fabricarea articolelor de imbracaminte, Luna iunie 2023, Procente, 105.4
Fabricarea articolelor de imbracaminte, Luna iulie 2023, Procente, 101.5
Fabricarea articolelor de imbracaminte, Luna august 2023, Procente, 79.9
Fabricarea articolelor de imbracaminte, Luna septembrie 2023, Procente, 100.3
Fabricarea articolelor de imbracaminte, Luna octombrie 2023, Procente, 91.8
Fabricarea articolelor de imbracaminte, Luna noiembrie 2023, Procente, 90
Fabricarea articolelor de imbracaminte, Luna decembrie 2023, Procente, 67.3
Fabricarea articolelor de imbracaminte, Luna ianuarie 2024, Procente, 75.2
Fabricarea articolelor de imbracaminte, Luna februarie 2024, Procente, 82.5
Fabricarea articolelor de imbracaminte, Luna martie 2024, Procente, 79.2
Fabricarea articolelor de imbracaminte, Luna aprilie 2024, Procente, 84.4
Fabricarea articolelor de imbracaminte, Luna mai 2024, Procente, 79.8
Fabricarea articolelor de imbracaminte, Luna iunie 2024, Procente, 80.4
Fabricarea articolelor de imbracaminte, Luna iulie 2024, Procente, 89.3
Fabricarea articolelor de imbracaminte, Luna august 2024, Procente, 68.5
Fabricarea articolelor de imbracaminte, Luna septembrie 2024, Procente, 75.9
Fabricarea articolelor de imbracaminte, Luna octombrie 2024, Procente, 88.6
Fabricarea articolelor de imbracaminte, Luna noiembrie 2024, Procente, 73.3
Fabricarea articolelor de imbracaminte, Luna decembrie 2024, Procente, 56
Fabricarea articolelor de imbracaminte, Luna ianuarie 2025, Procente, 59.4
Fabricarea articolelor de imbracaminte, Luna februarie 2025, Procente, 66.1
Tabacirea si finisarea pieilor  fabricarea articolelor de voiaj si marochinarie  harnasamentelor si incaltamintei  prepararea si vopsirea blanurilor, Luna ianuarie 2005, Procente, 266.6
Tabacirea si finisarea pieilor  fabricarea articolelor de voiaj si marochinarie  harnasamentelor si incaltamintei  prepararea si vopsirea blanurilor, Luna februarie 2005, Procente, 277.5
Tabacirea si finisarea pieilor  fabricarea articolelor de voiaj si marochinarie  harnasamentelor si incaltamintei  prepararea si vopsirea blanurilor, Luna martie 2005, Procente, 292.8
Tabacirea si finisarea pieilor  fabricarea articolelor de voiaj si marochinarie  harnasamentelor si incaltamintei  prepararea si vopsirea blanurilor, Luna aprilie 2005, Procente, 318.6
Tabacirea si finisarea pieilor  fabricarea articolelor de voiaj si marochinarie  harnasamentelor si incaltamintei  prepararea si vopsirea blanurilor, Luna mai 2005, Procente, 276.1
Tabacirea si finisarea pieilor  fabricarea articolelor de voiaj si marochinarie  harnasamentelor si incaltamintei  prepararea si vopsirea blanurilor, Luna iunie 2005, Procente, 310.8
Tabacirea si finisarea pieilor  fabricarea articolelor de voiaj si marochinarie  harnasamentelor si incaltamintei  prepararea si vopsirea blanurilor, Luna iulie 2005, Procente, 282.9
Tabacirea si finisarea pieilor  fabricarea articolelor de voiaj si marochinarie  harnasamentelor si incaltamintei  prepararea si vopsirea blanurilor, Luna august 2005, Procente, 235.7
Tabacirea si finisarea pieilor  fabricarea articolelor de voiaj si marochinarie  harnasamentelor si incaltamintei  prepararea si vopsirea blanurilor, Luna septembrie 2005, Procente, 280.1
Tabacirea si finisarea pieilor  fabricarea articolelor de voiaj si marochinarie  harnasamentelor si incaltamintei  prepararea si vopsirea blanurilor, Luna octombrie 2005, Procente, 250.3
Tabacirea si finisarea pieilor  fabricarea articolelor de voiaj si marochinarie  harnasamentelor si incaltamintei  prepararea si vopsirea blanurilor, Luna noiembrie 2005, Procente, 266.6
Tabacirea si finisarea pieilor  fabricarea articolelor de voiaj si marochinarie  harnasamentelor si incaltamintei  prepararea si vopsirea blanurilor, Luna decembrie 2005, Procente, 231.8
Tabacirea si finisarea pieilor  fabricarea articolelor de voiaj si marochinarie  harnasamentelor si incaltamintei  prepararea si vopsirea blanurilor, Luna ianuarie 2006, Procente, 284.9
Tabacirea si finisarea pieilor  fabricarea articolelor de voiaj si marochinarie  harnasamentelor si incaltamintei  prepararea si vopsirea blanurilor, Luna februarie 2006, Procente, 301.3
Tabacirea si finisarea pieilor  fabricarea articolelor de voiaj si marochinarie  harnasamentelor si incaltamintei  prepararea si vopsirea blanurilor, Luna martie 2006, Procente, 336.8
Tabacirea si finisarea pieilor  fabricarea articolelor de voiaj si marochinarie  harnasamentelor si incaltamintei  prepararea si vopsirea blanurilor, Luna aprilie 2006, Procente, 248.5
Tabacirea si finisarea pieilor  fabricarea articolelor de voiaj si marochinarie  harnasamentelor si incaltamintei  prepararea si vopsirea blanurilor, Luna mai 2006, Procente, 284
Tabacirea si finisarea pieilor  fabricarea articolelor de voiaj si marochinarie  harnasamentelor si incaltamintei  prepararea si vopsirea blanurilor, Luna iunie 2006, Procente, 329.3
Tabacirea si finisarea pieilor  fabricarea articolelor de voiaj si marochinarie  harnasamentelor si incaltamintei  prepararea si vopsirea blanurilor, Luna iulie 2006, Procente, 286.9
Tabacirea si finisarea pieilor  fabricarea articolelor de voiaj si marochinarie  harnasamentelor si incaltamintei  prepararea si vopsirea blanurilor, Luna august 2006, Procente, 233.7
Tabacirea si finisarea pieilor  fabricarea articolelor de voiaj si marochinarie  harnasamentelor si incaltamintei  prepararea si vopsirea blanurilor, Luna septembrie 2006, Procente, 276.5
Tabacirea si finisarea pieilor  fabricarea articolelor de voiaj si marochinarie  harnasamentelor si incaltamintei  prepararea si vopsirea blanurilor, Luna octombrie 2006, Procente, 284.8
Tabacirea si finisarea pieilor  fabricarea articolelor de voiaj si marochinarie  harnasamentelor si incaltamintei  prepararea si vopsirea blanurilor, Luna noiembrie 2006, Procente, 267.2
Tabacirea si finisarea pieilor  fabricarea articolelor de voiaj si marochinarie  harnasamentelor si incaltamintei  prepararea si vopsirea blanurilor, Luna decembrie 2006, Procente, 208.2
Tabacirea si finisarea pieilor  fabricarea articolelor de voiaj si marochinarie  harnasamentelor si incaltamintei  prepararea si vopsirea blanurilor, Luna ianuarie 2007, Procente, 297.2
Tabacirea si finisarea pieilor  fabricarea articolelor de voiaj si marochinarie  harnasamentelor si incaltamintei  prepararea si vopsirea blanurilor, Luna februarie 2007, Procente, 307.6
Tabacirea si finisarea pieilor  fabricarea articolelor de voiaj si marochinarie  harnasamentelor si incaltamintei  prepararea si vopsirea blanurilor, Luna martie 2007, Procente, 325.2
Tabacirea si finisarea pieilor  fabricarea articolelor de voiaj si marochinarie  harnasamentelor si incaltamintei  prepararea si vopsirea blanurilor, Luna aprilie 2007, Procente, 240
Tabacirea si finisarea pieilor  fabricarea articolelor de voiaj si marochinarie  harnasamentelor si incaltamintei  prepararea si vopsirea blanurilor, Luna mai 2007, Procente, 275.2
Tabacirea si finisarea pieilor  fabricarea articolelor de voiaj si marochinarie  harnasamentelor si incaltamintei  prepararea si vopsirea blanurilor, Luna iunie 2007, Procente, 285
Tabacirea si finisarea pieilor  fabricarea articolelor de voiaj si marochinarie  harnasamentelor si incaltamintei  prepararea si vopsirea blanurilor, Luna iulie 2007, Procente, 289.7
Tabacirea si finisarea pieilor  fabricarea articolelor de voiaj si marochinarie  harnasamentelor si incaltamintei  prepararea si vopsirea blanurilor, Luna august 2007, Procente, 204.9
Tabacirea si finisarea pieilor  fabricarea articolelor de voiaj si marochinarie  harnasamentelor si incaltamintei  prepararea si vopsirea blanurilor, Luna septembrie 2007, Procente, 237.1
Tabacirea si finisarea pieilor  fabricarea articolelor de voiaj si marochinarie  harnasamentelor si incaltamintei  prepararea si vopsirea blanurilor, Luna octombrie 2007, Procente, 236
Tabacirea si finisarea pieilor  fabricarea articolelor de voiaj si marochinarie  harnasamentelor si incaltamintei  prepararea si vopsirea blanurilor, Luna noiembrie 2007, Procente, 257.1
Tabacirea si finisarea pieilor  fabricarea articolelor de voiaj si marochinarie  harnasamentelor si incaltamintei  prepararea si vopsirea blanurilor, Luna decembrie 2007, Procente, 199.9
Tabacirea si finisarea pieilor  fabricarea articolelor de voiaj si marochinarie  harnasamentelor si incaltamintei  prepararea si vopsirea blanurilor, Luna ianuarie 2008, Procente, 256.7
Tabacirea si finisarea pieilor  fabricarea articolelor de voiaj si marochinarie  harnasamentelor si incaltamintei  prepararea si vopsirea blanurilor, Luna februarie 2008, Procente, 293
Tabacirea si finisarea pieilor  fabricarea articolelor de voiaj si marochinarie  harnasamentelor si incaltamintei  prepararea si vopsirea blanurilor, Luna martie 2008, Procente, 266.5
Tabacirea si finisarea pieilor  fabricarea articolelor de voiaj si marochinarie  harnasamentelor si incaltamintei  prepararea si vopsirea blanurilor, Luna aprilie 2008, Procente, 242.9
Tabacirea si finisarea pieilor  fabricarea articolelor de voiaj si marochinarie  harnasamentelor si incaltamintei  prepararea si vopsirea blanurilor, Luna mai 2008, Procente, 220.4
Tabacirea si finisarea pieilor  fabricarea articolelor de voiaj si marochinarie  harnasamentelor si incaltamintei  prepararea si vopsirea blanurilor, Luna iunie 2008, Procente, 244.1
Tabacirea si finisarea pieilor  fabricarea articolelor de voiaj si marochinarie  harnasamentelor si incaltamintei  prepararea si vopsirea blanurilor, Luna iulie 2008, Procente, 256.9
Tabacirea si finisarea pieilor  fabricarea articolelor de voiaj si marochinarie  harnasamentelor si incaltamintei  prepararea si vopsirea blanurilor, Luna august 2008, Procente, 153.6
Tabacirea si finisarea pieilor  fabricarea articolelor de voiaj si marochinarie  harnasamentelor si incaltamintei  prepararea si vopsirea blanurilor, Luna septembrie 2008, Procente, 220
Tabacirea si finisarea pieilor  fabricarea articolelor de voiaj si marochinarie  harnasamentelor si incaltamintei  prepararea si vopsirea blanurilor, Luna octombrie 2008, Procente, 207.9
Tabacirea si finisarea pieilor  fabricarea articolelor de voiaj si marochinarie  harnasamentelor si incaltamintei  prepararea si vopsirea blanurilor, Luna noiembrie 2008, Procente, 199.7
Tabacirea si finisarea pieilor  fabricarea articolelor de voiaj si marochinarie  harnasamentelor si incaltamintei  prepararea si vopsirea blanurilor, Luna decembrie 2008, Procente, 158.6
Tabacirea si finisarea pieilor  fabricarea articolelor de voiaj si marochinarie  harnasamentelor si incaltamintei  prepararea si vopsirea blanurilor, Luna ianuarie 2009, Procente, 210.5
Tabacirea si finisarea pieilor  fabricarea articolelor de voiaj si marochinarie  harnasamentelor si incaltamintei  prepararea si vopsirea blanurilor, Luna februarie 2009, Procente, 212.4
Tabacirea si finisarea pieilor  fabricarea articolelor de voiaj si marochinarie  harnasamentelor si incaltamintei  prepararea si vopsirea blanurilor, Luna martie 2009, Procente, 200.5
Tabacirea si finisarea pieilor  fabricarea articolelor de voiaj si marochinarie  harnasamentelor si incaltamintei  prepararea si vopsirea blanurilor, Luna aprilie 2009, Procente, 152.8
Tabacirea si finisarea pieilor  fabricarea articolelor de voiaj si marochinarie  harnasamentelor si incaltamintei  prepararea si vopsirea blanurilor, Luna mai 2009, Procente, 174
Tabacirea si finisarea pieilor  fabricarea articolelor de voiaj si marochinarie  harnasamentelor si incaltamintei  prepararea si vopsirea blanurilor, Luna iunie 2009, Procente, 190.9
Tabacirea si finisarea pieilor  fabricarea articolelor de voiaj si marochinarie  harnasamentelor si incaltamintei  prepararea si vopsirea blanurilor, Luna iulie 2009, Procente, 203.1
Tabacirea si finisarea pieilor  fabricarea articolelor de voiaj si marochinarie  harnasamentelor si incaltamintei  prepararea si vopsirea blanurilor, Luna august 2009, Procente, 133.5
Tabacirea si finisarea pieilor  fabricarea articolelor de voiaj si marochinarie  harnasamentelor si incaltamintei  prepararea si vopsirea blanurilor, Luna septembrie 2009, Procente, 162.9
Tabacirea si finisarea pieilor  fabricarea articolelor de voiaj si marochinarie  harnasamentelor si incaltamintei  prepararea si vopsirea blanurilor, Luna octombrie 2009, Procente, 166.6
Tabacirea si finisarea pieilor  fabricarea articolelor de voiaj si marochinarie  harnasamentelor si incaltamintei  prepararea si vopsirea blanurilor, Luna noiembrie 2009, Procente, 174.2
Tabacirea si finisarea pieilor  fabricarea articolelor de voiaj si marochinarie  harnasamentelor si incaltamintei  prepararea si vopsirea blanurilor, Luna decembrie 2009, Procente, 161.8
Tabacirea si finisarea pieilor  fabricarea articolelor de voiaj si marochinarie  harnasamentelor si incaltamintei  prepararea si vopsirea blanurilor, Luna ianuarie 2010, Procente, 179.8
Tabacirea si finisarea pieilor  fabricarea articolelor de voiaj si marochinarie  harnasamentelor si incaltamintei  prepararea si vopsirea blanurilor, Luna februarie 2010, Procente, 193
Tabacirea si finisarea pieilor  fabricarea articolelor de voiaj si marochinarie  harnasamentelor si incaltamintei  prepararea si vopsirea blanurilor, Luna martie 2010, Procente, 207.9
Tabacirea si finisarea pieilor  fabricarea articolelor de voiaj si marochinarie  harnasamentelor si incaltamintei  prepararea si vopsirea blanurilor, Luna aprilie 2010, Procente, 176.6
Tabacirea si finisarea pieilor  fabricarea articolelor de voiaj si marochinarie  harnasamentelor si incaltamintei  prepararea si vopsirea blanurilor, Luna mai 2010, Procente, 182.9
Tabacirea si finisarea pieilor  fabricarea articolelor de voiaj si marochinarie  harnasamentelor si incaltamintei  prepararea si vopsirea blanurilor, Luna iunie 2010, Procente, 196.2
Tabacirea si finisarea pieilor  fabricarea articolelor de voiaj si marochinarie  harnasamentelor si incaltamintei  prepararea si vopsirea blanurilor, Luna iulie 2010, Procente, 202.7
Tabacirea si finisarea pieilor  fabricarea articolelor de voiaj si marochinarie  harnasamentelor si incaltamintei  prepararea si vopsirea blanurilor, Luna august 2010, Procente, 149.3
Tabacirea si finisarea pieilor  fabricarea articolelor de voiaj si marochinarie  harnasamentelor si incaltamintei  prepararea si vopsirea blanurilor, Luna septembrie 2010, Procente, 187.3
Tabacirea si finisarea pieilor  fabricarea articolelor de voiaj si marochinarie  harnasamentelor si incaltamintei  prepararea si vopsirea blanurilor, Luna octombrie 2010, Procente, 194.3
Tabacirea si finisarea pieilor  fabricarea articolelor de voiaj si marochinarie  harnasamentelor si incaltamintei  prepararea si vopsirea blanurilor, Luna noiembrie 2010, Procente, 203.3
Tabacirea si finisarea pieilor  fabricarea articolelor de voiaj si marochinarie  harnasamentelor si incaltamintei  prepararea si vopsirea blanurilor, Luna decembrie 2010, Procente, 159.3
Tabacirea si finisarea pieilor  fabricarea articolelor de voiaj si marochinarie  harnasamentelor si incaltamintei  prepararea si vopsirea blanurilor, Luna ianuarie 2011, Procente, 203.6
Tabacirea si finisarea pieilor  fabricarea articolelor de voiaj si marochinarie  harnasamentelor si incaltamintei  prepararea si vopsirea blanurilor, Luna februarie 2011, Procente, 203.8
Tabacirea si finisarea pieilor  fabricarea articolelor de voiaj si marochinarie  harnasamentelor si incaltamintei  prepararea si vopsirea blanurilor, Luna martie 2011, Procente, 219.1
Tabacirea si finisarea pieilor  fabricarea articolelor de voiaj si marochinarie  harnasamentelor si incaltamintei  prepararea si vopsirea blanurilor, Luna aprilie 2011, Procente, 180.6
Tabacirea si finisarea pieilor  fabricarea articolelor de voiaj si marochinarie  harnasamentelor si incaltamintei  prepararea si vopsirea blanurilor, Luna mai 2011, Procente, 199.8
Tabacirea si finisarea pieilor  fabricarea articolelor de voiaj si marochinarie  harnasamentelor si incaltamintei  prepararea si vopsirea blanurilor, Luna iunie 2011, Procente, 205.4
Tabacirea si finisarea pieilor  fabricarea articolelor de voiaj si marochinarie  harnasamentelor si incaltamintei  prepararea si vopsirea blanurilor, Luna iulie 2011, Procente, 209.7
Tabacirea si finisarea pieilor  fabricarea articolelor de voiaj si marochinarie  harnasamentelor si incaltamintei  prepararea si vopsirea blanurilor, Luna august 2011, Procente, 159.3
Tabacirea si finisarea pieilor  fabricarea articolelor de voiaj si marochinarie  harnasamentelor si incaltamintei  prepararea si vopsirea blanurilor, Luna septembrie 2011, Procente, 202.9
Tabacirea si finisarea pieilor  fabricarea articolelor de voiaj si marochinarie  harnasamentelor si incaltamintei  prepararea si vopsirea blanurilor, Luna octombrie 2011, Procente, 185.4
Tabacirea si finisarea pieilor  fabricarea articolelor de voiaj si marochinarie  harnasamentelor si incaltamintei  prepararea si vopsirea blanurilor, Luna noiembrie 2011, Procente, 192.2
Tabacirea si finisarea pieilor  fabricarea articolelor de voiaj si marochinarie  harnasamentelor si incaltamintei  prepararea si vopsirea blanurilor, Luna decembrie 2011, Procente, 151.7
Tabacirea si finisarea pieilor  fabricarea articolelor de voiaj si marochinarie  harnasamentelor si incaltamintei  prepararea si vopsirea blanurilor, Luna ianuarie 2012, Procente, 184.9
Tabacirea si finisarea pieilor  fabricarea articolelor de voiaj si marochinarie  harnasamentelor si incaltamintei  prepararea si vopsirea blanurilor, Luna februarie 2012, Procente, 185.6
Tabacirea si finisarea pieilor  fabricarea articolelor de voiaj si marochinarie  harnasamentelor si incaltamintei  prepararea si vopsirea blanurilor, Luna martie 2012, Procente, 200
Tabacirea si finisarea pieilor  fabricarea articolelor de voiaj si marochinarie  harnasamentelor si incaltamintei  prepararea si vopsirea blanurilor, Luna aprilie 2012, Procente, 161.7
Tabacirea si finisarea pieilor  fabricarea articolelor de voiaj si marochinarie  harnasamentelor si incaltamintei  prepararea si vopsirea blanurilor, Luna mai 2012, Procente, 202.1
Tabacirea si finisarea pieilor  fabricarea articolelor de voiaj si marochinarie  harnasamentelor si incaltamintei  prepararea si vopsirea blanurilor, Luna iunie 2012, Procente, 191.9
Tabacirea si finisarea pieilor  fabricarea articolelor de voiaj si marochinarie  harnasamentelor si incaltamintei  prepararea si vopsirea blanurilor, Luna iulie 2012, Procente, 197.7
Tabacirea si finisarea pieilor  fabricarea articolelor de voiaj si marochinarie  harnasamentelor si incaltamintei  prepararea si vopsirea blanurilor, Luna august 2012, Procente, 154.6
Tabacirea si finisarea pieilor  fabricarea articolelor de voiaj si marochinarie  harnasamentelor si incaltamintei  prepararea si vopsirea blanurilor, Luna septembrie 2012, Procente, 171.3
Tabacirea si finisarea pieilor  fabricarea articolelor de voiaj si marochinarie  harnasamentelor si incaltamintei  prepararea si vopsirea blanurilor, Luna octombrie 2012, Procente, 178.4
Tabacirea si finisarea pieilor  fabricarea articolelor de voiaj si marochinarie  harnasamentelor si incaltamintei  prepararea si vopsirea blanurilor, Luna noiembrie 2012, Procente, 189.4
Tabacirea si finisarea pieilor  fabricarea articolelor de voiaj si marochinarie  harnasamentelor si incaltamintei  prepararea si vopsirea blanurilor, Luna decembrie 2012, Procente, 153.7
Tabacirea si finisarea pieilor  fabricarea articolelor de voiaj si marochinarie  harnasamentelor si incaltamintei  prepararea si vopsirea blanurilor, Luna ianuarie 2013, Procente, 203.9
Tabacirea si finisarea pieilor  fabricarea articolelor de voiaj si marochinarie  harnasamentelor si incaltamintei  prepararea si vopsirea blanurilor, Luna februarie 2013, Procente, 207.5
Tabacirea si finisarea pieilor  fabricarea articolelor de voiaj si marochinarie  harnasamentelor si incaltamintei  prepararea si vopsirea blanurilor, Luna martie 2013, Procente, 194
Tabacirea si finisarea pieilor  fabricarea articolelor de voiaj si marochinarie  harnasamentelor si incaltamintei  prepararea si vopsirea blanurilor, Luna aprilie 2013, Procente, 184.8
Tabacirea si finisarea pieilor  fabricarea articolelor de voiaj si marochinarie  harnasamentelor si incaltamintei  prepararea si vopsirea blanurilor, Luna mai 2013, Procente, 176.6
Tabacirea si finisarea pieilor  fabricarea articolelor de voiaj si marochinarie  harnasamentelor si incaltamintei  prepararea si vopsirea blanurilor, Luna iunie 2013, Procente, 190.3
Tabacirea si finisarea pieilor  fabricarea articolelor de voiaj si marochinarie  harnasamentelor si incaltamintei  prepararea si vopsirea blanurilor, Luna iulie 2013, Procente, 203.8
Tabacirea si finisarea pieilor  fabricarea articolelor de voiaj si marochinarie  harnasamentelor si incaltamintei  prepararea si vopsirea blanurilor, Luna august 2013, Procente, 153.3
Tabacirea si finisarea pieilor  fabricarea articolelor de voiaj si marochinarie  harnasamentelor si incaltamintei  prepararea si vopsirea blanurilor, Luna septembrie 2013, Procente, 192.3
Tabacirea si finisarea pieilor  fabricarea articolelor de voiaj si marochinarie  harnasamentelor si incaltamintei  prepararea si vopsirea blanurilor, Luna octombrie 2013, Procente, 190.9
Tabacirea si finisarea pieilor  fabricarea articolelor de voiaj si marochinarie  harnasamentelor si incaltamintei  prepararea si vopsirea blanurilor, Luna noiembrie 2013, Procente, 199.9
Tabacirea si finisarea pieilor  fabricarea articolelor de voiaj si marochinarie  harnasamentelor si incaltamintei  prepararea si vopsirea blanurilor, Luna decembrie 2013, Procente, 159.2
Tabacirea si finisarea pieilor  fabricarea articolelor de voiaj si marochinarie  harnasamentelor si incaltamintei  prepararea si vopsirea blanurilor, Luna ianuarie 2014, Procente, 216.3
Tabacirea si finisarea pieilor  fabricarea articolelor de voiaj si marochinarie  harnasamentelor si incaltamintei  prepararea si vopsirea blanurilor, Luna februarie 2014, Procente, 215.8
Tabacirea si finisarea pieilor  fabricarea articolelor de voiaj si marochinarie  harnasamentelor si incaltamintei  prepararea si vopsirea blanurilor, Luna martie 2014, Procente, 209.6
Tabacirea si finisarea pieilor  fabricarea articolelor de voiaj si marochinarie  harnasamentelor si incaltamintei  prepararea si vopsirea blanurilor, Luna aprilie 2014, Procente, 193.1
Tabacirea si finisarea pieilor  fabricarea articolelor de voiaj si marochinarie  harnasamentelor si incaltamintei  prepararea si vopsirea blanurilor, Luna mai 2014, Procente, 210.9
Tabacirea si finisarea pieilor  fabricarea articolelor de voiaj si marochinarie  harnasamentelor si incaltamintei  prepararea si vopsirea blanurilor, Luna iunie 2014, Procente, 198.6
Tabacirea si finisarea pieilor  fabricarea articolelor de voiaj si marochinarie  harnasamentelor si incaltamintei  prepararea si vopsirea blanurilor, Luna iulie 2014, Procente, 218.4
Tabacirea si finisarea pieilor  fabricarea articolelor de voiaj si marochinarie  harnasamentelor si incaltamintei  prepararea si vopsirea blanurilor, Luna august 2014, Procente, 152.1
Tabacirea si finisarea pieilor  fabricarea articolelor de voiaj si marochinarie  harnasamentelor si incaltamintei  prepararea si vopsirea blanurilor, Luna septembrie 2014, Procente, 210
Tabacirea si finisarea pieilor  fabricarea articolelor de voiaj si marochinarie  harnasamentelor si incaltamintei  prepararea si vopsirea blanurilor, Luna octombrie 2014, Procente, 205.1
Tabacirea si finisarea pieilor  fabricarea articolelor de voiaj si marochinarie  harnasamentelor si incaltamintei  prepararea si vopsirea blanurilor, Luna noiembrie 2014, Procente, 189.4
Tabacirea si finisarea pieilor  fabricarea articolelor de voiaj si marochinarie  harnasamentelor si incaltamintei  prepararea si vopsirea blanurilor, Luna decembrie 2014, Procente, 154.6
Tabacirea si finisarea pieilor  fabricarea articolelor de voiaj si marochinarie  harnasamentelor si incaltamintei  prepararea si vopsirea blanurilor, Luna ianuarie 2015, Procente, 207.5
Tabacirea si finisarea pieilor  fabricarea articolelor de voiaj si marochinarie  harnasamentelor si incaltamintei  prepararea si vopsirea blanurilor, Luna februarie 2015, Procente, 203.8
Tabacirea si finisarea pieilor  fabricarea articolelor de voiaj si marochinarie  harnasamentelor si incaltamintei  prepararea si vopsirea blanurilor, Luna martie 2015, Procente, 239
Tabacirea si finisarea pieilor  fabricarea articolelor de voiaj si marochinarie  harnasamentelor si incaltamintei  prepararea si vopsirea blanurilor, Luna aprilie 2015, Procente, 172.3
Tabacirea si finisarea pieilor  fabricarea articolelor de voiaj si marochinarie  harnasamentelor si incaltamintei  prepararea si vopsirea blanurilor, Luna mai 2015, Procente, 186.1
Tabacirea si finisarea pieilor  fabricarea articolelor de voiaj si marochinarie  harnasamentelor si incaltamintei  prepararea si vopsirea blanurilor, Luna iunie 2015, Procente, 196.6
Tabacirea si finisarea pieilor  fabricarea articolelor de voiaj si marochinarie  harnasamentelor si incaltamintei  prepararea si vopsirea blanurilor, Luna iulie 2015, Procente, 212.6
Tabacirea si finisarea pieilor  fabricarea articolelor de voiaj si marochinarie  harnasamentelor si incaltamintei  prepararea si vopsirea blanurilor, Luna august 2015, Procente, 133.2
Tabacirea si finisarea pieilor  fabricarea articolelor de voiaj si marochinarie  harnasamentelor si incaltamintei  prepararea si vopsirea blanurilor, Luna septembrie 2015, Procente, 186.4
Tabacirea si finisarea pieilor  fabricarea articolelor de voiaj si marochinarie  harnasamentelor si incaltamintei  prepararea si vopsirea blanurilor, Luna octombrie 2015, Procente, 183.7
Tabacirea si finisarea pieilor  fabricarea articolelor de voiaj si marochinarie  harnasamentelor si incaltamintei  prepararea si vopsirea blanurilor, Luna noiembrie 2015, Procente, 183.3
Tabacirea si finisarea pieilor  fabricarea articolelor de voiaj si marochinarie  harnasamentelor si incaltamintei  prepararea si vopsirea blanurilor, Luna decembrie 2015, Procente, 140.3
Tabacirea si finisarea pieilor  fabricarea articolelor de voiaj si marochinarie  harnasamentelor si incaltamintei  prepararea si vopsirea blanurilor, Luna ianuarie 2016, Procente, 184.3
Tabacirea si finisarea pieilor  fabricarea articolelor de voiaj si marochinarie  harnasamentelor si incaltamintei  prepararea si vopsirea blanurilor, Luna februarie 2016, Procente, 197.5
Tabacirea si finisarea pieilor  fabricarea articolelor de voiaj si marochinarie  harnasamentelor si incaltamintei  prepararea si vopsirea blanurilor, Luna martie 2016, Procente, 195.5
Tabacirea si finisarea pieilor  fabricarea articolelor de voiaj si marochinarie  harnasamentelor si incaltamintei  prepararea si vopsirea blanurilor, Luna aprilie 2016, Procente, 181.7
Tabacirea si finisarea pieilor  fabricarea articolelor de voiaj si marochinarie  harnasamentelor si incaltamintei  prepararea si vopsirea blanurilor, Luna mai 2016, Procente, 180.6
Tabacirea si finisarea pieilor  fabricarea articolelor de voiaj si marochinarie  harnasamentelor si incaltamintei  prepararea si vopsirea blanurilor, Luna iunie 2016, Procente, 190.2
Tabacirea si finisarea pieilor  fabricarea articolelor de voiaj si marochinarie  harnasamentelor si incaltamintei  prepararea si vopsirea blanurilor, Luna iulie 2016, Procente, 189.8
Tabacirea si finisarea pieilor  fabricarea articolelor de voiaj si marochinarie  harnasamentelor si incaltamintei  prepararea si vopsirea blanurilor, Luna august 2016, Procente, 146.6
Tabacirea si finisarea pieilor  fabricarea articolelor de voiaj si marochinarie  harnasamentelor si incaltamintei  prepararea si vopsirea blanurilor, Luna septembrie 2016, Procente, 192.6
Tabacirea si finisarea pieilor  fabricarea articolelor de voiaj si marochinarie  harnasamentelor si incaltamintei  prepararea si vopsirea blanurilor, Luna octombrie 2016, Procente, 181.2
Tabacirea si finisarea pieilor  fabricarea articolelor de voiaj si marochinarie  harnasamentelor si incaltamintei  prepararea si vopsirea blanurilor, Luna noiembrie 2016, Procente, 193
Tabacirea si finisarea pieilor  fabricarea articolelor de voiaj si marochinarie  harnasamentelor si incaltamintei  prepararea si vopsirea blanurilor, Luna decembrie 2016, Procente, 143.8
Tabacirea si finisarea pieilor  fabricarea articolelor de voiaj si marochinarie  harnasamentelor si incaltamintei  prepararea si vopsirea blanurilor, Luna ianuarie 2017, Procente, 178.9
Tabacirea si finisarea pieilor  fabricarea articolelor de voiaj si marochinarie  harnasamentelor si incaltamintei  prepararea si vopsirea blanurilor, Luna februarie 2017, Procente, 196.7
Tabacirea si finisarea pieilor  fabricarea articolelor de voiaj si marochinarie  harnasamentelor si incaltamintei  prepararea si vopsirea blanurilor, Luna martie 2017, Procente, 210.6
Tabacirea si finisarea pieilor  fabricarea articolelor de voiaj si marochinarie  harnasamentelor si incaltamintei  prepararea si vopsirea blanurilor, Luna aprilie 2017, Procente, 167.3
Tabacirea si finisarea pieilor  fabricarea articolelor de voiaj si marochinarie  harnasamentelor si incaltamintei  prepararea si vopsirea blanurilor, Luna mai 2017, Procente, 196.6
Tabacirea si finisarea pieilor  fabricarea articolelor de voiaj si marochinarie  harnasamentelor si incaltamintei  prepararea si vopsirea blanurilor, Luna iunie 2017, Procente, 180.8
Tabacirea si finisarea pieilor  fabricarea articolelor de voiaj si marochinarie  harnasamentelor si incaltamintei  prepararea si vopsirea blanurilor, Luna iulie 2017, Procente, 190
Tabacirea si finisarea pieilor  fabricarea articolelor de voiaj si marochinarie  harnasamentelor si incaltamintei  prepararea si vopsirea blanurilor, Luna august 2017, Procente, 132.4
Tabacirea si finisarea pieilor  fabricarea articolelor de voiaj si marochinarie  harnasamentelor si incaltamintei  prepararea si vopsirea blanurilor, Luna septembrie 2017, Procente, 185.3
Tabacirea si finisarea pieilor  fabricarea articolelor de voiaj si marochinarie  harnasamentelor si incaltamintei  prepararea si vopsirea blanurilor, Luna octombrie 2017, Procente, 181.3
Tabacirea si finisarea pieilor  fabricarea articolelor de voiaj si marochinarie  harnasamentelor si incaltamintei  prepararea si vopsirea blanurilor, Luna noiembrie 2017, Procente, 183.6
Tabacirea si finisarea pieilor  fabricarea articolelor de voiaj si marochinarie  harnasamentelor si incaltamintei  prepararea si vopsirea blanurilor, Luna decembrie 2017, Procente, 136.6
Tabacirea si finisarea pieilor  fabricarea articolelor de voiaj si marochinarie  harnasamentelor si incaltamintei  prepararea si vopsirea blanurilor, Luna ianuarie 2018, Procente, 184.6
Tabacirea si finisarea pieilor  fabricarea articolelor de voiaj si marochinarie  harnasamentelor si incaltamintei  prepararea si vopsirea blanurilor, Luna februarie 2018, Procente, 185
Tabacirea si finisarea pieilor  fabricarea articolelor de voiaj si marochinarie  harnasamentelor si incaltamintei  prepararea si vopsirea blanurilor, Luna martie 2018, Procente, 187.5
Tabacirea si finisarea pieilor  fabricarea articolelor de voiaj si marochinarie  harnasamentelor si incaltamintei  prepararea si vopsirea blanurilor, Luna aprilie 2018, Procente, 155.6
Tabacirea si finisarea pieilor  fabricarea articolelor de voiaj si marochinarie  harnasamentelor si incaltamintei  prepararea si vopsirea blanurilor, Luna mai 2018, Procente, 182.9
Tabacirea si finisarea pieilor  fabricarea articolelor de voiaj si marochinarie  harnasamentelor si incaltamintei  prepararea si vopsirea blanurilor, Luna iunie 2018, Procente, 174.9
Tabacirea si finisarea pieilor  fabricarea articolelor de voiaj si marochinarie  harnasamentelor si incaltamintei  prepararea si vopsirea blanurilor, Luna iulie 2018, Procente, 182.5
Tabacirea si finisarea pieilor  fabricarea articolelor de voiaj si marochinarie  harnasamentelor si incaltamintei  prepararea si vopsirea blanurilor, Luna august 2018, Procente, 125.8
Tabacirea si finisarea pieilor  fabricarea articolelor de voiaj si marochinarie  harnasamentelor si incaltamintei  prepararea si vopsirea blanurilor, Luna septembrie 2018, Procente, 155.7
Tabacirea si finisarea pieilor  fabricarea articolelor de voiaj si marochinarie  harnasamentelor si incaltamintei  prepararea si vopsirea blanurilor, Luna octombrie 2018, Procente, 172
Tabacirea si finisarea pieilor  fabricarea articolelor de voiaj si marochinarie  harnasamentelor si incaltamintei  prepararea si vopsirea blanurilor, Luna noiembrie 2018, Procente, 180.8
Tabacirea si finisarea pieilor  fabricarea articolelor de voiaj si marochinarie  harnasamentelor si incaltamintei  prepararea si vopsirea blanurilor, Luna decembrie 2018, Procente, 127
Tabacirea si finisarea pieilor  fabricarea articolelor de voiaj si marochinarie  harnasamentelor si incaltamintei  prepararea si vopsirea blanurilor, Luna ianuarie 2019, Procente, 151.9
Tabacirea si finisarea pieilor  fabricarea articolelor de voiaj si marochinarie  harnasamentelor si incaltamintei  prepararea si vopsirea blanurilor, Luna februarie 2019, Procente, 161.6
Tabacirea si finisarea pieilor  fabricarea articolelor de voiaj si marochinarie  harnasamentelor si incaltamintei  prepararea si vopsirea blanurilor, Luna martie 2019, Procente, 165.5
Tabacirea si finisarea pieilor  fabricarea articolelor de voiaj si marochinarie  harnasamentelor si incaltamintei  prepararea si vopsirea blanurilor, Luna aprilie 2019, Procente, 136.3
Tabacirea si finisarea pieilor  fabricarea articolelor de voiaj si marochinarie  harnasamentelor si incaltamintei  prepararea si vopsirea blanurilor, Luna mai 2019, Procente, 152.5
Tabacirea si finisarea pieilor  fabricarea articolelor de voiaj si marochinarie  harnasamentelor si incaltamintei  prepararea si vopsirea blanurilor, Luna iunie 2019, Procente, 152.8
Tabacirea si finisarea pieilor  fabricarea articolelor de voiaj si marochinarie  harnasamentelor si incaltamintei  prepararea si vopsirea blanurilor, Luna iulie 2019, Procente, 158.6
Tabacirea si finisarea pieilor  fabricarea articolelor de voiaj si marochinarie  harnasamentelor si incaltamintei  prepararea si vopsirea blanurilor, Luna august 2019, Procente, 99.5
Tabacirea si finisarea pieilor  fabricarea articolelor de voiaj si marochinarie  harnasamentelor si incaltamintei  prepararea si vopsirea blanurilor, Luna septembrie 2019, Procente, 141.6
Tabacirea si finisarea pieilor  fabricarea articolelor de voiaj si marochinarie  harnasamentelor si incaltamintei  prepararea si vopsirea blanurilor, Luna octombrie 2019, Procente, 149.9
Tabacirea si finisarea pieilor  fabricarea articolelor de voiaj si marochinarie  harnasamentelor si incaltamintei  prepararea si vopsirea blanurilor, Luna noiembrie 2019, Procente, 133.3
Tabacirea si finisarea pieilor  fabricarea articolelor de voiaj si marochinarie  harnasamentelor si incaltamintei  prepararea si vopsirea blanurilor, Luna decembrie 2019, Procente, 91.2
Tabacirea si finisarea pieilor  fabricarea articolelor de voiaj si marochinarie  harnasamentelor si incaltamintei  prepararea si vopsirea blanurilor, Luna ianuarie 2020, Procente, 136.3
Tabacirea si finisarea pieilor  fabricarea articolelor de voiaj si marochinarie  harnasamentelor si incaltamintei  prepararea si vopsirea blanurilor, Luna februarie 2020, Procente, 122.4
Tabacirea si finisarea pieilor  fabricarea articolelor de voiaj si marochinarie  harnasamentelor si incaltamintei  prepararea si vopsirea blanurilor, Luna martie 2020, Procente, 99.2
Tabacirea si finisarea pieilor  fabricarea articolelor de voiaj si marochinarie  harnasamentelor si incaltamintei  prepararea si vopsirea blanurilor, Luna aprilie 2020, Procente, 41
Tabacirea si finisarea pieilor  fabricarea articolelor de voiaj si marochinarie  harnasamentelor si incaltamintei  prepararea si vopsirea blanurilor, Luna mai 2020, Procente, 84
Tabacirea si finisarea pieilor  fabricarea articolelor de voiaj si marochinarie  harnasamentelor si incaltamintei  prepararea si vopsirea blanurilor, Luna iunie 2020, Procente, 108.4
Tabacirea si finisarea pieilor  fabricarea articolelor de voiaj si marochinarie  harnasamentelor si incaltamintei  prepararea si vopsirea blanurilor, Luna iulie 2020, Procente, 121.5
Tabacirea si finisarea pieilor  fabricarea articolelor de voiaj si marochinarie  harnasamentelor si incaltamintei  prepararea si vopsirea blanurilor, Luna august 2020, Procente, 75
Tabacirea si finisarea pieilor  fabricarea articolelor de voiaj si marochinarie  harnasamentelor si incaltamintei  prepararea si vopsirea blanurilor, Luna septembrie 2020, Procente, 107.2
Tabacirea si finisarea pieilor  fabricarea articolelor de voiaj si marochinarie  harnasamentelor si incaltamintei  prepararea si vopsirea blanurilor, Luna octombrie 2020, Procente, 107.6
Tabacirea si finisarea pieilor  fabricarea articolelor de voiaj si marochinarie  harnasamentelor si incaltamintei  prepararea si vopsirea blanurilor, Luna noiembrie 2020, Procente, 96.4
Tabacirea si finisarea pieilor  fabricarea articolelor de voiaj si marochinarie  harnasamentelor si incaltamintei  prepararea si vopsirea blanurilor, Luna decembrie 2020, Procente, 81
Tabacirea si finisarea pieilor  fabricarea articolelor de voiaj si marochinarie  harnasamentelor si incaltamintei  prepararea si vopsirea blanurilor, Luna ianuarie 2021, Procente, 96.1
Tabacirea si finisarea pieilor  fabricarea articolelor de voiaj si marochinarie  harnasamentelor si incaltamintei  prepararea si vopsirea blanurilor, Luna februarie 2021, Procente, 99.8
Tabacirea si finisarea pieilor  fabricarea articolelor de voiaj si marochinarie  harnasamentelor si incaltamintei  prepararea si vopsirea blanurilor, Luna martie 2021, Procente, 104.9
Tabacirea si finisarea pieilor  fabricarea articolelor de voiaj si marochinarie  harnasamentelor si incaltamintei  prepararea si vopsirea blanurilor, Luna aprilie 2021, Procente, 101.5
Tabacirea si finisarea pieilor  fabricarea articolelor de voiaj si marochinarie  harnasamentelor si incaltamintei  prepararea si vopsirea blanurilor, Luna mai 2021, Procente, 96.6
Tabacirea si finisarea pieilor  fabricarea articolelor de voiaj si marochinarie  harnasamentelor si incaltamintei  prepararea si vopsirea blanurilor, Luna iunie 2021, Procente, 97.6
Tabacirea si finisarea pieilor  fabricarea articolelor de voiaj si marochinarie  harnasamentelor si incaltamintei  prepararea si vopsirea blanurilor, Luna iulie 2021, Procente, 113.7
Tabacirea si finisarea pieilor  fabricarea articolelor de voiaj si marochinarie  harnasamentelor si incaltamintei  prepararea si vopsirea blanurilor, Luna august 2021, Procente, 69.6
Tabacirea si finisarea pieilor  fabricarea articolelor de voiaj si marochinarie  harnasamentelor si incaltamintei  prepararea si vopsirea blanurilor, Luna septembrie 2021, Procente, 110.7
Tabacirea si finisarea pieilor  fabricarea articolelor de voiaj si marochinarie  harnasamentelor si incaltamintei  prepararea si vopsirea blanurilor, Luna octombrie 2021, Procente, 113.8
Tabacirea si finisarea pieilor  fabricarea articolelor de voiaj si marochinarie  harnasamentelor si incaltamintei  prepararea si vopsirea blanurilor, Luna noiembrie 2021, Procente, 109.3
Tabacirea si finisarea pieilor  fabricarea articolelor de voiaj si marochinarie  harnasamentelor si incaltamintei  prepararea si vopsirea blanurilor, Luna decembrie 2021, Procente, 86.4
Tabacirea si finisarea pieilor  fabricarea articolelor de voiaj si marochinarie  harnasamentelor si incaltamintei  prepararea si vopsirea blanurilor, Luna ianuarie 2022, Procente, 111.5
Tabacirea si finisarea pieilor  fabricarea articolelor de voiaj si marochinarie  harnasamentelor si incaltamintei  prepararea si vopsirea blanurilor, Luna februarie 2022, Procente, 119
Tabacirea si finisarea pieilor  fabricarea articolelor de voiaj si marochinarie  harnasamentelor si incaltamintei  prepararea si vopsirea blanurilor, Luna martie 2022, Procente, 138.2
Tabacirea si finisarea pieilor  fabricarea articolelor de voiaj si marochinarie  harnasamentelor si incaltamintei  prepararea si vopsirea blanurilor, Luna aprilie 2022, Procente, 125.1
Tabacirea si finisarea pieilor  fabricarea articolelor de voiaj si marochinarie  harnasamentelor si incaltamintei  prepararea si vopsirea blanurilor, Luna mai 2022, Procente, 142.5
Tabacirea si finisarea pieilor  fabricarea articolelor de voiaj si marochinarie  harnasamentelor si incaltamintei  prepararea si vopsirea blanurilor, Luna iunie 2022, Procente, 126.3
Tabacirea si finisarea pieilor  fabricarea articolelor de voiaj si marochinarie  harnasamentelor si incaltamintei  prepararea si vopsirea blanurilor, Luna iulie 2022, Procente, 132.9
Tabacirea si finisarea pieilor  fabricarea articolelor de voiaj si marochinarie  harnasamentelor si incaltamintei  prepararea si vopsirea blanurilor, Luna august 2022, Procente, 77.3
Tabacirea si finisarea pieilor  fabricarea articolelor de voiaj si marochinarie  harnasamentelor si incaltamintei  prepararea si vopsirea blanurilor, Luna septembrie 2022, Procente, 141.3
Tabacirea si finisarea pieilor  fabricarea articolelor de voiaj si marochinarie  harnasamentelor si incaltamintei  prepararea si vopsirea blanurilor, Luna octombrie 2022, Procente, 131.8
Tabacirea si finisarea pieilor  fabricarea articolelor de voiaj si marochinarie  harnasamentelor si incaltamintei  prepararea si vopsirea blanurilor, Luna noiembrie 2022, Procente, 129.6
Tabacirea si finisarea pieilor  fabricarea articolelor de voiaj si marochinarie  harnasamentelor si incaltamintei  prepararea si vopsirea blanurilor, Luna decembrie 2022, Procente, 92.7
Tabacirea si finisarea pieilor  fabricarea articolelor de voiaj si marochinarie  harnasamentelor si incaltamintei  prepararea si vopsirea blanurilor, Luna ianuarie 2023, Procente, 112.7
Tabacirea si finisarea pieilor  fabricarea articolelor de voiaj si marochinarie  harnasamentelor si incaltamintei  prepararea si vopsirea blanurilor, Luna februarie 2023, Procente, 120.3
Tabacirea si finisarea pieilor  fabricarea articolelor de voiaj si marochinarie  harnasamentelor si incaltamintei  prepararea si vopsirea blanurilor, Luna martie 2023, Procente, 132.7
Tabacirea si finisarea pieilor  fabricarea articolelor de voiaj si marochinarie  harnasamentelor si incaltamintei  prepararea si vopsirea blanurilor, Luna aprilie 2023, Procente, 98.6
Tabacirea si finisarea pieilor  fabricarea articolelor de voiaj si marochinarie  harnasamentelor si incaltamintei  prepararea si vopsirea blanurilor, Luna mai 2023, Procente, 123
Tabacirea si finisarea pieilor  fabricarea articolelor de voiaj si marochinarie  harnasamentelor si incaltamintei  prepararea si vopsirea blanurilor, Luna iunie 2023, Procente, 116.1
Tabacirea si finisarea pieilor  fabricarea articolelor de voiaj si marochinarie  harnasamentelor si incaltamintei  prepararea si vopsirea blanurilor, Luna iulie 2023, Procente, 112.4
Tabacirea si finisarea pieilor  fabricarea articolelor de voiaj si marochinarie  harnasamentelor si incaltamintei  prepararea si vopsirea blanurilor, Luna august 2023, Procente, 62.5
Tabacirea si finisarea pieilor  fabricarea articolelor de voiaj si marochinarie  harnasamentelor si incaltamintei  prepararea si vopsirea blanurilor, Luna septembrie 2023, Procente, 115.7
Tabacirea si finisarea pieilor  fabricarea articolelor de voiaj si marochinarie  harnasamentelor si incaltamintei  prepararea si vopsirea blanurilor, Luna octombrie 2023, Procente, 111.8
Tabacirea si finisarea pieilor  fabricarea articolelor de voiaj si marochinarie  harnasamentelor si incaltamintei  prepararea si vopsirea blanurilor, Luna noiembrie 2023, Procente, 109.2
Tabacirea si finisarea pieilor  fabricarea articolelor de voiaj si marochinarie  harnasamentelor si incaltamintei  prepararea si vopsirea blanurilor, Luna decembrie 2023, Procente, 79.3
Tabacirea si finisarea pieilor  fabricarea articolelor de voiaj si marochinarie  harnasamentelor si incaltamintei  prepararea si vopsirea blanurilor, Luna ianuarie 2024, Procente, 81
Tabacirea si finisarea pieilor  fabricarea articolelor de voiaj si marochinarie  harnasamentelor si incaltamintei  prepararea si vopsirea blanurilor, Luna februarie 2024, Procente, 86.5
Tabacirea si finisarea pieilor  fabricarea articolelor de voiaj si marochinarie  harnasamentelor si incaltamintei  prepararea si vopsirea blanurilor, Luna martie 2024, Procente, 93.5
Tabacirea si finisarea pieilor  fabricarea articolelor de voiaj si marochinarie  harnasamentelor si incaltamintei  prepararea si vopsirea blanurilor, Luna aprilie 2024, Procente, 96.1
Tabacirea si finisarea pieilor  fabricarea articolelor de voiaj si marochinarie  harnasamentelor si incaltamintei  prepararea si vopsirea blanurilor, Luna mai 2024, Procente, 93.1
Tabacirea si finisarea pieilor  fabricarea articolelor de voiaj si marochinarie  harnasamentelor si incaltamintei  prepararea si vopsirea blanurilor, Luna iunie 2024, Procente, 92.7
Tabacirea si finisarea pieilor  fabricarea articolelor de voiaj si marochinarie  harnasamentelor si incaltamintei  prepararea si vopsirea blanurilor, Luna iulie 2024, Procente, 97.3
Tabacirea si finisarea pieilor  fabricarea articolelor de voiaj si marochinarie  harnasamentelor si incaltamintei  prepararea si vopsirea blanurilor, Luna august 2024, Procente, 57.1
Tabacirea si finisarea pieilor  fabricarea articolelor de voiaj si marochinarie  harnasamentelor si incaltamintei  prepararea si vopsirea blanurilor, Luna septembrie 2024, Procente, 86.5
Tabacirea si finisarea pieilor  fabricarea articolelor de voiaj si marochinarie  harnasamentelor si incaltamintei  prepararea si vopsirea blanurilor, Luna octombrie 2024, Procente, 102.3
Tabacirea si finisarea pieilor  fabricarea articolelor de voiaj si marochinarie  harnasamentelor si incaltamintei  prepararea si vopsirea blanurilor, Luna noiembrie 2024, Procente, 93.3
Tabacirea si finisarea pieilor  fabricarea articolelor de voiaj si marochinarie  harnasamentelor si incaltamintei  prepararea si vopsirea blanurilor, Luna decembrie 2024, Procente, 69
Tabacirea si finisarea pieilor  fabricarea articolelor de voiaj si marochinarie  harnasamentelor si incaltamintei  prepararea si vopsirea blanurilor, Luna ianuarie 2025, Procente, 88.4
Tabacirea si finisarea pieilor  fabricarea articolelor de voiaj si marochinarie  harnasamentelor si incaltamintei  prepararea si vopsirea blanurilor, Luna februarie 2025, Procente, 83.1
Prelucrarea lemnului  fabricarea produselor din lemn si pluta cu exceptia  mobilei  fabricarea articolelor din paie si din alte materiale vegetale impletite, Luna ianuarie 2005, Procente, 55.9
Prelucrarea lemnului  fabricarea produselor din lemn si pluta cu exceptia  mobilei  fabricarea articolelor din paie si din alte materiale vegetale impletite, Luna februarie 2005, Procente, 54.4
Prelucrarea lemnului  fabricarea produselor din lemn si pluta cu exceptia  mobilei  fabricarea articolelor din paie si din alte materiale vegetale impletite, Luna martie 2005, Procente, 64.6
Prelucrarea lemnului  fabricarea produselor din lemn si pluta cu exceptia  mobilei  fabricarea articolelor din paie si din alte materiale vegetale impletite, Luna aprilie 2005, Procente, 61.6
Prelucrarea lemnului  fabricarea produselor din lemn si pluta cu exceptia  mobilei  fabricarea articolelor din paie si din alte materiale vegetale impletite, Luna mai 2005, Procente, 60.1
Prelucrarea lemnului  fabricarea produselor din lemn si pluta cu exceptia  mobilei  fabricarea articolelor din paie si din alte materiale vegetale impletite, Luna iunie 2005, Procente, 61.9
Prelucrarea lemnului  fabricarea produselor din lemn si pluta cu exceptia  mobilei  fabricarea articolelor din paie si din alte materiale vegetale impletite, Luna iulie 2005, Procente, 65.1
Prelucrarea lemnului  fabricarea produselor din lemn si pluta cu exceptia  mobilei  fabricarea articolelor din paie si din alte materiale vegetale impletite, Luna august 2005, Procente, 59.8
Prelucrarea lemnului  fabricarea produselor din lemn si pluta cu exceptia  mobilei  fabricarea articolelor din paie si din alte materiale vegetale impletite, Luna septembrie 2005, Procente, 68.2
Prelucrarea lemnului  fabricarea produselor din lemn si pluta cu exceptia  mobilei  fabricarea articolelor din paie si din alte materiale vegetale impletite, Luna octombrie 2005, Procente, 63.3
Prelucrarea lemnului  fabricarea produselor din lemn si pluta cu exceptia  mobilei  fabricarea articolelor din paie si din alte materiale vegetale impletite, Luna noiembrie 2005, Procente, 65.7
Prelucrarea lemnului  fabricarea produselor din lemn si pluta cu exceptia  mobilei  fabricarea articolelor din paie si din alte materiale vegetale impletite, Luna decembrie 2005, Procente, 51.9
Prelucrarea lemnului  fabricarea produselor din lemn si pluta cu exceptia  mobilei  fabricarea articolelor din paie si din alte materiale vegetale impletite, Luna ianuarie 2006, Procente, 62.5
Prelucrarea lemnului  fabricarea produselor din lemn si pluta cu exceptia  mobilei  fabricarea articolelor din paie si din alte materiale vegetale impletite, Luna februarie 2006, Procente, 70
Prelucrarea lemnului  fabricarea produselor din lemn si pluta cu exceptia  mobilei  fabricarea articolelor din paie si din alte materiale vegetale impletite, Luna martie 2006, Procente, 76.9
Prelucrarea lemnului  fabricarea produselor din lemn si pluta cu exceptia  mobilei  fabricarea articolelor din paie si din alte materiale vegetale impletite, Luna aprilie 2006, Procente, 69.7
Prelucrarea lemnului  fabricarea produselor din lemn si pluta cu exceptia  mobilei  fabricarea articolelor din paie si din alte materiale vegetale impletite, Luna mai 2006, Procente, 78
Prelucrarea lemnului  fabricarea produselor din lemn si pluta cu exceptia  mobilei  fabricarea articolelor din paie si din alte materiale vegetale impletite, Luna iunie 2006, Procente, 77.6
Prelucrarea lemnului  fabricarea produselor din lemn si pluta cu exceptia  mobilei  fabricarea articolelor din paie si din alte materiale vegetale impletite, Luna iulie 2006, Procente, 78.4
Prelucrarea lemnului  fabricarea produselor din lemn si pluta cu exceptia  mobilei  fabricarea articolelor din paie si din alte materiale vegetale impletite, Luna august 2006, Procente, 71.9
Prelucrarea lemnului  fabricarea produselor din lemn si pluta cu exceptia  mobilei  fabricarea articolelor din paie si din alte materiale vegetale impletite, Luna septembrie 2006, Procente, 77.4
Prelucrarea lemnului  fabricarea produselor din lemn si pluta cu exceptia  mobilei  fabricarea articolelor din paie si din alte materiale vegetale impletite, Luna octombrie 2006, Procente, 80.6
Prelucrarea lemnului  fabricarea produselor din lemn si pluta cu exceptia  mobilei  fabricarea articolelor din paie si din alte materiale vegetale impletite, Luna noiembrie 2006, Procente, 80.6
Prelucrarea lemnului  fabricarea produselor din lemn si pluta cu exceptia  mobilei  fabricarea articolelor din paie si din alte materiale vegetale impletite, Luna decembrie 2006, Procente, 66.3
Prelucrarea lemnului  fabricarea produselor din lemn si pluta cu exceptia  mobilei  fabricarea articolelor din paie si din alte materiale vegetale impletite, Luna ianuarie 2007, Procente, 77.5
Prelucrarea lemnului  fabricarea produselor din lemn si pluta cu exceptia  mobilei  fabricarea articolelor din paie si din alte materiale vegetale impletite, Luna februarie 2007, Procente, 80.4
Prelucrarea lemnului  fabricarea produselor din lemn si pluta cu exceptia  mobilei  fabricarea articolelor din paie si din alte materiale vegetale impletite, Luna martie 2007, Procente, 94.8
Prelucrarea lemnului  fabricarea produselor din lemn si pluta cu exceptia  mobilei  fabricarea articolelor din paie si din alte materiale vegetale impletite, Luna aprilie 2007, Procente, 79.4
Prelucrarea lemnului  fabricarea produselor din lemn si pluta cu exceptia  mobilei  fabricarea articolelor din paie si din alte materiale vegetale impletite, Luna mai 2007, Procente, 92.2
Prelucrarea lemnului  fabricarea produselor din lemn si pluta cu exceptia  mobilei  fabricarea articolelor din paie si din alte materiale vegetale impletite, Luna iunie 2007, Procente, 86.2
Prelucrarea lemnului  fabricarea produselor din lemn si pluta cu exceptia  mobilei  fabricarea articolelor din paie si din alte materiale vegetale impletite, Luna iulie 2007, Procente, 84.1
Prelucrarea lemnului  fabricarea produselor din lemn si pluta cu exceptia  mobilei  fabricarea articolelor din paie si din alte materiale vegetale impletite, Luna august 2007, Procente, 76.7
Prelucrarea lemnului  fabricarea produselor din lemn si pluta cu exceptia  mobilei  fabricarea articolelor din paie si din alte materiale vegetale impletite, Luna septembrie 2007, Procente, 78.9
Prelucrarea lemnului  fabricarea produselor din lemn si pluta cu exceptia  mobilei  fabricarea articolelor din paie si din alte materiale vegetale impletite, Luna octombrie 2007, Procente, 86.3
Prelucrarea lemnului  fabricarea produselor din lemn si pluta cu exceptia  mobilei  fabricarea articolelor din paie si din alte materiale vegetale impletite, Luna noiembrie 2007, Procente, 76.9
Prelucrarea lemnului  fabricarea produselor din lemn si pluta cu exceptia  mobilei  fabricarea articolelor din paie si din alte materiale vegetale impletite, Luna decembrie 2007, Procente, 62.4
Prelucrarea lemnului  fabricarea produselor din lemn si pluta cu exceptia  mobilei  fabricarea articolelor din paie si din alte materiale vegetale impletite, Luna ianuarie 2008, Procente, 73.3
Prelucrarea lemnului  fabricarea produselor din lemn si pluta cu exceptia  mobilei  fabricarea articolelor din paie si din alte materiale vegetale impletite, Luna februarie 2008, Procente, 85.1
Prelucrarea lemnului  fabricarea produselor din lemn si pluta cu exceptia  mobilei  fabricarea articolelor din paie si din alte materiale vegetale impletite, Luna martie 2008, Procente, 84
Prelucrarea lemnului  fabricarea produselor din lemn si pluta cu exceptia  mobilei  fabricarea articolelor din paie si din alte materiale vegetale impletite, Luna aprilie 2008, Procente, 84.5
Prelucrarea lemnului  fabricarea produselor din lemn si pluta cu exceptia  mobilei  fabricarea articolelor din paie si din alte materiale vegetale impletite, Luna mai 2008, Procente, 80.8
Prelucrarea lemnului  fabricarea produselor din lemn si pluta cu exceptia  mobilei  fabricarea articolelor din paie si din alte materiale vegetale impletite, Luna iunie 2008, Procente, 78.2
Prelucrarea lemnului  fabricarea produselor din lemn si pluta cu exceptia  mobilei  fabricarea articolelor din paie si din alte materiale vegetale impletite, Luna iulie 2008, Procente, 77.1
Prelucrarea lemnului  fabricarea produselor din lemn si pluta cu exceptia  mobilei  fabricarea articolelor din paie si din alte materiale vegetale impletite, Luna august 2008, Procente, 66
Prelucrarea lemnului  fabricarea produselor din lemn si pluta cu exceptia  mobilei  fabricarea articolelor din paie si din alte materiale vegetale impletite, Luna septembrie 2008, Procente, 72.3
Prelucrarea lemnului  fabricarea produselor din lemn si pluta cu exceptia  mobilei  fabricarea articolelor din paie si din alte materiale vegetale impletite, Luna octombrie 2008, Procente, 75.3
Prelucrarea lemnului  fabricarea produselor din lemn si pluta cu exceptia  mobilei  fabricarea articolelor din paie si din alte materiale vegetale impletite, Luna noiembrie 2008, Procente, 69.7
Prelucrarea lemnului  fabricarea produselor din lemn si pluta cu exceptia  mobilei  fabricarea articolelor din paie si din alte materiale vegetale impletite, Luna decembrie 2008, Procente, 52.6
Prelucrarea lemnului  fabricarea produselor din lemn si pluta cu exceptia  mobilei  fabricarea articolelor din paie si din alte materiale vegetale impletite, Luna ianuarie 2009, Procente, 66.9
Prelucrarea lemnului  fabricarea produselor din lemn si pluta cu exceptia  mobilei  fabricarea articolelor din paie si din alte materiale vegetale impletite, Luna februarie 2009, Procente, 78.9
Prelucrarea lemnului  fabricarea produselor din lemn si pluta cu exceptia  mobilei  fabricarea articolelor din paie si din alte materiale vegetale impletite, Luna martie 2009, Procente, 89.3
Prelucrarea lemnului  fabricarea produselor din lemn si pluta cu exceptia  mobilei  fabricarea articolelor din paie si din alte materiale vegetale impletite, Luna aprilie 2009, Procente, 84.7
Prelucrarea lemnului  fabricarea produselor din lemn si pluta cu exceptia  mobilei  fabricarea articolelor din paie si din alte materiale vegetale impletite, Luna mai 2009, Procente, 96.4
Prelucrarea lemnului  fabricarea produselor din lemn si pluta cu exceptia  mobilei  fabricarea articolelor din paie si din alte materiale vegetale impletite, Luna iunie 2009, Procente, 95.1
Prelucrarea lemnului  fabricarea produselor din lemn si pluta cu exceptia  mobilei  fabricarea articolelor din paie si din alte materiale vegetale impletite, Luna iulie 2009, Procente, 97.3
Prelucrarea lemnului  fabricarea produselor din lemn si pluta cu exceptia  mobilei  fabricarea articolelor din paie si din alte materiale vegetale impletite, Luna august 2009, Procente, 83.8
Prelucrarea lemnului  fabricarea produselor din lemn si pluta cu exceptia  mobilei  fabricarea articolelor din paie si din alte materiale vegetale impletite, Luna septembrie 2009, Procente, 96
Prelucrarea lemnului  fabricarea produselor din lemn si pluta cu exceptia  mobilei  fabricarea articolelor din paie si din alte materiale vegetale impletite, Luna octombrie 2009, Procente, 100.5
Prelucrarea lemnului  fabricarea produselor din lemn si pluta cu exceptia  mobilei  fabricarea articolelor din paie si din alte materiale vegetale impletite, Luna noiembrie 2009, Procente, 99
Prelucrarea lemnului  fabricarea produselor din lemn si pluta cu exceptia  mobilei  fabricarea articolelor din paie si din alte materiale vegetale impletite, Luna decembrie 2009, Procente, 74.7
Prelucrarea lemnului  fabricarea produselor din lemn si pluta cu exceptia  mobilei  fabricarea articolelor din paie si din alte materiale vegetale impletite, Luna ianuarie 2010, Procente, 75.6
Prelucrarea lemnului  fabricarea produselor din lemn si pluta cu exceptia  mobilei  fabricarea articolelor din paie si din alte materiale vegetale impletite, Luna februarie 2010, Procente, 86.4
Prelucrarea lemnului  fabricarea produselor din lemn si pluta cu exceptia  mobilei  fabricarea articolelor din paie si din alte materiale vegetale impletite, Luna martie 2010, Procente, 104.7
Prelucrarea lemnului  fabricarea produselor din lemn si pluta cu exceptia  mobilei  fabricarea articolelor din paie si din alte materiale vegetale impletite, Luna aprilie 2010, Procente, 101.3
Prelucrarea lemnului  fabricarea produselor din lemn si pluta cu exceptia  mobilei  fabricarea articolelor din paie si din alte materiale vegetale impletite, Luna mai 2010, Procente, 104.2
Prelucrarea lemnului  fabricarea produselor din lemn si pluta cu exceptia  mobilei  fabricarea articolelor din paie si din alte materiale vegetale impletite, Luna iunie 2010, Procente, 102.9
Prelucrarea lemnului  fabricarea produselor din lemn si pluta cu exceptia  mobilei  fabricarea articolelor din paie si din alte materiale vegetale impletite, Luna iulie 2010, Procente, 106.6
Prelucrarea lemnului  fabricarea produselor din lemn si pluta cu exceptia  mobilei  fabricarea articolelor din paie si din alte materiale vegetale impletite, Luna august 2010, Procente, 97
Prelucrarea lemnului  fabricarea produselor din lemn si pluta cu exceptia  mobilei  fabricarea articolelor din paie si din alte materiale vegetale impletite, Luna septembrie 2010, Procente, 104.6
Prelucrarea lemnului  fabricarea produselor din lemn si pluta cu exceptia  mobilei  fabricarea articolelor din paie si din alte materiale vegetale impletite, Luna octombrie 2010, Procente, 107.5
Prelucrarea lemnului  fabricarea produselor din lemn si pluta cu exceptia  mobilei  fabricarea articolelor din paie si din alte materiale vegetale impletite, Luna noiembrie 2010, Procente, 108.5
Prelucrarea lemnului  fabricarea produselor din lemn si pluta cu exceptia  mobilei  fabricarea articolelor din paie si din alte materiale vegetale impletite, Luna decembrie 2010, Procente, 95.5
Prelucrarea lemnului  fabricarea produselor din lemn si pluta cu exceptia  mobilei  fabricarea articolelor din paie si din alte materiale vegetale impletite, Luna ianuarie 2011, Procente, 96.4
Prelucrarea lemnului  fabricarea produselor din lemn si pluta cu exceptia  mobilei  fabricarea articolelor din paie si din alte materiale vegetale impletite, Luna februarie 2011, Procente, 97.2
Prelucrarea lemnului  fabricarea produselor din lemn si pluta cu exceptia  mobilei  fabricarea articolelor din paie si din alte materiale vegetale impletite, Luna martie 2011, Procente, 116.1
Prelucrarea lemnului  fabricarea produselor din lemn si pluta cu exceptia  mobilei  fabricarea articolelor din paie si din alte materiale vegetale impletite, Luna aprilie 2011, Procente, 111.3
Prelucrarea lemnului  fabricarea produselor din lemn si pluta cu exceptia  mobilei  fabricarea articolelor din paie si din alte materiale vegetale impletite, Luna mai 2011, Procente, 116.9
Prelucrarea lemnului  fabricarea produselor din lemn si pluta cu exceptia  mobilei  fabricarea articolelor din paie si din alte materiale vegetale impletite, Luna iunie 2011, Procente, 113.4
Prelucrarea lemnului  fabricarea produselor din lemn si pluta cu exceptia  mobilei  fabricarea articolelor din paie si din alte materiale vegetale impletite, Luna iulie 2011, Procente, 114.8
Prelucrarea lemnului  fabricarea produselor din lemn si pluta cu exceptia  mobilei  fabricarea articolelor din paie si din alte materiale vegetale impletite, Luna august 2011, Procente, 114.7
Prelucrarea lemnului  fabricarea produselor din lemn si pluta cu exceptia  mobilei  fabricarea articolelor din paie si din alte materiale vegetale impletite, Luna septembrie 2011, Procente, 117.3
Prelucrarea lemnului  fabricarea produselor din lemn si pluta cu exceptia  mobilei  fabricarea articolelor din paie si din alte materiale vegetale impletite, Luna octombrie 2011, Procente, 121.6
Prelucrarea lemnului  fabricarea produselor din lemn si pluta cu exceptia  mobilei  fabricarea articolelor din paie si din alte materiale vegetale impletite, Luna noiembrie 2011, Procente, 117.6
Prelucrarea lemnului  fabricarea produselor din lemn si pluta cu exceptia  mobilei  fabricarea articolelor din paie si din alte materiale vegetale impletite, Luna decembrie 2011, Procente, 102
Prelucrarea lemnului  fabricarea produselor din lemn si pluta cu exceptia  mobilei  fabricarea articolelor din paie si din alte materiale vegetale impletite, Luna ianuarie 2012, Procente, 112.8
Prelucrarea lemnului  fabricarea produselor din lemn si pluta cu exceptia  mobilei  fabricarea articolelor din paie si din alte materiale vegetale impletite, Luna februarie 2012, Procente, 103.3
Prelucrarea lemnului  fabricarea produselor din lemn si pluta cu exceptia  mobilei  fabricarea articolelor din paie si din alte materiale vegetale impletite, Luna martie 2012, Procente, 128.7
Prelucrarea lemnului  fabricarea produselor din lemn si pluta cu exceptia  mobilei  fabricarea articolelor din paie si din alte materiale vegetale impletite, Luna aprilie 2012, Procente, 110
Prelucrarea lemnului  fabricarea produselor din lemn si pluta cu exceptia  mobilei  fabricarea articolelor din paie si din alte materiale vegetale impletite, Luna mai 2012, Procente, 133.4
Prelucrarea lemnului  fabricarea produselor din lemn si pluta cu exceptia  mobilei  fabricarea articolelor din paie si din alte materiale vegetale impletite, Luna iunie 2012, Procente, 128
Prelucrarea lemnului  fabricarea produselor din lemn si pluta cu exceptia  mobilei  fabricarea articolelor din paie si din alte materiale vegetale impletite, Luna iulie 2012, Procente, 126
Prelucrarea lemnului  fabricarea produselor din lemn si pluta cu exceptia  mobilei  fabricarea articolelor din paie si din alte materiale vegetale impletite, Luna august 2012, Procente, 122.4
Prelucrarea lemnului  fabricarea produselor din lemn si pluta cu exceptia  mobilei  fabricarea articolelor din paie si din alte materiale vegetale impletite, Luna septembrie 2012, Procente, 121.7
Prelucrarea lemnului  fabricarea produselor din lemn si pluta cu exceptia  mobilei  fabricarea articolelor din paie si din alte materiale vegetale impletite, Luna octombrie 2012, Procente, 132
Prelucrarea lemnului  fabricarea produselor din lemn si pluta cu exceptia  mobilei  fabricarea articolelor din paie si din alte materiale vegetale impletite, Luna noiembrie 2012, Procente, 128
Prelucrarea lemnului  fabricarea produselor din lemn si pluta cu exceptia  mobilei  fabricarea articolelor din paie si din alte materiale vegetale impletite, Luna decembrie 2012, Procente, 106.5
Prelucrarea lemnului  fabricarea produselor din lemn si pluta cu exceptia  mobilei  fabricarea articolelor din paie si din alte materiale vegetale impletite, Luna ianuarie 2013, Procente, 119.8
Prelucrarea lemnului  fabricarea produselor din lemn si pluta cu exceptia  mobilei  fabricarea articolelor din paie si din alte materiale vegetale impletite, Luna februarie 2013, Procente, 120.7
Prelucrarea lemnului  fabricarea produselor din lemn si pluta cu exceptia  mobilei  fabricarea articolelor din paie si din alte materiale vegetale impletite, Luna martie 2013, Procente, 136
Prelucrarea lemnului  fabricarea produselor din lemn si pluta cu exceptia  mobilei  fabricarea articolelor din paie si din alte materiale vegetale impletite, Luna aprilie 2013, Procente, 140.5
Prelucrarea lemnului  fabricarea produselor din lemn si pluta cu exceptia  mobilei  fabricarea articolelor din paie si din alte materiale vegetale impletite, Luna mai 2013, Procente, 145.6
Prelucrarea lemnului  fabricarea produselor din lemn si pluta cu exceptia  mobilei  fabricarea articolelor din paie si din alte materiale vegetale impletite, Luna iunie 2013, Procente, 140.1
Prelucrarea lemnului  fabricarea produselor din lemn si pluta cu exceptia  mobilei  fabricarea articolelor din paie si din alte materiale vegetale impletite, Luna iulie 2013, Procente, 151.3
Prelucrarea lemnului  fabricarea produselor din lemn si pluta cu exceptia  mobilei  fabricarea articolelor din paie si din alte materiale vegetale impletite, Luna august 2013, Procente, 137.6
Prelucrarea lemnului  fabricarea produselor din lemn si pluta cu exceptia  mobilei  fabricarea articolelor din paie si din alte materiale vegetale impletite, Luna septembrie 2013, Procente, 143.9
Prelucrarea lemnului  fabricarea produselor din lemn si pluta cu exceptia  mobilei  fabricarea articolelor din paie si din alte materiale vegetale impletite, Luna octombrie 2013, Procente, 149.3
Prelucrarea lemnului  fabricarea produselor din lemn si pluta cu exceptia  mobilei  fabricarea articolelor din paie si din alte materiale vegetale impletite, Luna noiembrie 2013, Procente, 133.5
Prelucrarea lemnului  fabricarea produselor din lemn si pluta cu exceptia  mobilei  fabricarea articolelor din paie si din alte materiale vegetale impletite, Luna decembrie 2013, Procente, 112.5
Prelucrarea lemnului  fabricarea produselor din lemn si pluta cu exceptia  mobilei  fabricarea articolelor din paie si din alte materiale vegetale impletite, Luna ianuarie 2014, Procente, 128.4
Prelucrarea lemnului  fabricarea produselor din lemn si pluta cu exceptia  mobilei  fabricarea articolelor din paie si din alte materiale vegetale impletite, Luna februarie 2014, Procente, 121.9
Prelucrarea lemnului  fabricarea produselor din lemn si pluta cu exceptia  mobilei  fabricarea articolelor din paie si din alte materiale vegetale impletite, Luna martie 2014, Procente, 139.7
Prelucrarea lemnului  fabricarea produselor din lemn si pluta cu exceptia  mobilei  fabricarea articolelor din paie si din alte materiale vegetale impletite, Luna aprilie 2014, Procente, 133
Prelucrarea lemnului  fabricarea produselor din lemn si pluta cu exceptia  mobilei  fabricarea articolelor din paie si din alte materiale vegetale impletite, Luna mai 2014, Procente, 139.8
Prelucrarea lemnului  fabricarea produselor din lemn si pluta cu exceptia  mobilei  fabricarea articolelor din paie si din alte materiale vegetale impletite, Luna iunie 2014, Procente, 134.8
Prelucrarea lemnului  fabricarea produselor din lemn si pluta cu exceptia  mobilei  fabricarea articolelor din paie si din alte materiale vegetale impletite, Luna iulie 2014, Procente, 137.3
Prelucrarea lemnului  fabricarea produselor din lemn si pluta cu exceptia  mobilei  fabricarea articolelor din paie si din alte materiale vegetale impletite, Luna august 2014, Procente, 131
Prelucrarea lemnului  fabricarea produselor din lemn si pluta cu exceptia  mobilei  fabricarea articolelor din paie si din alte materiale vegetale impletite, Luna septembrie 2014, Procente, 135.5
Prelucrarea lemnului  fabricarea produselor din lemn si pluta cu exceptia  mobilei  fabricarea articolelor din paie si din alte materiale vegetale impletite, Luna octombrie 2014, Procente, 139.6
Prelucrarea lemnului  fabricarea produselor din lemn si pluta cu exceptia  mobilei  fabricarea articolelor din paie si din alte materiale vegetale impletite, Luna noiembrie 2014, Procente, 129.2
Prelucrarea lemnului  fabricarea produselor din lemn si pluta cu exceptia  mobilei  fabricarea articolelor din paie si din alte materiale vegetale impletite, Luna decembrie 2014, Procente, 116.1
Prelucrarea lemnului  fabricarea produselor din lemn si pluta cu exceptia  mobilei  fabricarea articolelor din paie si din alte materiale vegetale impletite, Luna ianuarie 2015, Procente, 117.4
Prelucrarea lemnului  fabricarea produselor din lemn si pluta cu exceptia  mobilei  fabricarea articolelor din paie si din alte materiale vegetale impletite, Luna februarie 2015, Procente, 118.9
Prelucrarea lemnului  fabricarea produselor din lemn si pluta cu exceptia  mobilei  fabricarea articolelor din paie si din alte materiale vegetale impletite, Luna martie 2015, Procente, 130.4
Prelucrarea lemnului  fabricarea produselor din lemn si pluta cu exceptia  mobilei  fabricarea articolelor din paie si din alte materiale vegetale impletite, Luna aprilie 2015, Procente, 125
Prelucrarea lemnului  fabricarea produselor din lemn si pluta cu exceptia  mobilei  fabricarea articolelor din paie si din alte materiale vegetale impletite, Luna mai 2015, Procente, 134.6
Prelucrarea lemnului  fabricarea produselor din lemn si pluta cu exceptia  mobilei  fabricarea articolelor din paie si din alte materiale vegetale impletite, Luna iunie 2015, Procente, 138.6
Prelucrarea lemnului  fabricarea produselor din lemn si pluta cu exceptia  mobilei  fabricarea articolelor din paie si din alte materiale vegetale impletite, Luna iulie 2015, Procente, 137.7
Prelucrarea lemnului  fabricarea produselor din lemn si pluta cu exceptia  mobilei  fabricarea articolelor din paie si din alte materiale vegetale impletite, Luna august 2015, Procente, 134.6
Prelucrarea lemnului  fabricarea produselor din lemn si pluta cu exceptia  mobilei  fabricarea articolelor din paie si din alte materiale vegetale impletite, Luna septembrie 2015, Procente, 131
Prelucrarea lemnului  fabricarea produselor din lemn si pluta cu exceptia  mobilei  fabricarea articolelor din paie si din alte materiale vegetale impletite, Luna octombrie 2015, Procente, 131.9
Prelucrarea lemnului  fabricarea produselor din lemn si pluta cu exceptia  mobilei  fabricarea articolelor din paie si din alte materiale vegetale impletite, Luna noiembrie 2015, Procente, 138.8
Prelucrarea lemnului  fabricarea produselor din lemn si pluta cu exceptia  mobilei  fabricarea articolelor din paie si din alte materiale vegetale impletite, Luna decembrie 2015, Procente, 115.7
Prelucrarea lemnului  fabricarea produselor din lemn si pluta cu exceptia  mobilei  fabricarea articolelor din paie si din alte materiale vegetale impletite, Luna ianuarie 2016, Procente, 116.3
Prelucrarea lemnului  fabricarea produselor din lemn si pluta cu exceptia  mobilei  fabricarea articolelor din paie si din alte materiale vegetale impletite, Luna februarie 2016, Procente, 124.7
Prelucrarea lemnului  fabricarea produselor din lemn si pluta cu exceptia  mobilei  fabricarea articolelor din paie si din alte materiale vegetale impletite, Luna martie 2016, Procente, 130.7
Prelucrarea lemnului  fabricarea produselor din lemn si pluta cu exceptia  mobilei  fabricarea articolelor din paie si din alte materiale vegetale impletite, Luna aprilie 2016, Procente, 126.4
Prelucrarea lemnului  fabricarea produselor din lemn si pluta cu exceptia  mobilei  fabricarea articolelor din paie si din alte materiale vegetale impletite, Luna mai 2016, Procente, 132.8
Prelucrarea lemnului  fabricarea produselor din lemn si pluta cu exceptia  mobilei  fabricarea articolelor din paie si din alte materiale vegetale impletite, Luna iunie 2016, Procente, 130.7
Prelucrarea lemnului  fabricarea produselor din lemn si pluta cu exceptia  mobilei  fabricarea articolelor din paie si din alte materiale vegetale impletite, Luna iulie 2016, Procente, 134.9
Prelucrarea lemnului  fabricarea produselor din lemn si pluta cu exceptia  mobilei  fabricarea articolelor din paie si din alte materiale vegetale impletite, Luna august 2016, Procente, 132.5
Prelucrarea lemnului  fabricarea produselor din lemn si pluta cu exceptia  mobilei  fabricarea articolelor din paie si din alte materiale vegetale impletite, Luna septembrie 2016, Procente, 138.6
Prelucrarea lemnului  fabricarea produselor din lemn si pluta cu exceptia  mobilei  fabricarea articolelor din paie si din alte materiale vegetale impletite, Luna octombrie 2016, Procente, 137
Prelucrarea lemnului  fabricarea produselor din lemn si pluta cu exceptia  mobilei  fabricarea articolelor din paie si din alte materiale vegetale impletite, Luna noiembrie 2016, Procente, 135.6
Prelucrarea lemnului  fabricarea produselor din lemn si pluta cu exceptia  mobilei  fabricarea articolelor din paie si din alte materiale vegetale impletite, Luna decembrie 2016, Procente, 111.6
Prelucrarea lemnului  fabricarea produselor din lemn si pluta cu exceptia  mobilei  fabricarea articolelor din paie si din alte materiale vegetale impletite, Luna ianuarie 2017, Procente, 110.1
Prelucrarea lemnului  fabricarea produselor din lemn si pluta cu exceptia  mobilei  fabricarea articolelor din paie si din alte materiale vegetale impletite, Luna februarie 2017, Procente, 112.6
Prelucrarea lemnului  fabricarea produselor din lemn si pluta cu exceptia  mobilei  fabricarea articolelor din paie si din alte materiale vegetale impletite, Luna martie 2017, Procente, 142.2
Prelucrarea lemnului  fabricarea produselor din lemn si pluta cu exceptia  mobilei  fabricarea articolelor din paie si din alte materiale vegetale impletite, Luna aprilie 2017, Procente, 120.1
Prelucrarea lemnului  fabricarea produselor din lemn si pluta cu exceptia  mobilei  fabricarea articolelor din paie si din alte materiale vegetale impletite, Luna mai 2017, Procente, 141.2
Prelucrarea lemnului  fabricarea produselor din lemn si pluta cu exceptia  mobilei  fabricarea articolelor din paie si din alte materiale vegetale impletite, Luna iunie 2017, Procente, 112.9
Prelucrarea lemnului  fabricarea produselor din lemn si pluta cu exceptia  mobilei  fabricarea articolelor din paie si din alte materiale vegetale impletite, Luna iulie 2017, Procente, 121.2
Prelucrarea lemnului  fabricarea produselor din lemn si pluta cu exceptia  mobilei  fabricarea articolelor din paie si din alte materiale vegetale impletite, Luna august 2017, Procente, 120.7
Prelucrarea lemnului  fabricarea produselor din lemn si pluta cu exceptia  mobilei  fabricarea articolelor din paie si din alte materiale vegetale impletite, Luna septembrie 2017, Procente, 123.2
Prelucrarea lemnului  fabricarea produselor din lemn si pluta cu exceptia  mobilei  fabricarea articolelor din paie si din alte materiale vegetale impletite, Luna octombrie 2017, Procente, 135.4
Prelucrarea lemnului  fabricarea produselor din lemn si pluta cu exceptia  mobilei  fabricarea articolelor din paie si din alte materiale vegetale impletite, Luna noiembrie 2017, Procente, 139.4
Prelucrarea lemnului  fabricarea produselor din lemn si pluta cu exceptia  mobilei  fabricarea articolelor din paie si din alte materiale vegetale impletite, Luna decembrie 2017, Procente, 121.1
Prelucrarea lemnului  fabricarea produselor din lemn si pluta cu exceptia  mobilei  fabricarea articolelor din paie si din alte materiale vegetale impletite, Luna ianuarie 2018, Procente, 115.7
Prelucrarea lemnului  fabricarea produselor din lemn si pluta cu exceptia  mobilei  fabricarea articolelor din paie si din alte materiale vegetale impletite, Luna februarie 2018, Procente, 107.2
Prelucrarea lemnului  fabricarea produselor din lemn si pluta cu exceptia  mobilei  fabricarea articolelor din paie si din alte materiale vegetale impletite, Luna martie 2018, Procente, 127
Prelucrarea lemnului  fabricarea produselor din lemn si pluta cu exceptia  mobilei  fabricarea articolelor din paie si din alte materiale vegetale impletite, Luna aprilie 2018, Procente, 114.5
Prelucrarea lemnului  fabricarea produselor din lemn si pluta cu exceptia  mobilei  fabricarea articolelor din paie si din alte materiale vegetale impletite, Luna mai 2018, Procente, 122.3
Prelucrarea lemnului  fabricarea produselor din lemn si pluta cu exceptia  mobilei  fabricarea articolelor din paie si din alte materiale vegetale impletite, Luna iunie 2018, Procente, 137.4
Prelucrarea lemnului  fabricarea produselor din lemn si pluta cu exceptia  mobilei  fabricarea articolelor din paie si din alte materiale vegetale impletite, Luna iulie 2018, Procente, 137.6
Prelucrarea lemnului  fabricarea produselor din lemn si pluta cu exceptia  mobilei  fabricarea articolelor din paie si din alte materiale vegetale impletite, Luna august 2018, Procente, 134.4
Prelucrarea lemnului  fabricarea produselor din lemn si pluta cu exceptia  mobilei  fabricarea articolelor din paie si din alte materiale vegetale impletite, Luna septembrie 2018, Procente, 122.7
Prelucrarea lemnului  fabricarea produselor din lemn si pluta cu exceptia  mobilei  fabricarea articolelor din paie si din alte materiale vegetale impletite, Luna octombrie 2018, Procente, 130.3
Prelucrarea lemnului  fabricarea produselor din lemn si pluta cu exceptia  mobilei  fabricarea articolelor din paie si din alte materiale vegetale impletite, Luna noiembrie 2018, Procente, 128.2
Prelucrarea lemnului  fabricarea produselor din lemn si pluta cu exceptia  mobilei  fabricarea articolelor din paie si din alte materiale vegetale impletite, Luna decembrie 2018, Procente, 106.1
Prelucrarea lemnului  fabricarea produselor din lemn si pluta cu exceptia  mobilei  fabricarea articolelor din paie si din alte materiale vegetale impletite, Luna ianuarie 2019, Procente, 114.9
Prelucrarea lemnului  fabricarea produselor din lemn si pluta cu exceptia  mobilei  fabricarea articolelor din paie si din alte materiale vegetale impletite, Luna februarie 2019, Procente, 121.3
Prelucrarea lemnului  fabricarea produselor din lemn si pluta cu exceptia  mobilei  fabricarea articolelor din paie si din alte materiale vegetale impletite, Luna martie 2019, Procente, 130.8
Prelucrarea lemnului  fabricarea produselor din lemn si pluta cu exceptia  mobilei  fabricarea articolelor din paie si din alte materiale vegetale impletite, Luna aprilie 2019, Procente, 123.6
Prelucrarea lemnului  fabricarea produselor din lemn si pluta cu exceptia  mobilei  fabricarea articolelor din paie si din alte materiale vegetale impletite, Luna mai 2019, Procente, 120.9
Prelucrarea lemnului  fabricarea produselor din lemn si pluta cu exceptia  mobilei  fabricarea articolelor din paie si din alte materiale vegetale impletite, Luna iunie 2019, Procente, 101.2
Prelucrarea lemnului  fabricarea produselor din lemn si pluta cu exceptia  mobilei  fabricarea articolelor din paie si din alte materiale vegetale impletite, Luna iulie 2019, Procente, 109.7
Prelucrarea lemnului  fabricarea produselor din lemn si pluta cu exceptia  mobilei  fabricarea articolelor din paie si din alte materiale vegetale impletite, Luna august 2019, Procente, 100
Prelucrarea lemnului  fabricarea produselor din lemn si pluta cu exceptia  mobilei  fabricarea articolelor din paie si din alte materiale vegetale impletite, Luna septembrie 2019, Procente, 109
Prelucrarea lemnului  fabricarea produselor din lemn si pluta cu exceptia  mobilei  fabricarea articolelor din paie si din alte materiale vegetale impletite, Luna octombrie 2019, Procente, 114.9
Prelucrarea lemnului  fabricarea produselor din lemn si pluta cu exceptia  mobilei  fabricarea articolelor din paie si din alte materiale vegetale impletite, Luna noiembrie 2019, Procente, 110.8
Prelucrarea lemnului  fabricarea produselor din lemn si pluta cu exceptia  mobilei  fabricarea articolelor din paie si din alte materiale vegetale impletite, Luna decembrie 2019, Procente, 90.3
Prelucrarea lemnului  fabricarea produselor din lemn si pluta cu exceptia  mobilei  fabricarea articolelor din paie si din alte materiale vegetale impletite, Luna ianuarie 2020, Procente, 90.2
Prelucrarea lemnului  fabricarea produselor din lemn si pluta cu exceptia  mobilei  fabricarea articolelor din paie si din alte materiale vegetale impletite, Luna februarie 2020, Procente, 100.5
Prelucrarea lemnului  fabricarea produselor din lemn si pluta cu exceptia  mobilei  fabricarea articolelor din paie si din alte materiale vegetale impletite, Luna martie 2020, Procente, 92.3
Prelucrarea lemnului  fabricarea produselor din lemn si pluta cu exceptia  mobilei  fabricarea articolelor din paie si din alte materiale vegetale impletite, Luna aprilie 2020, Procente, 81.6
Prelucrarea lemnului  fabricarea produselor din lemn si pluta cu exceptia  mobilei  fabricarea articolelor din paie si din alte materiale vegetale impletite, Luna mai 2020, Procente, 93.8
Prelucrarea lemnului  fabricarea produselor din lemn si pluta cu exceptia  mobilei  fabricarea articolelor din paie si din alte materiale vegetale impletite, Luna iunie 2020, Procente, 105.1
Prelucrarea lemnului  fabricarea produselor din lemn si pluta cu exceptia  mobilei  fabricarea articolelor din paie si din alte materiale vegetale impletite, Luna iulie 2020, Procente, 113.5
Prelucrarea lemnului  fabricarea produselor din lemn si pluta cu exceptia  mobilei  fabricarea articolelor din paie si din alte materiale vegetale impletite, Luna august 2020, Procente, 99.4
Prelucrarea lemnului  fabricarea produselor din lemn si pluta cu exceptia  mobilei  fabricarea articolelor din paie si din alte materiale vegetale impletite, Luna septembrie 2020, Procente, 109.8
Prelucrarea lemnului  fabricarea produselor din lemn si pluta cu exceptia  mobilei  fabricarea articolelor din paie si din alte materiale vegetale impletite, Luna octombrie 2020, Procente, 112.2
Prelucrarea lemnului  fabricarea produselor din lemn si pluta cu exceptia  mobilei  fabricarea articolelor din paie si din alte materiale vegetale impletite, Luna noiembrie 2020, Procente, 103
Prelucrarea lemnului  fabricarea produselor din lemn si pluta cu exceptia  mobilei  fabricarea articolelor din paie si din alte materiale vegetale impletite, Luna decembrie 2020, Procente, 94.1
Prelucrarea lemnului  fabricarea produselor din lemn si pluta cu exceptia  mobilei  fabricarea articolelor din paie si din alte materiale vegetale impletite, Luna ianuarie 2021, Procente, 89
Prelucrarea lemnului  fabricarea produselor din lemn si pluta cu exceptia  mobilei  fabricarea articolelor din paie si din alte materiale vegetale impletite, Luna februarie 2021, Procente, 94.4
Prelucrarea lemnului  fabricarea produselor din lemn si pluta cu exceptia  mobilei  fabricarea articolelor din paie si din alte materiale vegetale impletite, Luna martie 2021, Procente, 110.4
Prelucrarea lemnului  fabricarea produselor din lemn si pluta cu exceptia  mobilei  fabricarea articolelor din paie si din alte materiale vegetale impletite, Luna aprilie 2021, Procente, 107
Prelucrarea lemnului  fabricarea produselor din lemn si pluta cu exceptia  mobilei  fabricarea articolelor din paie si din alte materiale vegetale impletite, Luna mai 2021, Procente, 106.4
Prelucrarea lemnului  fabricarea produselor din lemn si pluta cu exceptia  mobilei  fabricarea articolelor din paie si din alte materiale vegetale impletite, Luna iunie 2021, Procente, 102.8
Prelucrarea lemnului  fabricarea produselor din lemn si pluta cu exceptia  mobilei  fabricarea articolelor din paie si din alte materiale vegetale impletite, Luna iulie 2021, Procente, 103.6
Prelucrarea lemnului  fabricarea produselor din lemn si pluta cu exceptia  mobilei  fabricarea articolelor din paie si din alte materiale vegetale impletite, Luna august 2021, Procente, 101.7
Prelucrarea lemnului  fabricarea produselor din lemn si pluta cu exceptia  mobilei  fabricarea articolelor din paie si din alte materiale vegetale impletite, Luna septembrie 2021, Procente, 99.6
Prelucrarea lemnului  fabricarea produselor din lemn si pluta cu exceptia  mobilei  fabricarea articolelor din paie si din alte materiale vegetale impletite, Luna octombrie 2021, Procente, 100.2
Prelucrarea lemnului  fabricarea produselor din lemn si pluta cu exceptia  mobilei  fabricarea articolelor din paie si din alte materiale vegetale impletite, Luna noiembrie 2021, Procente, 100.6
Prelucrarea lemnului  fabricarea produselor din lemn si pluta cu exceptia  mobilei  fabricarea articolelor din paie si din alte materiale vegetale impletite, Luna decembrie 2021, Procente, 84.3
Prelucrarea lemnului  fabricarea produselor din lemn si pluta cu exceptia  mobilei  fabricarea articolelor din paie si din alte materiale vegetale impletite, Luna ianuarie 2022, Procente, 90.2
Prelucrarea lemnului  fabricarea produselor din lemn si pluta cu exceptia  mobilei  fabricarea articolelor din paie si din alte materiale vegetale impletite, Luna februarie 2022, Procente, 92.5
Prelucrarea lemnului  fabricarea produselor din lemn si pluta cu exceptia  mobilei  fabricarea articolelor din paie si din alte materiale vegetale impletite, Luna martie 2022, Procente, 101.4
Prelucrarea lemnului  fabricarea produselor din lemn si pluta cu exceptia  mobilei  fabricarea articolelor din paie si din alte materiale vegetale impletite, Luna aprilie 2022, Procente, 95.1
Prelucrarea lemnului  fabricarea produselor din lemn si pluta cu exceptia  mobilei  fabricarea articolelor din paie si din alte materiale vegetale impletite, Luna mai 2022, Procente, 100.2
Prelucrarea lemnului  fabricarea produselor din lemn si pluta cu exceptia  mobilei  fabricarea articolelor din paie si din alte materiale vegetale impletite, Luna iunie 2022, Procente, 91
Prelucrarea lemnului  fabricarea produselor din lemn si pluta cu exceptia  mobilei  fabricarea articolelor din paie si din alte materiale vegetale impletite, Luna iulie 2022, Procente, 82.5
Prelucrarea lemnului  fabricarea produselor din lemn si pluta cu exceptia  mobilei  fabricarea articolelor din paie si din alte materiale vegetale impletite, Luna august 2022, Procente, 82.2
Prelucrarea lemnului  fabricarea produselor din lemn si pluta cu exceptia  mobilei  fabricarea articolelor din paie si din alte materiale vegetale impletite, Luna septembrie 2022, Procente, 78.3
Prelucrarea lemnului  fabricarea produselor din lemn si pluta cu exceptia  mobilei  fabricarea articolelor din paie si din alte materiale vegetale impletite, Luna octombrie 2022, Procente, 87.8
Prelucrarea lemnului  fabricarea produselor din lemn si pluta cu exceptia  mobilei  fabricarea articolelor din paie si din alte materiale vegetale impletite, Luna noiembrie 2022, Procente, 78.1
Prelucrarea lemnului  fabricarea produselor din lemn si pluta cu exceptia  mobilei  fabricarea articolelor din paie si din alte materiale vegetale impletite, Luna decembrie 2022, Procente, 67.3
Prelucrarea lemnului  fabricarea produselor din lemn si pluta cu exceptia  mobilei  fabricarea articolelor din paie si din alte materiale vegetale impletite, Luna ianuarie 2023, Procente, 66.8
Prelucrarea lemnului  fabricarea produselor din lemn si pluta cu exceptia  mobilei  fabricarea articolelor din paie si din alte materiale vegetale impletite, Luna februarie 2023, Procente, 68
Prelucrarea lemnului  fabricarea produselor din lemn si pluta cu exceptia  mobilei  fabricarea articolelor din paie si din alte materiale vegetale impletite, Luna martie 2023, Procente, 83.1
Prelucrarea lemnului  fabricarea produselor din lemn si pluta cu exceptia  mobilei  fabricarea articolelor din paie si din alte materiale vegetale impletite, Luna aprilie 2023, Procente, 68.5
Prelucrarea lemnului  fabricarea produselor din lemn si pluta cu exceptia  mobilei  fabricarea articolelor din paie si din alte materiale vegetale impletite, Luna mai 2023, Procente, 85.8
Prelucrarea lemnului  fabricarea produselor din lemn si pluta cu exceptia  mobilei  fabricarea articolelor din paie si din alte materiale vegetale impletite, Luna iunie 2023, Procente, 69.6
Prelucrarea lemnului  fabricarea produselor din lemn si pluta cu exceptia  mobilei  fabricarea articolelor din paie si din alte materiale vegetale impletite, Luna iulie 2023, Procente, 68.5
Prelucrarea lemnului  fabricarea produselor din lemn si pluta cu exceptia  mobilei  fabricarea articolelor din paie si din alte materiale vegetale impletite, Luna august 2023, Procente, 66.9
Prelucrarea lemnului  fabricarea produselor din lemn si pluta cu exceptia  mobilei  fabricarea articolelor din paie si din alte materiale vegetale impletite, Luna septembrie 2023, Procente, 77.8
Prelucrarea lemnului  fabricarea produselor din lemn si pluta cu exceptia  mobilei  fabricarea articolelor din paie si din alte materiale vegetale impletite, Luna octombrie 2023, Procente, 82.3
Prelucrarea lemnului  fabricarea produselor din lemn si pluta cu exceptia  mobilei  fabricarea articolelor din paie si din alte materiale vegetale impletite, Luna noiembrie 2023, Procente, 75.6
Prelucrarea lemnului  fabricarea produselor din lemn si pluta cu exceptia  mobilei  fabricarea articolelor din paie si din alte materiale vegetale impletite, Luna decembrie 2023, Procente, 67.1
Prelucrarea lemnului  fabricarea produselor din lemn si pluta cu exceptia  mobilei  fabricarea articolelor din paie si din alte materiale vegetale impletite, Luna ianuarie 2024, Procente, 65.1
Prelucrarea lemnului  fabricarea produselor din lemn si pluta cu exceptia  mobilei  fabricarea articolelor din paie si din alte materiale vegetale impletite, Luna februarie 2024, Procente, 77.7
Prelucrarea lemnului  fabricarea produselor din lemn si pluta cu exceptia  mobilei  fabricarea articolelor din paie si din alte materiale vegetale impletite, Luna martie 2024, Procente, 90.2
Prelucrarea lemnului  fabricarea produselor din lemn si pluta cu exceptia  mobilei  fabricarea articolelor din paie si din alte materiale vegetale impletite, Luna aprilie 2024, Procente, 99
Prelucrarea lemnului  fabricarea produselor din lemn si pluta cu exceptia  mobilei  fabricarea articolelor din paie si din alte materiale vegetale impletite, Luna mai 2024, Procente, 91.9
Prelucrarea lemnului  fabricarea produselor din lemn si pluta cu exceptia  mobilei  fabricarea articolelor din paie si din alte materiale vegetale impletite, Luna iunie 2024, Procente, 88.6
Prelucrarea lemnului  fabricarea produselor din lemn si pluta cu exceptia  mobilei  fabricarea articolelor din paie si din alte materiale vegetale impletite, Luna iulie 2024, Procente, 92.6
Prelucrarea lemnului  fabricarea produselor din lemn si pluta cu exceptia  mobilei  fabricarea articolelor din paie si din alte materiale vegetale impletite, Luna august 2024, Procente, 77
Prelucrarea lemnului  fabricarea produselor din lemn si pluta cu exceptia  mobilei  fabricarea articolelor din paie si din alte materiale vegetale impletite, Luna septembrie 2024, Procente, 81.9
Prelucrarea lemnului  fabricarea produselor din lemn si pluta cu exceptia  mobilei  fabricarea articolelor din paie si din alte materiale vegetale impletite, Luna octombrie 2024, Procente, 87.2
Prelucrarea lemnului  fabricarea produselor din lemn si pluta cu exceptia  mobilei  fabricarea articolelor din paie si din alte materiale vegetale impletite, Luna noiembrie 2024, Procente, 80.5
Prelucrarea lemnului  fabricarea produselor din lemn si pluta cu exceptia  mobilei  fabricarea articolelor din paie si din alte materiale vegetale impletite, Luna decembrie 2024, Procente, 67.8
Prelucrarea lemnului  fabricarea produselor din lemn si pluta cu exceptia  mobilei  fabricarea articolelor din paie si din alte materiale vegetale impletite, Luna ianuarie 2025, Procente, 63.6
Prelucrarea lemnului  fabricarea produselor din lemn si pluta cu exceptia  mobilei  fabricarea articolelor din paie si din alte materiale vegetale impletite, Luna februarie 2025, Procente, 74.8
Fabricarea hirtiei si a produselor din hirtie, Luna ianuarie 2005, Procente, 42.7
Fabricarea hirtiei si a produselor din hirtie, Luna februarie 2005, Procente, 41.8
Fabricarea hirtiei si a produselor din hirtie, Luna martie 2005, Procente, 40.4
Fabricarea hirtiei si a produselor din hirtie, Luna aprilie 2005, Procente, 39.8
Fabricarea hirtiei si a produselor din hirtie, Luna mai 2005, Procente, 39
Fabricarea hirtiei si a produselor din hirtie, Luna iunie 2005, Procente, 41.5
Fabricarea hirtiei si a produselor din hirtie, Luna iulie 2005, Procente, 39.9
Fabricarea hirtiei si a produselor din hirtie, Luna august 2005, Procente, 41.1
Fabricarea hirtiei si a produselor din hirtie, Luna septembrie 2005, Procente, 43.4
Fabricarea hirtiei si a produselor din hirtie, Luna octombrie 2005, Procente, 43.3
Fabricarea hirtiei si a produselor din hirtie, Luna noiembrie 2005, Procente, 44.6
Fabricarea hirtiei si a produselor din hirtie, Luna decembrie 2005, Procente, 35.6
Fabricarea hirtiei si a produselor din hirtie, Luna ianuarie 2006, Procente, 37.9
Fabricarea hirtiei si a produselor din hirtie, Luna februarie 2006, Procente, 43.2
Fabricarea hirtiei si a produselor din hirtie, Luna martie 2006, Procente, 47.8
Fabricarea hirtiei si a produselor din hirtie, Luna aprilie 2006, Procente, 42.9
Fabricarea hirtiei si a produselor din hirtie, Luna mai 2006, Procente, 50.8
Fabricarea hirtiei si a produselor din hirtie, Luna iunie 2006, Procente, 49
Fabricarea hirtiei si a produselor din hirtie, Luna iulie 2006, Procente, 46.5
Fabricarea hirtiei si a produselor din hirtie, Luna august 2006, Procente, 43.9
Fabricarea hirtiei si a produselor din hirtie, Luna septembrie 2006, Procente, 50
Fabricarea hirtiei si a produselor din hirtie, Luna octombrie 2006, Procente, 51.2
Fabricarea hirtiei si a produselor din hirtie, Luna noiembrie 2006, Procente, 47
Fabricarea hirtiei si a produselor din hirtie, Luna decembrie 2006, Procente, 43.7
Fabricarea hirtiei si a produselor din hirtie, Luna ianuarie 2007, Procente, 42.5
Fabricarea hirtiei si a produselor din hirtie, Luna februarie 2007, Procente, 48.1
Fabricarea hirtiei si a produselor din hirtie, Luna martie 2007, Procente, 61.8
Fabricarea hirtiei si a produselor din hirtie, Luna aprilie 2007, Procente, 46.3
Fabricarea hirtiei si a produselor din hirtie, Luna mai 2007, Procente, 51.2
Fabricarea hirtiei si a produselor din hirtie, Luna iunie 2007, Procente, 46.3
Fabricarea hirtiei si a produselor din hirtie, Luna iulie 2007, Procente, 53.6
Fabricarea hirtiei si a produselor din hirtie, Luna august 2007, Procente, 49.8
Fabricarea hirtiei si a produselor din hirtie, Luna septembrie 2007, Procente, 49.7
Fabricarea hirtiei si a produselor din hirtie, Luna octombrie 2007, Procente, 51.6
Fabricarea hirtiei si a produselor din hirtie, Luna noiembrie 2007, Procente, 49.5
Fabricarea hirtiei si a produselor din hirtie, Luna decembrie 2007, Procente, 41.1
Fabricarea hirtiei si a produselor din hirtie, Luna ianuarie 2008, Procente, 48.3
Fabricarea hirtiei si a produselor din hirtie, Luna februarie 2008, Procente, 51.4
Fabricarea hirtiei si a produselor din hirtie, Luna martie 2008, Procente, 49
Fabricarea hirtiei si a produselor din hirtie, Luna aprilie 2008, Procente, 45.9
Fabricarea hirtiei si a produselor din hirtie, Luna mai 2008, Procente, 45.3
Fabricarea hirtiei si a produselor din hirtie, Luna iunie 2008, Procente, 43.8
Fabricarea hirtiei si a produselor din hirtie, Luna iulie 2008, Procente, 48.3
Fabricarea hirtiei si a produselor din hirtie, Luna august 2008, Procente, 41.5
Fabricarea hirtiei si a produselor din hirtie, Luna septembrie 2008, Procente, 48.7
Fabricarea hirtiei si a produselor din hirtie, Luna octombrie 2008, Procente, 49.9
Fabricarea hirtiei si a produselor din hirtie, Luna noiembrie 2008, Procente, 46
Fabricarea hirtiei si a produselor din hirtie, Luna decembrie 2008, Procente, 37
Fabricarea hirtiei si a produselor din hirtie, Luna ianuarie 2009, Procente, 34.5
Fabricarea hirtiei si a produselor din hirtie, Luna februarie 2009, Procente, 41
Fabricarea hirtiei si a produselor din hirtie, Luna martie 2009, Procente, 42.1
Fabricarea hirtiei si a produselor din hirtie, Luna aprilie 2009, Procente, 38
Fabricarea hirtiei si a produselor din hirtie, Luna mai 2009, Procente, 41.3
Fabricarea hirtiei si a produselor din hirtie, Luna iunie 2009, Procente, 45.3
Fabricarea hirtiei si a produselor din hirtie, Luna iulie 2009, Procente, 42.1
Fabricarea hirtiei si a produselor din hirtie, Luna august 2009, Procente, 42.5
Fabricarea hirtiei si a produselor din hirtie, Luna septembrie 2009, Procente, 42.6
Fabricarea hirtiei si a produselor din hirtie, Luna octombrie 2009, Procente, 45.9
Fabricarea hirtiei si a produselor din hirtie, Luna noiembrie 2009, Procente, 43.3
Fabricarea hirtiei si a produselor din hirtie, Luna decembrie 2009, Procente, 40
Fabricarea hirtiei si a produselor din hirtie, Luna ianuarie 2010, Procente, 34.1
Fabricarea hirtiei si a produselor din hirtie, Luna februarie 2010, Procente, 38.9
Fabricarea hirtiei si a produselor din hirtie, Luna martie 2010, Procente, 45.2
Fabricarea hirtiei si a produselor din hirtie, Luna aprilie 2010, Procente, 39.6
Fabricarea hirtiei si a produselor din hirtie, Luna mai 2010, Procente, 40.6
Fabricarea hirtiei si a produselor din hirtie, Luna iunie 2010, Procente, 45.5
Fabricarea hirtiei si a produselor din hirtie, Luna iulie 2010, Procente, 44.1
Fabricarea hirtiei si a produselor din hirtie, Luna august 2010, Procente, 40.8
Fabricarea hirtiei si a produselor din hirtie, Luna septembrie 2010, Procente, 46.6
Fabricarea hirtiei si a produselor din hirtie, Luna octombrie 2010, Procente, 43.3
Fabricarea hirtiei si a produselor din hirtie, Luna noiembrie 2010, Procente, 46.5
Fabricarea hirtiei si a produselor din hirtie, Luna decembrie 2010, Procente, 38.5
Fabricarea hirtiei si a produselor din hirtie, Luna ianuarie 2011, Procente, 41.1
Fabricarea hirtiei si a produselor din hirtie, Luna februarie 2011, Procente, 51.2
Fabricarea hirtiei si a produselor din hirtie, Luna martie 2011, Procente, 50.3
Fabricarea hirtiei si a produselor din hirtie, Luna aprilie 2011, Procente, 46.9
Fabricarea hirtiei si a produselor din hirtie, Luna mai 2011, Procente, 54.7
Fabricarea hirtiei si a produselor din hirtie, Luna iunie 2011, Procente, 50
Fabricarea hirtiei si a produselor din hirtie, Luna iulie 2011, Procente, 47.9
Fabricarea hirtiei si a produselor din hirtie, Luna august 2011, Procente, 44.6
Fabricarea hirtiei si a produselor din hirtie, Luna septembrie 2011, Procente, 53.7
Fabricarea hirtiei si a produselor din hirtie, Luna octombrie 2011, Procente, 50.8
Fabricarea hirtiei si a produselor din hirtie, Luna noiembrie 2011, Procente, 58.7
Fabricarea hirtiei si a produselor din hirtie, Luna decembrie 2011, Procente, 43.3
Fabricarea hirtiei si a produselor din hirtie, Luna ianuarie 2012, Procente, 40.2
Fabricarea hirtiei si a produselor din hirtie, Luna februarie 2012, Procente, 42.4
Fabricarea hirtiei si a produselor din hirtie, Luna martie 2012, Procente, 52.6
Fabricarea hirtiei si a produselor din hirtie, Luna aprilie 2012, Procente, 50.3
Fabricarea hirtiei si a produselor din hirtie, Luna mai 2012, Procente, 52.6
Fabricarea hirtiei si a produselor din hirtie, Luna iunie 2012, Procente, 49.3
Fabricarea hirtiei si a produselor din hirtie, Luna iulie 2012, Procente, 49.3
Fabricarea hirtiei si a produselor din hirtie, Luna august 2012, Procente, 52.7
Fabricarea hirtiei si a produselor din hirtie, Luna septembrie 2012, Procente, 48.7
Fabricarea hirtiei si a produselor din hirtie, Luna octombrie 2012, Procente, 54.5
Fabricarea hirtiei si a produselor din hirtie, Luna noiembrie 2012, Procente, 50.3
Fabricarea hirtiei si a produselor din hirtie, Luna decembrie 2012, Procente, 39.2
Fabricarea hirtiei si a produselor din hirtie, Luna ianuarie 2013, Procente, 45.5
Fabricarea hirtiei si a produselor din hirtie, Luna februarie 2013, Procente, 46
Fabricarea hirtiei si a produselor din hirtie, Luna martie 2013, Procente, 53.9
Fabricarea hirtiei si a produselor din hirtie, Luna aprilie 2013, Procente, 57.6
Fabricarea hirtiei si a produselor din hirtie, Luna mai 2013, Procente, 49.6
Fabricarea hirtiei si a produselor din hirtie, Luna iunie 2013, Procente, 50.3
Fabricarea hirtiei si a produselor din hirtie, Luna iulie 2013, Procente, 57.1
Fabricarea hirtiei si a produselor din hirtie, Luna august 2013, Procente, 53.8
Fabricarea hirtiei si a produselor din hirtie, Luna septembrie 2013, Procente, 58.2
Fabricarea hirtiei si a produselor din hirtie, Luna octombrie 2013, Procente, 64.5
Fabricarea hirtiei si a produselor din hirtie, Luna noiembrie 2013, Procente, 62
Fabricarea hirtiei si a produselor din hirtie, Luna decembrie 2013, Procente, 53.2
Fabricarea hirtiei si a produselor din hirtie, Luna ianuarie 2014, Procente, 61.4
Fabricarea hirtiei si a produselor din hirtie, Luna februarie 2014, Procente, 63.1
Fabricarea hirtiei si a produselor din hirtie, Luna martie 2014, Procente, 64.2
Fabricarea hirtiei si a produselor din hirtie, Luna aprilie 2014, Procente, 66.4
Fabricarea hirtiei si a produselor din hirtie, Luna mai 2014, Procente, 68.8
Fabricarea hirtiei si a produselor din hirtie, Luna iunie 2014, Procente, 72.3
Fabricarea hirtiei si a produselor din hirtie, Luna iulie 2014, Procente, 74.9
Fabricarea hirtiei si a produselor din hirtie, Luna august 2014, Procente, 64.7
Fabricarea hirtiei si a produselor din hirtie, Luna septembrie 2014, Procente, 71.8
Fabricarea hirtiei si a produselor din hirtie, Luna octombrie 2014, Procente, 78.3
Fabricarea hirtiei si a produselor din hirtie, Luna noiembrie 2014, Procente, 75.9
Fabricarea hirtiei si a produselor din hirtie, Luna decembrie 2014, Procente, 65.9
Fabricarea hirtiei si a produselor din hirtie, Luna ianuarie 2015, Procente, 65.1
Fabricarea hirtiei si a produselor din hirtie, Luna februarie 2015, Procente, 66.1
Fabricarea hirtiei si a produselor din hirtie, Luna martie 2015, Procente, 75
Fabricarea hirtiei si a produselor din hirtie, Luna aprilie 2015, Procente, 70
Fabricarea hirtiei si a produselor din hirtie, Luna mai 2015, Procente, 76.3
Fabricarea hirtiei si a produselor din hirtie, Luna iunie 2015, Procente, 76.2
Fabricarea hirtiei si a produselor din hirtie, Luna iulie 2015, Procente, 76.4
Fabricarea hirtiei si a produselor din hirtie, Luna august 2015, Procente, 71.9
Fabricarea hirtiei si a produselor din hirtie, Luna septembrie 2015, Procente, 80.2
Fabricarea hirtiei si a produselor din hirtie, Luna octombrie 2015, Procente, 84.8
Fabricarea hirtiei si a produselor din hirtie, Luna noiembrie 2015, Procente, 80.9
Fabricarea hirtiei si a produselor din hirtie, Luna decembrie 2015, Procente, 76
Fabricarea hirtiei si a produselor din hirtie, Luna ianuarie 2016, Procente, 74.9
Fabricarea hirtiei si a produselor din hirtie, Luna februarie 2016, Procente, 83.6
Fabricarea hirtiei si a produselor din hirtie, Luna martie 2016, Procente, 87.7
Fabricarea hirtiei si a produselor din hirtie, Luna aprilie 2016, Procente, 86.9
Fabricarea hirtiei si a produselor din hirtie, Luna mai 2016, Procente, 83.6
Fabricarea hirtiei si a produselor din hirtie, Luna iunie 2016, Procente, 82.8
Fabricarea hirtiei si a produselor din hirtie, Luna iulie 2016, Procente, 88.9
Fabricarea hirtiei si a produselor din hirtie, Luna august 2016, Procente, 80.6
Fabricarea hirtiei si a produselor din hirtie, Luna septembrie 2016, Procente, 91.3
Fabricarea hirtiei si a produselor din hirtie, Luna octombrie 2016, Procente, 93.4
Fabricarea hirtiei si a produselor din hirtie, Luna noiembrie 2016, Procente, 91.8
Fabricarea hirtiei si a produselor din hirtie, Luna decembrie 2016, Procente, 78.6
Fabricarea hirtiei si a produselor din hirtie, Luna ianuarie 2017, Procente, 84.3
Fabricarea hirtiei si a produselor din hirtie, Luna februarie 2017, Procente, 83.3
Fabricarea hirtiei si a produselor din hirtie, Luna martie 2017, Procente, 95.4
Fabricarea hirtiei si a produselor din hirtie, Luna aprilie 2017, Procente, 80
Fabricarea hirtiei si a produselor din hirtie, Luna mai 2017, Procente, 99.2
Fabricarea hirtiei si a produselor din hirtie, Luna iunie 2017, Procente, 91.6
Fabricarea hirtiei si a produselor din hirtie, Luna iulie 2017, Procente, 92.2
Fabricarea hirtiei si a produselor din hirtie, Luna august 2017, Procente, 96
Fabricarea hirtiei si a produselor din hirtie, Luna septembrie 2017, Procente, 96.3
Fabricarea hirtiei si a produselor din hirtie, Luna octombrie 2017, Procente, 108.9
Fabricarea hirtiei si a produselor din hirtie, Luna noiembrie 2017, Procente, 108.5
Fabricarea hirtiei si a produselor din hirtie, Luna decembrie 2017, Procente, 89.3
Fabricarea hirtiei si a produselor din hirtie, Luna ianuarie 2018, Procente, 89.3
Fabricarea hirtiei si a produselor din hirtie, Luna februarie 2018, Procente, 90
Fabricarea hirtiei si a produselor din hirtie, Luna martie 2018, Procente, 95.8
Fabricarea hirtiei si a produselor din hirtie, Luna aprilie 2018, Procente, 83.4
Fabricarea hirtiei si a produselor din hirtie, Luna mai 2018, Procente, 99.1
Fabricarea hirtiei si a produselor din hirtie, Luna iunie 2018, Procente, 102.6
Fabricarea hirtiei si a produselor din hirtie, Luna iulie 2018, Procente, 103
Fabricarea hirtiei si a produselor din hirtie, Luna august 2018, Procente, 96.2
Fabricarea hirtiei si a produselor din hirtie, Luna septembrie 2018, Procente, 108.2
Fabricarea hirtiei si a produselor din hirtie, Luna octombrie 2018, Procente, 103.4
Fabricarea hirtiei si a produselor din hirtie, Luna noiembrie 2018, Procente, 112.5
Fabricarea hirtiei si a produselor din hirtie, Luna decembrie 2018, Procente, 95.3
Fabricarea hirtiei si a produselor din hirtie, Luna ianuarie 2019, Procente, 91.4
Fabricarea hirtiei si a produselor din hirtie, Luna februarie 2019, Procente, 108.1
Fabricarea hirtiei si a produselor din hirtie, Luna martie 2019, Procente, 107.8
Fabricarea hirtiei si a produselor din hirtie, Luna aprilie 2019, Procente, 95.1
Fabricarea hirtiei si a produselor din hirtie, Luna mai 2019, Procente, 95.1
Fabricarea hirtiei si a produselor din hirtie, Luna iunie 2019, Procente, 85.9
Fabricarea hirtiei si a produselor din hirtie, Luna iulie 2019, Procente, 102
Fabricarea hirtiei si a produselor din hirtie, Luna august 2019, Procente, 89
Fabricarea hirtiei si a produselor din hirtie, Luna septembrie 2019, Procente, 93.5
Fabricarea hirtiei si a produselor din hirtie, Luna octombrie 2019, Procente, 101.3
Fabricarea hirtiei si a produselor din hirtie, Luna noiembrie 2019, Procente, 97
Fabricarea hirtiei si a produselor din hirtie, Luna decembrie 2019, Procente, 80.6
Fabricarea hirtiei si a produselor din hirtie, Luna ianuarie 2020, Procente, 87.1
Fabricarea hirtiei si a produselor din hirtie, Luna februarie 2020, Procente, 96.2
Fabricarea hirtiei si a produselor din hirtie, Luna martie 2020, Procente, 105
Fabricarea hirtiei si a produselor din hirtie, Luna aprilie 2020, Procente, 75.3
Fabricarea hirtiei si a produselor din hirtie, Luna mai 2020, Procente, 81.6
Fabricarea hirtiei si a produselor din hirtie, Luna iunie 2020, Procente, 85.7
Fabricarea hirtiei si a produselor din hirtie, Luna iulie 2020, Procente, 89.1
Fabricarea hirtiei si a produselor din hirtie, Luna august 2020, Procente, 84.2
Fabricarea hirtiei si a produselor din hirtie, Luna septembrie 2020, Procente, 92.1
Fabricarea hirtiei si a produselor din hirtie, Luna octombrie 2020, Procente, 99.3
Fabricarea hirtiei si a produselor din hirtie, Luna noiembrie 2020, Procente, 89
Fabricarea hirtiei si a produselor din hirtie, Luna decembrie 2020, Procente, 87.1
Fabricarea hirtiei si a produselor din hirtie, Luna ianuarie 2021, Procente, 92.2
Fabricarea hirtiei si a produselor din hirtie, Luna februarie 2021, Procente, 95.4
Fabricarea hirtiei si a produselor din hirtie, Luna martie 2021, Procente, 107.9
Fabricarea hirtiei si a produselor din hirtie, Luna aprilie 2021, Procente, 99.3
Fabricarea hirtiei si a produselor din hirtie, Luna mai 2021, Procente, 94.1
Fabricarea hirtiei si a produselor din hirtie, Luna iunie 2021, Procente, 98.7
Fabricarea hirtiei si a produselor din hirtie, Luna iulie 2021, Procente, 102.8
Fabricarea hirtiei si a produselor din hirtie, Luna august 2021, Procente, 94.4
Fabricarea hirtiei si a produselor din hirtie, Luna septembrie 2021, Procente, 106
Fabricarea hirtiei si a produselor din hirtie, Luna octombrie 2021, Procente, 107.2
Fabricarea hirtiei si a produselor din hirtie, Luna noiembrie 2021, Procente, 108.1
Fabricarea hirtiei si a produselor din hirtie, Luna decembrie 2021, Procente, 93.9
Fabricarea hirtiei si a produselor din hirtie, Luna ianuarie 2022, Procente, 101.1
Fabricarea hirtiei si a produselor din hirtie, Luna februarie 2022, Procente, 101.1
Fabricarea hirtiei si a produselor din hirtie, Luna martie 2022, Procente, 113.4
Fabricarea hirtiei si a produselor din hirtie, Luna aprilie 2022, Procente, 97.9
Fabricarea hirtiei si a produselor din hirtie, Luna mai 2022, Procente, 109.4
Fabricarea hirtiei si a produselor din hirtie, Luna iunie 2022, Procente, 105.2
Fabricarea hirtiei si a produselor din hirtie, Luna iulie 2022, Procente, 98.9
Fabricarea hirtiei si a produselor din hirtie, Luna august 2022, Procente, 98.9
Fabricarea hirtiei si a produselor din hirtie, Luna septembrie 2022, Procente, 107.3
Fabricarea hirtiei si a produselor din hirtie, Luna octombrie 2022, Procente, 103
Fabricarea hirtiei si a produselor din hirtie, Luna noiembrie 2022, Procente, 107.1
Fabricarea hirtiei si a produselor din hirtie, Luna decembrie 2022, Procente, 87.1
Fabricarea hirtiei si a produselor din hirtie, Luna ianuarie 2023, Procente, 93.2
Fabricarea hirtiei si a produselor din hirtie, Luna februarie 2023, Procente, 99
Fabricarea hirtiei si a produselor din hirtie, Luna martie 2023, Procente, 111.2
Fabricarea hirtiei si a produselor din hirtie, Luna aprilie 2023, Procente, 89.9
Fabricarea hirtiei si a produselor din hirtie, Luna mai 2023, Procente, 109.2
Fabricarea hirtiei si a produselor din hirtie, Luna iunie 2023, Procente, 102.8
Fabricarea hirtiei si a produselor din hirtie, Luna iulie 2023, Procente, 103.5
Fabricarea hirtiei si a produselor din hirtie, Luna august 2023, Procente, 98.7
Fabricarea hirtiei si a produselor din hirtie, Luna septembrie 2023, Procente, 103.6
Fabricarea hirtiei si a produselor din hirtie, Luna octombrie 2023, Procente, 114.2
Fabricarea hirtiei si a produselor din hirtie, Luna noiembrie 2023, Procente, 113.3
Fabricarea hirtiei si a produselor din hirtie, Luna decembrie 2023, Procente, 94
Fabricarea hirtiei si a produselor din hirtie, Luna ianuarie 2024, Procente, 105.1
Fabricarea hirtiei si a produselor din hirtie, Luna februarie 2024, Procente, 112.3
Fabricarea hirtiei si a produselor din hirtie, Luna martie 2024, Procente, 113.5
Fabricarea hirtiei si a produselor din hirtie, Luna aprilie 2024, Procente, 116.1
Fabricarea hirtiei si a produselor din hirtie, Luna mai 2024, Procente, 108.1
Fabricarea hirtiei si a produselor din hirtie, Luna iunie 2024, Procente, 104.8
Fabricarea hirtiei si a produselor din hirtie, Luna iulie 2024, Procente, 115
Fabricarea hirtiei si a produselor din hirtie, Luna august 2024, Procente, 107.4
Fabricarea hirtiei si a produselor din hirtie, Luna septembrie 2024, Procente, 118.4
Fabricarea hirtiei si a produselor din hirtie, Luna octombrie 2024, Procente, 123.3
Fabricarea hirtiei si a produselor din hirtie, Luna noiembrie 2024, Procente, 119
Fabricarea hirtiei si a produselor din hirtie, Luna decembrie 2024, Procente, 96.4
Fabricarea hirtiei si a produselor din hirtie, Luna ianuarie 2025, Procente, 103.2
Fabricarea hirtiei si a produselor din hirtie, Luna februarie 2025, Procente, 118.2
Tiparire si reproducerea pe suporturi a inregistrarilor, Luna ianuarie 2005, Procente, 83
Tiparire si reproducerea pe suporturi a inregistrarilor, Luna februarie 2005, Procente, 88.8
Tiparire si reproducerea pe suporturi a inregistrarilor, Luna martie 2005, Procente, 95.3
Tiparire si reproducerea pe suporturi a inregistrarilor, Luna aprilie 2005, Procente, 96.8
Tiparire si reproducerea pe suporturi a inregistrarilor, Luna mai 2005, Procente, 99.4
Tiparire si reproducerea pe suporturi a inregistrarilor, Luna iunie 2005, Procente, 107.2
Tiparire si reproducerea pe suporturi a inregistrarilor, Luna iulie 2005, Procente, 104.1
Tiparire si reproducerea pe suporturi a inregistrarilor, Luna august 2005, Procente, 111.2
Tiparire si reproducerea pe suporturi a inregistrarilor, Luna septembrie 2005, Procente, 99.5
Tiparire si reproducerea pe suporturi a inregistrarilor, Luna octombrie 2005, Procente, 109
Tiparire si reproducerea pe suporturi a inregistrarilor, Luna noiembrie 2005, Procente, 115.1
Tiparire si reproducerea pe suporturi a inregistrarilor, Luna decembrie 2005, Procente, 128.5
Tiparire si reproducerea pe suporturi a inregistrarilor, Luna ianuarie 2006, Procente, 93.5
Tiparire si reproducerea pe suporturi a inregistrarilor, Luna februarie 2006, Procente, 92
Tiparire si reproducerea pe suporturi a inregistrarilor, Luna martie 2006, Procente, 110.7
Tiparire si reproducerea pe suporturi a inregistrarilor, Luna aprilie 2006, Procente, 105.5
Tiparire si reproducerea pe suporturi a inregistrarilor, Luna mai 2006, Procente, 108.8
Tiparire si reproducerea pe suporturi a inregistrarilor, Luna iunie 2006, Procente, 111.5
Tiparire si reproducerea pe suporturi a inregistrarilor, Luna iulie 2006, Procente, 100.6
Tiparire si reproducerea pe suporturi a inregistrarilor, Luna august 2006, Procente, 97.1
Tiparire si reproducerea pe suporturi a inregistrarilor, Luna septembrie 2006, Procente, 102.8
Tiparire si reproducerea pe suporturi a inregistrarilor, Luna octombrie 2006, Procente, 112.1
Tiparire si reproducerea pe suporturi a inregistrarilor, Luna noiembrie 2006, Procente, 114.2
Tiparire si reproducerea pe suporturi a inregistrarilor, Luna decembrie 2006, Procente, 116.6
Tiparire si reproducerea pe suporturi a inregistrarilor, Luna ianuarie 2007, Procente, 90
Tiparire si reproducerea pe suporturi a inregistrarilor, Luna februarie 2007, Procente, 92.1
Tiparire si reproducerea pe suporturi a inregistrarilor, Luna martie 2007, Procente, 102.8
Tiparire si reproducerea pe suporturi a inregistrarilor, Luna aprilie 2007, Procente, 91.6
Tiparire si reproducerea pe suporturi a inregistrarilor, Luna mai 2007, Procente, 112.7
Tiparire si reproducerea pe suporturi a inregistrarilor, Luna iunie 2007, Procente, 95.4
Tiparire si reproducerea pe suporturi a inregistrarilor, Luna iulie 2007, Procente, 90.2
Tiparire si reproducerea pe suporturi a inregistrarilor, Luna august 2007, Procente, 91.5
Tiparire si reproducerea pe suporturi a inregistrarilor, Luna septembrie 2007, Procente, 96.6
Tiparire si reproducerea pe suporturi a inregistrarilor, Luna octombrie 2007, Procente, 111.9
Tiparire si reproducerea pe suporturi a inregistrarilor, Luna noiembrie 2007, Procente, 112.8
Tiparire si reproducerea pe suporturi a inregistrarilor, Luna decembrie 2007, Procente, 110
Tiparire si reproducerea pe suporturi a inregistrarilor, Luna ianuarie 2008, Procente, 107.3
Tiparire si reproducerea pe suporturi a inregistrarilor, Luna februarie 2008, Procente, 116.2
Tiparire si reproducerea pe suporturi a inregistrarilor, Luna martie 2008, Procente, 128.4
Tiparire si reproducerea pe suporturi a inregistrarilor, Luna aprilie 2008, Procente, 132.5
Tiparire si reproducerea pe suporturi a inregistrarilor, Luna mai 2008, Procente, 142.8
Tiparire si reproducerea pe suporturi a inregistrarilor, Luna iunie 2008, Procente, 123.9
Tiparire si reproducerea pe suporturi a inregistrarilor, Luna iulie 2008, Procente, 118.7
Tiparire si reproducerea pe suporturi a inregistrarilor, Luna august 2008, Procente, 111.9
Tiparire si reproducerea pe suporturi a inregistrarilor, Luna septembrie 2008, Procente, 125.3
Tiparire si reproducerea pe suporturi a inregistrarilor, Luna octombrie 2008, Procente, 129.4
Tiparire si reproducerea pe suporturi a inregistrarilor, Luna noiembrie 2008, Procente, 135.3
Tiparire si reproducerea pe suporturi a inregistrarilor, Luna decembrie 2008, Procente, 128.3
Tiparire si reproducerea pe suporturi a inregistrarilor, Luna ianuarie 2009, Procente, 119.8
Tiparire si reproducerea pe suporturi a inregistrarilor, Luna februarie 2009, Procente, 136.5
Tiparire si reproducerea pe suporturi a inregistrarilor, Luna martie 2009, Procente, 131.2
Tiparire si reproducerea pe suporturi a inregistrarilor, Luna aprilie 2009, Procente, 140.1
Tiparire si reproducerea pe suporturi a inregistrarilor, Luna mai 2009, Procente, 133.6
Tiparire si reproducerea pe suporturi a inregistrarilor, Luna iunie 2009, Procente, 135.8
Tiparire si reproducerea pe suporturi a inregistrarilor, Luna iulie 2009, Procente, 124.8
Tiparire si reproducerea pe suporturi a inregistrarilor, Luna august 2009, Procente, 122.3
Tiparire si reproducerea pe suporturi a inregistrarilor, Luna septembrie 2009, Procente, 130
Tiparire si reproducerea pe suporturi a inregistrarilor, Luna octombrie 2009, Procente, 136.7
Tiparire si reproducerea pe suporturi a inregistrarilor, Luna noiembrie 2009, Procente, 143.4
Tiparire si reproducerea pe suporturi a inregistrarilor, Luna decembrie 2009, Procente, 130.3
Tiparire si reproducerea pe suporturi a inregistrarilor, Luna ianuarie 2010, Procente, 95.3
Tiparire si reproducerea pe suporturi a inregistrarilor, Luna februarie 2010, Procente, 105.1
Tiparire si reproducerea pe suporturi a inregistrarilor, Luna martie 2010, Procente, 117.8
Tiparire si reproducerea pe suporturi a inregistrarilor, Luna aprilie 2010, Procente, 117.8
Tiparire si reproducerea pe suporturi a inregistrarilor, Luna mai 2010, Procente, 113.2
Tiparire si reproducerea pe suporturi a inregistrarilor, Luna iunie 2010, Procente, 124.1
Tiparire si reproducerea pe suporturi a inregistrarilor, Luna iulie 2010, Procente, 124.7
Tiparire si reproducerea pe suporturi a inregistrarilor, Luna august 2010, Procente, 120.8
Tiparire si reproducerea pe suporturi a inregistrarilor, Luna septembrie 2010, Procente, 127.4
Tiparire si reproducerea pe suporturi a inregistrarilor, Luna octombrie 2010, Procente, 135.7
Tiparire si reproducerea pe suporturi a inregistrarilor, Luna noiembrie 2010, Procente, 129.1
Tiparire si reproducerea pe suporturi a inregistrarilor, Luna decembrie 2010, Procente, 124
Tiparire si reproducerea pe suporturi a inregistrarilor, Luna ianuarie 2011, Procente, 96.4
Tiparire si reproducerea pe suporturi a inregistrarilor, Luna februarie 2011, Procente, 101.3
Tiparire si reproducerea pe suporturi a inregistrarilor, Luna martie 2011, Procente, 125.6
Tiparire si reproducerea pe suporturi a inregistrarilor, Luna aprilie 2011, Procente, 105.2
Tiparire si reproducerea pe suporturi a inregistrarilor, Luna mai 2011, Procente, 115.4
Tiparire si reproducerea pe suporturi a inregistrarilor, Luna iunie 2011, Procente, 118.8
Tiparire si reproducerea pe suporturi a inregistrarilor, Luna iulie 2011, Procente, 113.5
Tiparire si reproducerea pe suporturi a inregistrarilor, Luna august 2011, Procente, 108.3
Tiparire si reproducerea pe suporturi a inregistrarilor, Luna septembrie 2011, Procente, 109.2
Tiparire si reproducerea pe suporturi a inregistrarilor, Luna octombrie 2011, Procente, 114.1
Tiparire si reproducerea pe suporturi a inregistrarilor, Luna noiembrie 2011, Procente, 111.3
Tiparire si reproducerea pe suporturi a inregistrarilor, Luna decembrie 2011, Procente, 97.7
Tiparire si reproducerea pe suporturi a inregistrarilor, Luna ianuarie 2012, Procente, 84.7
Tiparire si reproducerea pe suporturi a inregistrarilor, Luna februarie 2012, Procente, 92.5
Tiparire si reproducerea pe suporturi a inregistrarilor, Luna martie 2012, Procente, 112
Tiparire si reproducerea pe suporturi a inregistrarilor, Luna aprilie 2012, Procente, 96.4
Tiparire si reproducerea pe suporturi a inregistrarilor, Luna mai 2012, Procente, 117
Tiparire si reproducerea pe suporturi a inregistrarilor, Luna iunie 2012, Procente, 105.8
Tiparire si reproducerea pe suporturi a inregistrarilor, Luna iulie 2012, Procente, 101.9
Tiparire si reproducerea pe suporturi a inregistrarilor, Luna august 2012, Procente, 110.6
Tiparire si reproducerea pe suporturi a inregistrarilor, Luna septembrie 2012, Procente, 125.9
Tiparire si reproducerea pe suporturi a inregistrarilor, Luna octombrie 2012, Procente, 106.7
Tiparire si reproducerea pe suporturi a inregistrarilor, Luna noiembrie 2012, Procente, 114.1
Tiparire si reproducerea pe suporturi a inregistrarilor, Luna decembrie 2012, Procente, 96.9
Tiparire si reproducerea pe suporturi a inregistrarilor, Luna ianuarie 2013, Procente, 90.5
Tiparire si reproducerea pe suporturi a inregistrarilor, Luna februarie 2013, Procente, 92.9
Tiparire si reproducerea pe suporturi a inregistrarilor, Luna martie 2013, Procente, 94.1
Tiparire si reproducerea pe suporturi a inregistrarilor, Luna aprilie 2013, Procente, 98.8
Tiparire si reproducerea pe suporturi a inregistrarilor, Luna mai 2013, Procente, 97.2
Tiparire si reproducerea pe suporturi a inregistrarilor, Luna iunie 2013, Procente, 89.5
Tiparire si reproducerea pe suporturi a inregistrarilor, Luna iulie 2013, Procente, 93.9
Tiparire si reproducerea pe suporturi a inregistrarilor, Luna august 2013, Procente, 96.5
Tiparire si reproducerea pe suporturi a inregistrarilor, Luna septembrie 2013, Procente, 97.4
Tiparire si reproducerea pe suporturi a inregistrarilor, Luna octombrie 2013, Procente, 109.3
Tiparire si reproducerea pe suporturi a inregistrarilor, Luna noiembrie 2013, Procente, 109.6
Tiparire si reproducerea pe suporturi a inregistrarilor, Luna decembrie 2013, Procente, 102.8
Tiparire si reproducerea pe suporturi a inregistrarilor, Luna ianuarie 2014, Procente, 112.2
Tiparire si reproducerea pe suporturi a inregistrarilor, Luna februarie 2014, Procente, 98
Tiparire si reproducerea pe suporturi a inregistrarilor, Luna martie 2014, Procente, 116.3
Tiparire si reproducerea pe suporturi a inregistrarilor, Luna aprilie 2014, Procente, 110.7
Tiparire si reproducerea pe suporturi a inregistrarilor, Luna mai 2014, Procente, 112.3
Tiparire si reproducerea pe suporturi a inregistrarilor, Luna iunie 2014, Procente, 99.2
Tiparire si reproducerea pe suporturi a inregistrarilor, Luna iulie 2014, Procente, 95.5
Tiparire si reproducerea pe suporturi a inregistrarilor, Luna august 2014, Procente, 101.4
Tiparire si reproducerea pe suporturi a inregistrarilor, Luna septembrie 2014, Procente, 113.8
Tiparire si reproducerea pe suporturi a inregistrarilor, Luna octombrie 2014, Procente, 120.4
Tiparire si reproducerea pe suporturi a inregistrarilor, Luna noiembrie 2014, Procente, 112.3
Tiparire si reproducerea pe suporturi a inregistrarilor, Luna decembrie 2014, Procente, 107.4
Tiparire si reproducerea pe suporturi a inregistrarilor, Luna ianuarie 2015, Procente, 87.6
Tiparire si reproducerea pe suporturi a inregistrarilor, Luna februarie 2015, Procente, 92.7
Tiparire si reproducerea pe suporturi a inregistrarilor, Luna martie 2015, Procente, 104.8
Tiparire si reproducerea pe suporturi a inregistrarilor, Luna aprilie 2015, Procente, 103.1
Tiparire si reproducerea pe suporturi a inregistrarilor, Luna mai 2015, Procente, 97.5
Tiparire si reproducerea pe suporturi a inregistrarilor, Luna iunie 2015, Procente, 104.6
Tiparire si reproducerea pe suporturi a inregistrarilor, Luna iulie 2015, Procente, 98.9
Tiparire si reproducerea pe suporturi a inregistrarilor, Luna august 2015, Procente, 101.5
Tiparire si reproducerea pe suporturi a inregistrarilor, Luna septembrie 2015, Procente, 118.3
Tiparire si reproducerea pe suporturi a inregistrarilor, Luna octombrie 2015, Procente, 117.1
Tiparire si reproducerea pe suporturi a inregistrarilor, Luna noiembrie 2015, Procente, 116.9
Tiparire si reproducerea pe suporturi a inregistrarilor, Luna decembrie 2015, Procente, 122.3
Tiparire si reproducerea pe suporturi a inregistrarilor, Luna ianuarie 2016, Procente, 97
Tiparire si reproducerea pe suporturi a inregistrarilor, Luna februarie 2016, Procente, 104.8
Tiparire si reproducerea pe suporturi a inregistrarilor, Luna martie 2016, Procente, 103.5
Tiparire si reproducerea pe suporturi a inregistrarilor, Luna aprilie 2016, Procente, 107.6
Tiparire si reproducerea pe suporturi a inregistrarilor, Luna mai 2016, Procente, 104
Tiparire si reproducerea pe suporturi a inregistrarilor, Luna iunie 2016, Procente, 104.8
Tiparire si reproducerea pe suporturi a inregistrarilor, Luna iulie 2016, Procente, 96.9
Tiparire si reproducerea pe suporturi a inregistrarilor, Luna august 2016, Procente, 109.6
Tiparire si reproducerea pe suporturi a inregistrarilor, Luna septembrie 2016, Procente, 118.4
Tiparire si reproducerea pe suporturi a inregistrarilor, Luna octombrie 2016, Procente, 119.8
Tiparire si reproducerea pe suporturi a inregistrarilor, Luna noiembrie 2016, Procente, 126.8
Tiparire si reproducerea pe suporturi a inregistrarilor, Luna decembrie 2016, Procente, 110.7
Tiparire si reproducerea pe suporturi a inregistrarilor, Luna ianuarie 2017, Procente, 97.7
Tiparire si reproducerea pe suporturi a inregistrarilor, Luna februarie 2017, Procente, 121.1
Tiparire si reproducerea pe suporturi a inregistrarilor, Luna martie 2017, Procente, 140.8
Tiparire si reproducerea pe suporturi a inregistrarilor, Luna aprilie 2017, Procente, 126.7
Tiparire si reproducerea pe suporturi a inregistrarilor, Luna mai 2017, Procente, 133.9
Tiparire si reproducerea pe suporturi a inregistrarilor, Luna iunie 2017, Procente, 133
Tiparire si reproducerea pe suporturi a inregistrarilor, Luna iulie 2017, Procente, 133.1
Tiparire si reproducerea pe suporturi a inregistrarilor, Luna august 2017, Procente, 131.1
Tiparire si reproducerea pe suporturi a inregistrarilor, Luna septembrie 2017, Procente, 131.6
Tiparire si reproducerea pe suporturi a inregistrarilor, Luna octombrie 2017, Procente, 132.3
Tiparire si reproducerea pe suporturi a inregistrarilor, Luna noiembrie 2017, Procente, 147.7
Tiparire si reproducerea pe suporturi a inregistrarilor, Luna decembrie 2017, Procente, 137.2
Tiparire si reproducerea pe suporturi a inregistrarilor, Luna ianuarie 2018, Procente, 110
Tiparire si reproducerea pe suporturi a inregistrarilor, Luna februarie 2018, Procente, 111.1
Tiparire si reproducerea pe suporturi a inregistrarilor, Luna martie 2018, Procente, 128.7
Tiparire si reproducerea pe suporturi a inregistrarilor, Luna aprilie 2018, Procente, 109.2
Tiparire si reproducerea pe suporturi a inregistrarilor, Luna mai 2018, Procente, 123
Tiparire si reproducerea pe suporturi a inregistrarilor, Luna iunie 2018, Procente, 128.5
Tiparire si reproducerea pe suporturi a inregistrarilor, Luna iulie 2018, Procente, 118.1
Tiparire si reproducerea pe suporturi a inregistrarilor, Luna august 2018, Procente, 115
Tiparire si reproducerea pe suporturi a inregistrarilor, Luna septembrie 2018, Procente, 114.8
Tiparire si reproducerea pe suporturi a inregistrarilor, Luna octombrie 2018, Procente, 127
Tiparire si reproducerea pe suporturi a inregistrarilor, Luna noiembrie 2018, Procente, 139.4
Tiparire si reproducerea pe suporturi a inregistrarilor, Luna decembrie 2018, Procente, 118.2
Tiparire si reproducerea pe suporturi a inregistrarilor, Luna ianuarie 2019, Procente, 103.2
Tiparire si reproducerea pe suporturi a inregistrarilor, Luna februarie 2019, Procente, 104
Tiparire si reproducerea pe suporturi a inregistrarilor, Luna martie 2019, Procente, 112.7
Tiparire si reproducerea pe suporturi a inregistrarilor, Luna aprilie 2019, Procente, 121.6
Tiparire si reproducerea pe suporturi a inregistrarilor, Luna mai 2019, Procente, 132.3
Tiparire si reproducerea pe suporturi a inregistrarilor, Luna iunie 2019, Procente, 113.4
Tiparire si reproducerea pe suporturi a inregistrarilor, Luna iulie 2019, Procente, 113.9
Tiparire si reproducerea pe suporturi a inregistrarilor, Luna august 2019, Procente, 109.9
Tiparire si reproducerea pe suporturi a inregistrarilor, Luna septembrie 2019, Procente, 121.8
Tiparire si reproducerea pe suporturi a inregistrarilor, Luna octombrie 2019, Procente, 135
Tiparire si reproducerea pe suporturi a inregistrarilor, Luna noiembrie 2019, Procente, 128.2
Tiparire si reproducerea pe suporturi a inregistrarilor, Luna decembrie 2019, Procente, 118.3
Tiparire si reproducerea pe suporturi a inregistrarilor, Luna ianuarie 2020, Procente, 96.4
Tiparire si reproducerea pe suporturi a inregistrarilor, Luna februarie 2020, Procente, 102.3
Tiparire si reproducerea pe suporturi a inregistrarilor, Luna martie 2020, Procente, 105.4
Tiparire si reproducerea pe suporturi a inregistrarilor, Luna aprilie 2020, Procente, 83.5
Tiparire si reproducerea pe suporturi a inregistrarilor, Luna mai 2020, Procente, 89.1
Tiparire si reproducerea pe suporturi a inregistrarilor, Luna iunie 2020, Procente, 90.1
Tiparire si reproducerea pe suporturi a inregistrarilor, Luna iulie 2020, Procente, 92.3
Tiparire si reproducerea pe suporturi a inregistrarilor, Luna august 2020, Procente, 88.6
Tiparire si reproducerea pe suporturi a inregistrarilor, Luna septembrie 2020, Procente, 102.2
Tiparire si reproducerea pe suporturi a inregistrarilor, Luna octombrie 2020, Procente, 100.2
Tiparire si reproducerea pe suporturi a inregistrarilor, Luna noiembrie 2020, Procente, 110.5
Tiparire si reproducerea pe suporturi a inregistrarilor, Luna decembrie 2020, Procente, 114.9
Tiparire si reproducerea pe suporturi a inregistrarilor, Luna ianuarie 2021, Procente, 81.3
Tiparire si reproducerea pe suporturi a inregistrarilor, Luna februarie 2021, Procente, 87.2
Tiparire si reproducerea pe suporturi a inregistrarilor, Luna martie 2021, Procente, 98.8
Tiparire si reproducerea pe suporturi a inregistrarilor, Luna aprilie 2021, Procente, 110.8
Tiparire si reproducerea pe suporturi a inregistrarilor, Luna mai 2021, Procente, 89.9
Tiparire si reproducerea pe suporturi a inregistrarilor, Luna iunie 2021, Procente, 87.6
Tiparire si reproducerea pe suporturi a inregistrarilor, Luna iulie 2021, Procente, 94
Tiparire si reproducerea pe suporturi a inregistrarilor, Luna august 2021, Procente, 94.8
Tiparire si reproducerea pe suporturi a inregistrarilor, Luna septembrie 2021, Procente, 100.4
Tiparire si reproducerea pe suporturi a inregistrarilor, Luna octombrie 2021, Procente, 105.4
Tiparire si reproducerea pe suporturi a inregistrarilor, Luna noiembrie 2021, Procente, 114.4
Tiparire si reproducerea pe suporturi a inregistrarilor, Luna decembrie 2021, Procente, 135.4
Tiparire si reproducerea pe suporturi a inregistrarilor, Luna ianuarie 2022, Procente, 111
Tiparire si reproducerea pe suporturi a inregistrarilor, Luna februarie 2022, Procente, 113.9
Tiparire si reproducerea pe suporturi a inregistrarilor, Luna martie 2022, Procente, 140.3
Tiparire si reproducerea pe suporturi a inregistrarilor, Luna aprilie 2022, Procente, 163.3
Tiparire si reproducerea pe suporturi a inregistrarilor, Luna mai 2022, Procente, 106
Tiparire si reproducerea pe suporturi a inregistrarilor, Luna iunie 2022, Procente, 100.4
Tiparire si reproducerea pe suporturi a inregistrarilor, Luna iulie 2022, Procente, 107.8
Tiparire si reproducerea pe suporturi a inregistrarilor, Luna august 2022, Procente, 102.6
Tiparire si reproducerea pe suporturi a inregistrarilor, Luna septembrie 2022, Procente, 114.5
Tiparire si reproducerea pe suporturi a inregistrarilor, Luna octombrie 2022, Procente, 112.5
Tiparire si reproducerea pe suporturi a inregistrarilor, Luna noiembrie 2022, Procente, 116.8
Tiparire si reproducerea pe suporturi a inregistrarilor, Luna decembrie 2022, Procente, 102.7
Tiparire si reproducerea pe suporturi a inregistrarilor, Luna ianuarie 2023, Procente, 90.9
Tiparire si reproducerea pe suporturi a inregistrarilor, Luna februarie 2023, Procente, 95.9
Tiparire si reproducerea pe suporturi a inregistrarilor, Luna martie 2023, Procente, 108.4
Tiparire si reproducerea pe suporturi a inregistrarilor, Luna aprilie 2023, Procente, 93.8
Tiparire si reproducerea pe suporturi a inregistrarilor, Luna mai 2023, Procente, 100.5
Tiparire si reproducerea pe suporturi a inregistrarilor, Luna iunie 2023, Procente, 96
Tiparire si reproducerea pe suporturi a inregistrarilor, Luna iulie 2023, Procente, 89
Tiparire si reproducerea pe suporturi a inregistrarilor, Luna august 2023, Procente, 94.6
Tiparire si reproducerea pe suporturi a inregistrarilor, Luna septembrie 2023, Procente, 98.8
Tiparire si reproducerea pe suporturi a inregistrarilor, Luna octombrie 2023, Procente, 105.4
Tiparire si reproducerea pe suporturi a inregistrarilor, Luna noiembrie 2023, Procente, 95.6
Tiparire si reproducerea pe suporturi a inregistrarilor, Luna decembrie 2023, Procente, 93.5
Tiparire si reproducerea pe suporturi a inregistrarilor, Luna ianuarie 2024, Procente, 79.1
Tiparire si reproducerea pe suporturi a inregistrarilor, Luna februarie 2024, Procente, 93.1
Tiparire si reproducerea pe suporturi a inregistrarilor, Luna martie 2024, Procente, 93.8
Tiparire si reproducerea pe suporturi a inregistrarilor, Luna aprilie 2024, Procente, 102.2
Tiparire si reproducerea pe suporturi a inregistrarilor, Luna mai 2024, Procente, 94.8
Tiparire si reproducerea pe suporturi a inregistrarilor, Luna iunie 2024, Procente, 92.4
Tiparire si reproducerea pe suporturi a inregistrarilor, Luna iulie 2024, Procente, 89.8
Tiparire si reproducerea pe suporturi a inregistrarilor, Luna august 2024, Procente, 84.3
Tiparire si reproducerea pe suporturi a inregistrarilor, Luna septembrie 2024, Procente, 96
Tiparire si reproducerea pe suporturi a inregistrarilor, Luna octombrie 2024, Procente, 103.7
Tiparire si reproducerea pe suporturi a inregistrarilor, Luna noiembrie 2024, Procente, 107.7
Tiparire si reproducerea pe suporturi a inregistrarilor, Luna decembrie 2024, Procente, 93.1
Tiparire si reproducerea pe suporturi a inregistrarilor, Luna ianuarie 2025, Procente, 87.4
Tiparire si reproducerea pe suporturi a inregistrarilor, Luna februarie 2025, Procente, 94.9
Fabricarea  produselor de cocserie si a produselor obtinute din prelucrarea titeiului, Luna ianuarie 2005, Procente, 121
Fabricarea  produselor de cocserie si a produselor obtinute din prelucrarea titeiului, Luna februarie 2005, Procente, 107.9
Fabricarea  produselor de cocserie si a produselor obtinute din prelucrarea titeiului, Luna martie 2005, Procente, 131.5
Fabricarea  produselor de cocserie si a produselor obtinute din prelucrarea titeiului, Luna aprilie 2005, Procente, 117.8
Fabricarea  produselor de cocserie si a produselor obtinute din prelucrarea titeiului, Luna mai 2005, Procente, 106
Fabricarea  produselor de cocserie si a produselor obtinute din prelucrarea titeiului, Luna iunie 2005, Procente, 134.4
Fabricarea  produselor de cocserie si a produselor obtinute din prelucrarea titeiului, Luna iulie 2005, Procente, 128.6
Fabricarea  produselor de cocserie si a produselor obtinute din prelucrarea titeiului, Luna august 2005, Procente, 144.4
Fabricarea  produselor de cocserie si a produselor obtinute din prelucrarea titeiului, Luna septembrie 2005, Procente, 138.5
Fabricarea  produselor de cocserie si a produselor obtinute din prelucrarea titeiului, Luna octombrie 2005, Procente, 98.4
Fabricarea  produselor de cocserie si a produselor obtinute din prelucrarea titeiului, Luna noiembrie 2005, Procente, 97.9
Fabricarea  produselor de cocserie si a produselor obtinute din prelucrarea titeiului, Luna decembrie 2005, Procente, 146.9
Fabricarea  produselor de cocserie si a produselor obtinute din prelucrarea titeiului, Luna ianuarie 2006, Procente, 130.9
Fabricarea  produselor de cocserie si a produselor obtinute din prelucrarea titeiului, Luna februarie 2006, Procente, 124.1
Fabricarea  produselor de cocserie si a produselor obtinute din prelucrarea titeiului, Luna martie 2006, Procente, 125.7
Fabricarea  produselor de cocserie si a produselor obtinute din prelucrarea titeiului, Luna aprilie 2006, Procente, 119.1
Fabricarea  produselor de cocserie si a produselor obtinute din prelucrarea titeiului, Luna mai 2006, Procente, 131.3
Fabricarea  produselor de cocserie si a produselor obtinute din prelucrarea titeiului, Luna iunie 2006, Procente, 119.6
Fabricarea  produselor de cocserie si a produselor obtinute din prelucrarea titeiului, Luna iulie 2006, Procente, 113.6
Fabricarea  produselor de cocserie si a produselor obtinute din prelucrarea titeiului, Luna august 2006, Procente, 122.9
Fabricarea  produselor de cocserie si a produselor obtinute din prelucrarea titeiului, Luna septembrie 2006, Procente, 118.6
Fabricarea  produselor de cocserie si a produselor obtinute din prelucrarea titeiului, Luna octombrie 2006, Procente, 124.3
Fabricarea  produselor de cocserie si a produselor obtinute din prelucrarea titeiului, Luna noiembrie 2006, Procente, 92.7
Fabricarea  produselor de cocserie si a produselor obtinute din prelucrarea titeiului, Luna decembrie 2006, Procente, 106.2
Fabricarea  produselor de cocserie si a produselor obtinute din prelucrarea titeiului, Luna ianuarie 2007, Procente, 119.2
Fabricarea  produselor de cocserie si a produselor obtinute din prelucrarea titeiului, Luna februarie 2007, Procente, 106.5
Fabricarea  produselor de cocserie si a produselor obtinute din prelucrarea titeiului, Luna martie 2007, Procente, 119.9
Fabricarea  produselor de cocserie si a produselor obtinute din prelucrarea titeiului, Luna aprilie 2007, Procente, 76.2
Fabricarea  produselor de cocserie si a produselor obtinute din prelucrarea titeiului, Luna mai 2007, Procente, 96.1
Fabricarea  produselor de cocserie si a produselor obtinute din prelucrarea titeiului, Luna iunie 2007, Procente, 119.3
Fabricarea  produselor de cocserie si a produselor obtinute din prelucrarea titeiului, Luna iulie 2007, Procente, 121.9
Fabricarea  produselor de cocserie si a produselor obtinute din prelucrarea titeiului, Luna august 2007, Procente, 128.9
Fabricarea  produselor de cocserie si a produselor obtinute din prelucrarea titeiului, Luna septembrie 2007, Procente, 134.1
Fabricarea  produselor de cocserie si a produselor obtinute din prelucrarea titeiului, Luna octombrie 2007, Procente, 131.6
Fabricarea  produselor de cocserie si a produselor obtinute din prelucrarea titeiului, Luna noiembrie 2007, Procente, 120.3
Fabricarea  produselor de cocserie si a produselor obtinute din prelucrarea titeiului, Luna decembrie 2007, Procente, 123.6
Fabricarea  produselor de cocserie si a produselor obtinute din prelucrarea titeiului, Luna ianuarie 2008, Procente, 118
Fabricarea  produselor de cocserie si a produselor obtinute din prelucrarea titeiului, Luna februarie 2008, Procente, 108.7
Fabricarea  produselor de cocserie si a produselor obtinute din prelucrarea titeiului, Luna martie 2008, Procente, 119.7
Fabricarea  produselor de cocserie si a produselor obtinute din prelucrarea titeiului, Luna aprilie 2008, Procente, 122.4
Fabricarea  produselor de cocserie si a produselor obtinute din prelucrarea titeiului, Luna mai 2008, Procente, 114.5
Fabricarea  produselor de cocserie si a produselor obtinute din prelucrarea titeiului, Luna iunie 2008, Procente, 115.3
Fabricarea  produselor de cocserie si a produselor obtinute din prelucrarea titeiului, Luna iulie 2008, Procente, 104.4
Fabricarea  produselor de cocserie si a produselor obtinute din prelucrarea titeiului, Luna august 2008, Procente, 127.9
Fabricarea  produselor de cocserie si a produselor obtinute din prelucrarea titeiului, Luna septembrie 2008, Procente, 120.9
Fabricarea  produselor de cocserie si a produselor obtinute din prelucrarea titeiului, Luna octombrie 2008, Procente, 122.9
Fabricarea  produselor de cocserie si a produselor obtinute din prelucrarea titeiului, Luna noiembrie 2008, Procente, 122.3
Fabricarea  produselor de cocserie si a produselor obtinute din prelucrarea titeiului, Luna decembrie 2008, Procente, 94.6
Fabricarea  produselor de cocserie si a produselor obtinute din prelucrarea titeiului, Luna ianuarie 2009, Procente, 85.2
Fabricarea  produselor de cocserie si a produselor obtinute din prelucrarea titeiului, Luna februarie 2009, Procente, 94.8
Fabricarea  produselor de cocserie si a produselor obtinute din prelucrarea titeiului, Luna martie 2009, Procente, 109.6
Fabricarea  produselor de cocserie si a produselor obtinute din prelucrarea titeiului, Luna aprilie 2009, Procente, 109.6
Fabricarea  produselor de cocserie si a produselor obtinute din prelucrarea titeiului, Luna mai 2009, Procente, 104.3
Fabricarea  produselor de cocserie si a produselor obtinute din prelucrarea titeiului, Luna iunie 2009, Procente, 109.3
Fabricarea  produselor de cocserie si a produselor obtinute din prelucrarea titeiului, Luna iulie 2009, Procente, 110.6
Fabricarea  produselor de cocserie si a produselor obtinute din prelucrarea titeiului, Luna august 2009, Procente, 112.5
Fabricarea  produselor de cocserie si a produselor obtinute din prelucrarea titeiului, Luna septembrie 2009, Procente, 109.4
Fabricarea  produselor de cocserie si a produselor obtinute din prelucrarea titeiului, Luna octombrie 2009, Procente, 93.6
Fabricarea  produselor de cocserie si a produselor obtinute din prelucrarea titeiului, Luna noiembrie 2009, Procente, 89.6
Fabricarea  produselor de cocserie si a produselor obtinute din prelucrarea titeiului, Luna decembrie 2009, Procente, 102.9
Fabricarea  produselor de cocserie si a produselor obtinute din prelucrarea titeiului, Luna ianuarie 2010, Procente, 96.2
Fabricarea  produselor de cocserie si a produselor obtinute din prelucrarea titeiului, Luna februarie 2010, Procente, 76.4
Fabricarea  produselor de cocserie si a produselor obtinute din prelucrarea titeiului, Luna martie 2010, Procente, 106.2
Fabricarea  produselor de cocserie si a produselor obtinute din prelucrarea titeiului, Luna aprilie 2010, Procente, 95
Fabricarea  produselor de cocserie si a produselor obtinute din prelucrarea titeiului, Luna mai 2010, Procente, 98.7
Fabricarea  produselor de cocserie si a produselor obtinute din prelucrarea titeiului, Luna iunie 2010, Procente, 95.9
Fabricarea  produselor de cocserie si a produselor obtinute din prelucrarea titeiului, Luna iulie 2010, Procente, 91.2
Fabricarea  produselor de cocserie si a produselor obtinute din prelucrarea titeiului, Luna august 2010, Procente, 98.6
Fabricarea  produselor de cocserie si a produselor obtinute din prelucrarea titeiului, Luna septembrie 2010, Procente, 86.1
Fabricarea  produselor de cocserie si a produselor obtinute din prelucrarea titeiului, Luna octombrie 2010, Procente, 63.3
Fabricarea  produselor de cocserie si a produselor obtinute din prelucrarea titeiului, Luna noiembrie 2010, Procente, 84.2
Fabricarea  produselor de cocserie si a produselor obtinute din prelucrarea titeiului, Luna decembrie 2010, Procente, 95.4
Fabricarea  produselor de cocserie si a produselor obtinute din prelucrarea titeiului, Luna ianuarie 2011, Procente, 90.5
Fabricarea  produselor de cocserie si a produselor obtinute din prelucrarea titeiului, Luna februarie 2011, Procente, 74.1
Fabricarea  produselor de cocserie si a produselor obtinute din prelucrarea titeiului, Luna martie 2011, Procente, 93.7
Fabricarea  produselor de cocserie si a produselor obtinute din prelucrarea titeiului, Luna aprilie 2011, Procente, 98.9
Fabricarea  produselor de cocserie si a produselor obtinute din prelucrarea titeiului, Luna mai 2011, Procente, 98.8
Fabricarea  produselor de cocserie si a produselor obtinute din prelucrarea titeiului, Luna iunie 2011, Procente, 100.3
Fabricarea  produselor de cocserie si a produselor obtinute din prelucrarea titeiului, Luna iulie 2011, Procente, 98.3
Fabricarea  produselor de cocserie si a produselor obtinute din prelucrarea titeiului, Luna august 2011, Procente, 84.5
Fabricarea  produselor de cocserie si a produselor obtinute din prelucrarea titeiului, Luna septembrie 2011, Procente, 82.8
Fabricarea  produselor de cocserie si a produselor obtinute din prelucrarea titeiului, Luna octombrie 2011, Procente, 89.4
Fabricarea  produselor de cocserie si a produselor obtinute din prelucrarea titeiului, Luna noiembrie 2011, Procente, 77.6
Fabricarea  produselor de cocserie si a produselor obtinute din prelucrarea titeiului, Luna decembrie 2011, Procente, 94.4
Fabricarea  produselor de cocserie si a produselor obtinute din prelucrarea titeiului, Luna ianuarie 2012, Procente, 83.1
Fabricarea  produselor de cocserie si a produselor obtinute din prelucrarea titeiului, Luna februarie 2012, Procente, 58.5
Fabricarea  produselor de cocserie si a produselor obtinute din prelucrarea titeiului, Luna martie 2012, Procente, 94.1
Fabricarea  produselor de cocserie si a produselor obtinute din prelucrarea titeiului, Luna aprilie 2012, Procente, 95.5
Fabricarea  produselor de cocserie si a produselor obtinute din prelucrarea titeiului, Luna mai 2012, Procente, 74.5
Fabricarea  produselor de cocserie si a produselor obtinute din prelucrarea titeiului, Luna iunie 2012, Procente, 62.1
Fabricarea  produselor de cocserie si a produselor obtinute din prelucrarea titeiului, Luna iulie 2012, Procente, 93.2
Fabricarea  produselor de cocserie si a produselor obtinute din prelucrarea titeiului, Luna august 2012, Procente, 83.9
Fabricarea  produselor de cocserie si a produselor obtinute din prelucrarea titeiului, Luna septembrie 2012, Procente, 94.5
Fabricarea  produselor de cocserie si a produselor obtinute din prelucrarea titeiului, Luna octombrie 2012, Procente, 100.7
Fabricarea  produselor de cocserie si a produselor obtinute din prelucrarea titeiului, Luna noiembrie 2012, Procente, 92.9
Fabricarea  produselor de cocserie si a produselor obtinute din prelucrarea titeiului, Luna decembrie 2012, Procente, 91.4
Fabricarea  produselor de cocserie si a produselor obtinute din prelucrarea titeiului, Luna ianuarie 2013, Procente, 89.3
Fabricarea  produselor de cocserie si a produselor obtinute din prelucrarea titeiului, Luna februarie 2013, Procente, 76.7
Fabricarea  produselor de cocserie si a produselor obtinute din prelucrarea titeiului, Luna martie 2013, Procente, 39.2
Fabricarea  produselor de cocserie si a produselor obtinute din prelucrarea titeiului, Luna aprilie 2013, Procente, 73.6
Fabricarea  produselor de cocserie si a produselor obtinute din prelucrarea titeiului, Luna mai 2013, Procente, 95.5
Fabricarea  produselor de cocserie si a produselor obtinute din prelucrarea titeiului, Luna iunie 2013, Procente, 97.2
Fabricarea  produselor de cocserie si a produselor obtinute din prelucrarea titeiului, Luna iulie 2013, Procente, 97.7
Fabricarea  produselor de cocserie si a produselor obtinute din prelucrarea titeiului, Luna august 2013, Procente, 96.6
Fabricarea  produselor de cocserie si a produselor obtinute din prelucrarea titeiului, Luna septembrie 2013, Procente, 102.3
Fabricarea  produselor de cocserie si a produselor obtinute din prelucrarea titeiului, Luna octombrie 2013, Procente, 103.2
Fabricarea  produselor de cocserie si a produselor obtinute din prelucrarea titeiului, Luna noiembrie 2013, Procente, 101.7
Fabricarea  produselor de cocserie si a produselor obtinute din prelucrarea titeiului, Luna decembrie 2013, Procente, 105.1
Fabricarea  produselor de cocserie si a produselor obtinute din prelucrarea titeiului, Luna ianuarie 2014, Procente, 95.3
Fabricarea  produselor de cocserie si a produselor obtinute din prelucrarea titeiului, Luna februarie 2014, Procente, 93.3
Fabricarea  produselor de cocserie si a produselor obtinute din prelucrarea titeiului, Luna martie 2014, Procente, 96.4
Fabricarea  produselor de cocserie si a produselor obtinute din prelucrarea titeiului, Luna aprilie 2014, Procente, 93.1
Fabricarea  produselor de cocserie si a produselor obtinute din prelucrarea titeiului, Luna mai 2014, Procente, 107.4
Fabricarea  produselor de cocserie si a produselor obtinute din prelucrarea titeiului, Luna iunie 2014, Procente, 73.7
Fabricarea  produselor de cocserie si a produselor obtinute din prelucrarea titeiului, Luna iulie 2014, Procente, 109.9
Fabricarea  produselor de cocserie si a produselor obtinute din prelucrarea titeiului, Luna august 2014, Procente, 113.9
Fabricarea  produselor de cocserie si a produselor obtinute din prelucrarea titeiului, Luna septembrie 2014, Procente, 116.2
Fabricarea  produselor de cocserie si a produselor obtinute din prelucrarea titeiului, Luna octombrie 2014, Procente, 110.5
Fabricarea  produselor de cocserie si a produselor obtinute din prelucrarea titeiului, Luna noiembrie 2014, Procente, 109.2
Fabricarea  produselor de cocserie si a produselor obtinute din prelucrarea titeiului, Luna decembrie 2014, Procente, 107.4
Fabricarea  produselor de cocserie si a produselor obtinute din prelucrarea titeiului, Luna ianuarie 2015, Procente, 108.9
Fabricarea  produselor de cocserie si a produselor obtinute din prelucrarea titeiului, Luna februarie 2015, Procente, 90.5
Fabricarea  produselor de cocserie si a produselor obtinute din prelucrarea titeiului, Luna martie 2015, Procente, 112.9
Fabricarea  produselor de cocserie si a produselor obtinute din prelucrarea titeiului, Luna aprilie 2015, Procente, 84.6
Fabricarea  produselor de cocserie si a produselor obtinute din prelucrarea titeiului, Luna mai 2015, Procente, 110
Fabricarea  produselor de cocserie si a produselor obtinute din prelucrarea titeiului, Luna iunie 2015, Procente, 107.8
Fabricarea  produselor de cocserie si a produselor obtinute din prelucrarea titeiului, Luna iulie 2015, Procente, 111.6
Fabricarea  produselor de cocserie si a produselor obtinute din prelucrarea titeiului, Luna august 2015, Procente, 125.4
Fabricarea  produselor de cocserie si a produselor obtinute din prelucrarea titeiului, Luna septembrie 2015, Procente, 113.1
Fabricarea  produselor de cocserie si a produselor obtinute din prelucrarea titeiului, Luna octombrie 2015, Procente, 86
Fabricarea  produselor de cocserie si a produselor obtinute din prelucrarea titeiului, Luna noiembrie 2015, Procente, 81.2
Fabricarea  produselor de cocserie si a produselor obtinute din prelucrarea titeiului, Luna decembrie 2015, Procente, 95.3
Fabricarea  produselor de cocserie si a produselor obtinute din prelucrarea titeiului, Luna ianuarie 2016, Procente, 105.4
Fabricarea  produselor de cocserie si a produselor obtinute din prelucrarea titeiului, Luna februarie 2016, Procente, 112.1
Fabricarea  produselor de cocserie si a produselor obtinute din prelucrarea titeiului, Luna martie 2016, Procente, 110.5
Fabricarea  produselor de cocserie si a produselor obtinute din prelucrarea titeiului, Luna aprilie 2016, Procente, 116.3
Fabricarea  produselor de cocserie si a produselor obtinute din prelucrarea titeiului, Luna mai 2016, Procente, 114.3
Fabricarea  produselor de cocserie si a produselor obtinute din prelucrarea titeiului, Luna iunie 2016, Procente, 103.9
Fabricarea  produselor de cocserie si a produselor obtinute din prelucrarea titeiului, Luna iulie 2016, Procente, 119.6
Fabricarea  produselor de cocserie si a produselor obtinute din prelucrarea titeiului, Luna august 2016, Procente, 111.2
Fabricarea  produselor de cocserie si a produselor obtinute din prelucrarea titeiului, Luna septembrie 2016, Procente, 85.1
Fabricarea  produselor de cocserie si a produselor obtinute din prelucrarea titeiului, Luna octombrie 2016, Procente, 117.2
Fabricarea  produselor de cocserie si a produselor obtinute din prelucrarea titeiului, Luna noiembrie 2016, Procente, 118
Fabricarea  produselor de cocserie si a produselor obtinute din prelucrarea titeiului, Luna decembrie 2016, Procente, 119.1
Fabricarea  produselor de cocserie si a produselor obtinute din prelucrarea titeiului, Luna ianuarie 2017, Procente, 101.1
Fabricarea  produselor de cocserie si a produselor obtinute din prelucrarea titeiului, Luna februarie 2017, Procente, 86.4
Fabricarea  produselor de cocserie si a produselor obtinute din prelucrarea titeiului, Luna martie 2017, Procente, 99
Fabricarea  produselor de cocserie si a produselor obtinute din prelucrarea titeiului, Luna aprilie 2017, Procente, 114
Fabricarea  produselor de cocserie si a produselor obtinute din prelucrarea titeiului, Luna mai 2017, Procente, 91.7
Fabricarea  produselor de cocserie si a produselor obtinute din prelucrarea titeiului, Luna iunie 2017, Procente, 112
Fabricarea  produselor de cocserie si a produselor obtinute din prelucrarea titeiului, Luna iulie 2017, Procente, 115.2
Fabricarea  produselor de cocserie si a produselor obtinute din prelucrarea titeiului, Luna august 2017, Procente, 126.4
Fabricarea  produselor de cocserie si a produselor obtinute din prelucrarea titeiului, Luna septembrie 2017, Procente, 115.9
Fabricarea  produselor de cocserie si a produselor obtinute din prelucrarea titeiului, Luna octombrie 2017, Procente, 126.7
Fabricarea  produselor de cocserie si a produselor obtinute din prelucrarea titeiului, Luna noiembrie 2017, Procente, 122.6
Fabricarea  produselor de cocserie si a produselor obtinute din prelucrarea titeiului, Luna decembrie 2017, Procente, 121.8
Fabricarea  produselor de cocserie si a produselor obtinute din prelucrarea titeiului, Luna ianuarie 2018, Procente, 119.4
Fabricarea  produselor de cocserie si a produselor obtinute din prelucrarea titeiului, Luna februarie 2018, Procente, 105.7
Fabricarea  produselor de cocserie si a produselor obtinute din prelucrarea titeiului, Luna martie 2018, Procente, 126
Fabricarea  produselor de cocserie si a produselor obtinute din prelucrarea titeiului, Luna aprilie 2018, Procente, 89.9
Fabricarea  produselor de cocserie si a produselor obtinute din prelucrarea titeiului, Luna mai 2018, Procente, 97.9
Fabricarea  produselor de cocserie si a produselor obtinute din prelucrarea titeiului, Luna iunie 2018, Procente, 122.7
Fabricarea  produselor de cocserie si a produselor obtinute din prelucrarea titeiului, Luna iulie 2018, Procente, 119
Fabricarea  produselor de cocserie si a produselor obtinute din prelucrarea titeiului, Luna august 2018, Procente, 128.6
Fabricarea  produselor de cocserie si a produselor obtinute din prelucrarea titeiului, Luna septembrie 2018, Procente, 113.9
Fabricarea  produselor de cocserie si a produselor obtinute din prelucrarea titeiului, Luna octombrie 2018, Procente, 117.8
Fabricarea  produselor de cocserie si a produselor obtinute din prelucrarea titeiului, Luna noiembrie 2018, Procente, 91
Fabricarea  produselor de cocserie si a produselor obtinute din prelucrarea titeiului, Luna decembrie 2018, Procente, 117.9
Fabricarea  produselor de cocserie si a produselor obtinute din prelucrarea titeiului, Luna ianuarie 2019, Procente, 122.5
Fabricarea  produselor de cocserie si a produselor obtinute din prelucrarea titeiului, Luna februarie 2019, Procente, 108.2
Fabricarea  produselor de cocserie si a produselor obtinute din prelucrarea titeiului, Luna martie 2019, Procente, 101.3
Fabricarea  produselor de cocserie si a produselor obtinute din prelucrarea titeiului, Luna aprilie 2019, Procente, 108.9
Fabricarea  produselor de cocserie si a produselor obtinute din prelucrarea titeiului, Luna mai 2019, Procente, 132.9
Fabricarea  produselor de cocserie si a produselor obtinute din prelucrarea titeiului, Luna iunie 2019, Procente, 116.8
Fabricarea  produselor de cocserie si a produselor obtinute din prelucrarea titeiului, Luna iulie 2019, Procente, 122.5
Fabricarea  produselor de cocserie si a produselor obtinute din prelucrarea titeiului, Luna august 2019, Procente, 124.4
Fabricarea  produselor de cocserie si a produselor obtinute din prelucrarea titeiului, Luna septembrie 2019, Procente, 122.2
Fabricarea  produselor de cocserie si a produselor obtinute din prelucrarea titeiului, Luna octombrie 2019, Procente, 127
Fabricarea  produselor de cocserie si a produselor obtinute din prelucrarea titeiului, Luna noiembrie 2019, Procente, 124
Fabricarea  produselor de cocserie si a produselor obtinute din prelucrarea titeiului, Luna decembrie 2019, Procente, 114
Fabricarea  produselor de cocserie si a produselor obtinute din prelucrarea titeiului, Luna ianuarie 2020, Procente, 125.7
Fabricarea  produselor de cocserie si a produselor obtinute din prelucrarea titeiului, Luna februarie 2020, Procente, 103.4
Fabricarea  produselor de cocserie si a produselor obtinute din prelucrarea titeiului, Luna martie 2020, Procente, 98.9
Fabricarea  produselor de cocserie si a produselor obtinute din prelucrarea titeiului, Luna aprilie 2020, Procente, 68.6
Fabricarea  produselor de cocserie si a produselor obtinute din prelucrarea titeiului, Luna mai 2020, Procente, 91.2
Fabricarea  produselor de cocserie si a produselor obtinute din prelucrarea titeiului, Luna iunie 2020, Procente, 104.5
Fabricarea  produselor de cocserie si a produselor obtinute din prelucrarea titeiului, Luna iulie 2020, Procente, 94
Fabricarea  produselor de cocserie si a produselor obtinute din prelucrarea titeiului, Luna august 2020, Procente, 114.8
Fabricarea  produselor de cocserie si a produselor obtinute din prelucrarea titeiului, Luna septembrie 2020, Procente, 108.5
Fabricarea  produselor de cocserie si a produselor obtinute din prelucrarea titeiului, Luna octombrie 2020, Procente, 113.4
Fabricarea  produselor de cocserie si a produselor obtinute din prelucrarea titeiului, Luna noiembrie 2020, Procente, 101.5
Fabricarea  produselor de cocserie si a produselor obtinute din prelucrarea titeiului, Luna decembrie 2020, Procente, 117.2
Fabricarea  produselor de cocserie si a produselor obtinute din prelucrarea titeiului, Luna ianuarie 2021, Procente, 104.6
Fabricarea  produselor de cocserie si a produselor obtinute din prelucrarea titeiului, Luna februarie 2021, Procente, 95
Fabricarea  produselor de cocserie si a produselor obtinute din prelucrarea titeiului, Luna martie 2021, Procente, 117.8
Fabricarea  produselor de cocserie si a produselor obtinute din prelucrarea titeiului, Luna aprilie 2021, Procente, 112.4
Fabricarea  produselor de cocserie si a produselor obtinute din prelucrarea titeiului, Luna mai 2021, Procente, 114.7
Fabricarea  produselor de cocserie si a produselor obtinute din prelucrarea titeiului, Luna iunie 2021, Procente, 111.2
Fabricarea  produselor de cocserie si a produselor obtinute din prelucrarea titeiului, Luna iulie 2021, Procente, 86.7
Fabricarea  produselor de cocserie si a produselor obtinute din prelucrarea titeiului, Luna august 2021, Procente, 85.7
Fabricarea  produselor de cocserie si a produselor obtinute din prelucrarea titeiului, Luna septembrie 2021, Procente, 82.4
Fabricarea  produselor de cocserie si a produselor obtinute din prelucrarea titeiului, Luna octombrie 2021, Procente, 101.3
Fabricarea  produselor de cocserie si a produselor obtinute din prelucrarea titeiului, Luna noiembrie 2021, Procente, 83.6
Fabricarea  produselor de cocserie si a produselor obtinute din prelucrarea titeiului, Luna decembrie 2021, Procente, 104.7
Fabricarea  produselor de cocserie si a produselor obtinute din prelucrarea titeiului, Luna ianuarie 2022, Procente, 115.4
Fabricarea  produselor de cocserie si a produselor obtinute din prelucrarea titeiului, Luna februarie 2022, Procente, 92.6
Fabricarea  produselor de cocserie si a produselor obtinute din prelucrarea titeiului, Luna martie 2022, Procente, 87.3
Fabricarea  produselor de cocserie si a produselor obtinute din prelucrarea titeiului, Luna aprilie 2022, Procente, 89
Fabricarea  produselor de cocserie si a produselor obtinute din prelucrarea titeiului, Luna mai 2022, Procente, 126.8
Fabricarea  produselor de cocserie si a produselor obtinute din prelucrarea titeiului, Luna iunie 2022, Procente, 121.9
Fabricarea  produselor de cocserie si a produselor obtinute din prelucrarea titeiului, Luna iulie 2022, Procente, 123.6
Fabricarea  produselor de cocserie si a produselor obtinute din prelucrarea titeiului, Luna august 2022, Procente, 119
Fabricarea  produselor de cocserie si a produselor obtinute din prelucrarea titeiului, Luna septembrie 2022, Procente, 123.8
Fabricarea  produselor de cocserie si a produselor obtinute din prelucrarea titeiului, Luna octombrie 2022, Procente, 114.7
Fabricarea  produselor de cocserie si a produselor obtinute din prelucrarea titeiului, Luna noiembrie 2022, Procente, 116.7
Fabricarea  produselor de cocserie si a produselor obtinute din prelucrarea titeiului, Luna decembrie 2022, Procente, 116.4
Fabricarea  produselor de cocserie si a produselor obtinute din prelucrarea titeiului, Luna ianuarie 2023, Procente, 110.3
Fabricarea  produselor de cocserie si a produselor obtinute din prelucrarea titeiului, Luna februarie 2023, Procente, 98.1
Fabricarea  produselor de cocserie si a produselor obtinute din prelucrarea titeiului, Luna martie 2023, Procente, 123
Fabricarea  produselor de cocserie si a produselor obtinute din prelucrarea titeiului, Luna aprilie 2023, Procente, 102.4
Fabricarea  produselor de cocserie si a produselor obtinute din prelucrarea titeiului, Luna mai 2023, Procente, 85.2
Fabricarea  produselor de cocserie si a produselor obtinute din prelucrarea titeiului, Luna iunie 2023, Procente, 98.7
Fabricarea  produselor de cocserie si a produselor obtinute din prelucrarea titeiului, Luna iulie 2023, Procente, 100.1
Fabricarea  produselor de cocserie si a produselor obtinute din prelucrarea titeiului, Luna august 2023, Procente, 103.8
Fabricarea  produselor de cocserie si a produselor obtinute din prelucrarea titeiului, Luna septembrie 2023, Procente, 102.8
Fabricarea  produselor de cocserie si a produselor obtinute din prelucrarea titeiului, Luna octombrie 2023, Procente, 105.3
Fabricarea  produselor de cocserie si a produselor obtinute din prelucrarea titeiului, Luna noiembrie 2023, Procente, 72.4
Fabricarea  produselor de cocserie si a produselor obtinute din prelucrarea titeiului, Luna decembrie 2023, Procente, 103.8
Fabricarea  produselor de cocserie si a produselor obtinute din prelucrarea titeiului, Luna ianuarie 2024, Procente, 110.9
Fabricarea  produselor de cocserie si a produselor obtinute din prelucrarea titeiului, Luna februarie 2024, Procente, 100.3
Fabricarea  produselor de cocserie si a produselor obtinute din prelucrarea titeiului, Luna martie 2024, Procente, 90.1
Fabricarea  produselor de cocserie si a produselor obtinute din prelucrarea titeiului, Luna aprilie 2024, Procente, 79.1
Fabricarea  produselor de cocserie si a produselor obtinute din prelucrarea titeiului, Luna mai 2024, Procente, 86
Fabricarea  produselor de cocserie si a produselor obtinute din prelucrarea titeiului, Luna iunie 2024, Procente, 117.9
Fabricarea  produselor de cocserie si a produselor obtinute din prelucrarea titeiului, Luna iulie 2024, Procente, 123.4
Fabricarea  produselor de cocserie si a produselor obtinute din prelucrarea titeiului, Luna august 2024, Procente, 115.3
Fabricarea  produselor de cocserie si a produselor obtinute din prelucrarea titeiului, Luna septembrie 2024, Procente, 119.3
Fabricarea  produselor de cocserie si a produselor obtinute din prelucrarea titeiului, Luna octombrie 2024, Procente, 125.3
Fabricarea  produselor de cocserie si a produselor obtinute din prelucrarea titeiului, Luna noiembrie 2024, Procente, 115.6
Fabricarea  produselor de cocserie si a produselor obtinute din prelucrarea titeiului, Luna decembrie 2024, Procente, 115.3
Fabricarea  produselor de cocserie si a produselor obtinute din prelucrarea titeiului, Luna ianuarie 2025, Procente, 116.9
Fabricarea  produselor de cocserie si a produselor obtinute din prelucrarea titeiului, Luna februarie 2025, Procente, 108.1
Fabricarea substantelor si a produselor chimice, Luna ianuarie 2005, Procente, 59.3
Fabricarea substantelor si a produselor chimice, Luna februarie 2005, Procente, 60.3
Fabricarea substantelor si a produselor chimice, Luna martie 2005, Procente, 80.7
Fabricarea substantelor si a produselor chimice, Luna aprilie 2005, Procente, 80.7
Fabricarea substantelor si a produselor chimice, Luna mai 2005, Procente, 81.8
Fabricarea substantelor si a produselor chimice, Luna iunie 2005, Procente, 73.5
Fabricarea substantelor si a produselor chimice, Luna iulie 2005, Procente, 78.5
Fabricarea substantelor si a produselor chimice, Luna august 2005, Procente, 79.3
Fabricarea substantelor si a produselor chimice, Luna septembrie 2005, Procente, 79.8
Fabricarea substantelor si a produselor chimice, Luna octombrie 2005, Procente, 71.7
Fabricarea substantelor si a produselor chimice, Luna noiembrie 2005, Procente, 71.2
Fabricarea substantelor si a produselor chimice, Luna decembrie 2005, Procente, 62.4
Fabricarea substantelor si a produselor chimice, Luna ianuarie 2006, Procente, 58.9
Fabricarea substantelor si a produselor chimice, Luna februarie 2006, Procente, 59.4
Fabricarea substantelor si a produselor chimice, Luna martie 2006, Procente, 77.4
Fabricarea substantelor si a produselor chimice, Luna aprilie 2006, Procente, 78.3
Fabricarea substantelor si a produselor chimice, Luna mai 2006, Procente, 83.1
Fabricarea substantelor si a produselor chimice, Luna iunie 2006, Procente, 85.8
Fabricarea substantelor si a produselor chimice, Luna iulie 2006, Procente, 84.4
Fabricarea substantelor si a produselor chimice, Luna august 2006, Procente, 88
Fabricarea substantelor si a produselor chimice, Luna septembrie 2006, Procente, 83.8
Fabricarea substantelor si a produselor chimice, Luna octombrie 2006, Procente, 81.9
Fabricarea substantelor si a produselor chimice, Luna noiembrie 2006, Procente, 72.7
Fabricarea substantelor si a produselor chimice, Luna decembrie 2006, Procente, 62.3
Fabricarea substantelor si a produselor chimice, Luna ianuarie 2007, Procente, 66.6
Fabricarea substantelor si a produselor chimice, Luna februarie 2007, Procente, 69.3
Fabricarea substantelor si a produselor chimice, Luna martie 2007, Procente, 90.6
Fabricarea substantelor si a produselor chimice, Luna aprilie 2007, Procente, 74.1
Fabricarea substantelor si a produselor chimice, Luna mai 2007, Procente, 80.3
Fabricarea substantelor si a produselor chimice, Luna iunie 2007, Procente, 76.1
Fabricarea substantelor si a produselor chimice, Luna iulie 2007, Procente, 85.5
Fabricarea substantelor si a produselor chimice, Luna august 2007, Procente, 83.1
Fabricarea substantelor si a produselor chimice, Luna septembrie 2007, Procente, 76
Fabricarea substantelor si a produselor chimice, Luna octombrie 2007, Procente, 82.6
Fabricarea substantelor si a produselor chimice, Luna noiembrie 2007, Procente, 75.3
Fabricarea substantelor si a produselor chimice, Luna decembrie 2007, Procente, 60.7
Fabricarea substantelor si a produselor chimice, Luna ianuarie 2008, Procente, 69.2
Fabricarea substantelor si a produselor chimice, Luna februarie 2008, Procente, 75.1
Fabricarea substantelor si a produselor chimice, Luna martie 2008, Procente, 91.6
Fabricarea substantelor si a produselor chimice, Luna aprilie 2008, Procente, 96.4
Fabricarea substantelor si a produselor chimice, Luna mai 2008, Procente, 99.8
Fabricarea substantelor si a produselor chimice, Luna iunie 2008, Procente, 101.6
Fabricarea substantelor si a produselor chimice, Luna iulie 2008, Procente, 100.8
Fabricarea substantelor si a produselor chimice, Luna august 2008, Procente, 97.3
Fabricarea substantelor si a produselor chimice, Luna septembrie 2008, Procente, 101.9
Fabricarea substantelor si a produselor chimice, Luna octombrie 2008, Procente, 97.3
Fabricarea substantelor si a produselor chimice, Luna noiembrie 2008, Procente, 74.9
Fabricarea substantelor si a produselor chimice, Luna decembrie 2008, Procente, 61.9
Fabricarea substantelor si a produselor chimice, Luna ianuarie 2009, Procente, 47.1
Fabricarea substantelor si a produselor chimice, Luna februarie 2009, Procente, 67
Fabricarea substantelor si a produselor chimice, Luna martie 2009, Procente, 65
Fabricarea substantelor si a produselor chimice, Luna aprilie 2009, Procente, 68.9
Fabricarea substantelor si a produselor chimice, Luna mai 2009, Procente, 71.2
Fabricarea substantelor si a produselor chimice, Luna iunie 2009, Procente, 77.1
Fabricarea substantelor si a produselor chimice, Luna iulie 2009, Procente, 84
Fabricarea substantelor si a produselor chimice, Luna august 2009, Procente, 84.4
Fabricarea substantelor si a produselor chimice, Luna septembrie 2009, Procente, 89.9
Fabricarea substantelor si a produselor chimice, Luna octombrie 2009, Procente, 84.7
Fabricarea substantelor si a produselor chimice, Luna noiembrie 2009, Procente, 85.7
Fabricarea substantelor si a produselor chimice, Luna decembrie 2009, Procente, 71.7
Fabricarea substantelor si a produselor chimice, Luna ianuarie 2010, Procente, 63.7
Fabricarea substantelor si a produselor chimice, Luna februarie 2010, Procente, 67.9
Fabricarea substantelor si a produselor chimice, Luna martie 2010, Procente, 81.2
Fabricarea substantelor si a produselor chimice, Luna aprilie 2010, Procente, 82.2
Fabricarea substantelor si a produselor chimice, Luna mai 2010, Procente, 84.4
Fabricarea substantelor si a produselor chimice, Luna iunie 2010, Procente, 87.3
Fabricarea substantelor si a produselor chimice, Luna iulie 2010, Procente, 87.5
Fabricarea substantelor si a produselor chimice, Luna august 2010, Procente, 90
Fabricarea substantelor si a produselor chimice, Luna septembrie 2010, Procente, 93.6
Fabricarea substantelor si a produselor chimice, Luna octombrie 2010, Procente, 87.8
Fabricarea substantelor si a produselor chimice, Luna noiembrie 2010, Procente, 80.3
Fabricarea substantelor si a produselor chimice, Luna decembrie 2010, Procente, 77.5
Fabricarea substantelor si a produselor chimice, Luna ianuarie 2011, Procente, 80.7
Fabricarea substantelor si a produselor chimice, Luna februarie 2011, Procente, 76.5
Fabricarea substantelor si a produselor chimice, Luna martie 2011, Procente, 93.4
Fabricarea substantelor si a produselor chimice, Luna aprilie 2011, Procente, 91.4
Fabricarea substantelor si a produselor chimice, Luna mai 2011, Procente, 98.7
Fabricarea substantelor si a produselor chimice, Luna iunie 2011, Procente, 94.9
Fabricarea substantelor si a produselor chimice, Luna iulie 2011, Procente, 93
Fabricarea substantelor si a produselor chimice, Luna august 2011, Procente, 95.3
Fabricarea substantelor si a produselor chimice, Luna septembrie 2011, Procente, 96.3
Fabricarea substantelor si a produselor chimice, Luna octombrie 2011, Procente, 88.2
Fabricarea substantelor si a produselor chimice, Luna noiembrie 2011, Procente, 77.8
Fabricarea substantelor si a produselor chimice, Luna decembrie 2011, Procente, 61.2
Fabricarea substantelor si a produselor chimice, Luna ianuarie 2012, Procente, 65.4
Fabricarea substantelor si a produselor chimice, Luna februarie 2012, Procente, 63.8
Fabricarea substantelor si a produselor chimice, Luna martie 2012, Procente, 90.9
Fabricarea substantelor si a produselor chimice, Luna aprilie 2012, Procente, 92.5
Fabricarea substantelor si a produselor chimice, Luna mai 2012, Procente, 100.2
Fabricarea substantelor si a produselor chimice, Luna iunie 2012, Procente, 82.1
Fabricarea substantelor si a produselor chimice, Luna iulie 2012, Procente, 78.8
Fabricarea substantelor si a produselor chimice, Luna august 2012, Procente, 95.1
Fabricarea substantelor si a produselor chimice, Luna septembrie 2012, Procente, 90.3
Fabricarea substantelor si a produselor chimice, Luna octombrie 2012, Procente, 93.9
Fabricarea substantelor si a produselor chimice, Luna noiembrie 2012, Procente, 84.5
Fabricarea substantelor si a produselor chimice, Luna decembrie 2012, Procente, 76.3
Fabricarea substantelor si a produselor chimice, Luna ianuarie 2013, Procente, 74.8
Fabricarea substantelor si a produselor chimice, Luna februarie 2013, Procente, 82.7
Fabricarea substantelor si a produselor chimice, Luna martie 2013, Procente, 87.1
Fabricarea substantelor si a produselor chimice, Luna aprilie 2013, Procente, 99.6
Fabricarea substantelor si a produselor chimice, Luna mai 2013, Procente, 102.4
Fabricarea substantelor si a produselor chimice, Luna iunie 2013, Procente, 97.1
Fabricarea substantelor si a produselor chimice, Luna iulie 2013, Procente, 94.9
Fabricarea substantelor si a produselor chimice, Luna august 2013, Procente, 92.3
Fabricarea substantelor si a produselor chimice, Luna septembrie 2013, Procente, 95.1
Fabricarea substantelor si a produselor chimice, Luna octombrie 2013, Procente, 97.3
Fabricarea substantelor si a produselor chimice, Luna noiembrie 2013, Procente, 92.5
Fabricarea substantelor si a produselor chimice, Luna decembrie 2013, Procente, 77.4
Fabricarea substantelor si a produselor chimice, Luna ianuarie 2014, Procente, 85.6
Fabricarea substantelor si a produselor chimice, Luna februarie 2014, Procente, 84.9
Fabricarea substantelor si a produselor chimice, Luna martie 2014, Procente, 94.5
Fabricarea substantelor si a produselor chimice, Luna aprilie 2014, Procente, 99.2
Fabricarea substantelor si a produselor chimice, Luna mai 2014, Procente, 95
Fabricarea substantelor si a produselor chimice, Luna iunie 2014, Procente, 93
Fabricarea substantelor si a produselor chimice, Luna iulie 2014, Procente, 104.7
Fabricarea substantelor si a produselor chimice, Luna august 2014, Procente, 92.8
Fabricarea substantelor si a produselor chimice, Luna septembrie 2014, Procente, 99.3
Fabricarea substantelor si a produselor chimice, Luna octombrie 2014, Procente, 104.2
Fabricarea substantelor si a produselor chimice, Luna noiembrie 2014, Procente, 89
Fabricarea substantelor si a produselor chimice, Luna decembrie 2014, Procente, 75.6
Fabricarea substantelor si a produselor chimice, Luna ianuarie 2015, Procente, 78
Fabricarea substantelor si a produselor chimice, Luna februarie 2015, Procente, 83.3
Fabricarea substantelor si a produselor chimice, Luna martie 2015, Procente, 97.1
Fabricarea substantelor si a produselor chimice, Luna aprilie 2015, Procente, 96.8
Fabricarea substantelor si a produselor chimice, Luna mai 2015, Procente, 90.9
Fabricarea substantelor si a produselor chimice, Luna iunie 2015, Procente, 95.8
Fabricarea substantelor si a produselor chimice, Luna iulie 2015, Procente, 98.3
Fabricarea substantelor si a produselor chimice, Luna august 2015, Procente, 97.8
Fabricarea substantelor si a produselor chimice, Luna septembrie 2015, Procente, 96.1
Fabricarea substantelor si a produselor chimice, Luna octombrie 2015, Procente, 78.8
Fabricarea substantelor si a produselor chimice, Luna noiembrie 2015, Procente, 76.4
Fabricarea substantelor si a produselor chimice, Luna decembrie 2015, Procente, 69.6
Fabricarea substantelor si a produselor chimice, Luna ianuarie 2016, Procente, 64
Fabricarea substantelor si a produselor chimice, Luna februarie 2016, Procente, 73.9
Fabricarea substantelor si a produselor chimice, Luna martie 2016, Procente, 90.6
Fabricarea substantelor si a produselor chimice, Luna aprilie 2016, Procente, 97.2
Fabricarea substantelor si a produselor chimice, Luna mai 2016, Procente, 96.9
Fabricarea substantelor si a produselor chimice, Luna iunie 2016, Procente, 91.9
Fabricarea substantelor si a produselor chimice, Luna iulie 2016, Procente, 96.7
Fabricarea substantelor si a produselor chimice, Luna august 2016, Procente, 92.3
Fabricarea substantelor si a produselor chimice, Luna septembrie 2016, Procente, 94.9
Fabricarea substantelor si a produselor chimice, Luna octombrie 2016, Procente, 96.6
Fabricarea substantelor si a produselor chimice, Luna noiembrie 2016, Procente, 94.3
Fabricarea substantelor si a produselor chimice, Luna decembrie 2016, Procente, 74.8
Fabricarea substantelor si a produselor chimice, Luna ianuarie 2017, Procente, 66.8
Fabricarea substantelor si a produselor chimice, Luna februarie 2017, Procente, 78.1
Fabricarea substantelor si a produselor chimice, Luna martie 2017, Procente, 100.3
Fabricarea substantelor si a produselor chimice, Luna aprilie 2017, Procente, 93.9
Fabricarea substantelor si a produselor chimice, Luna mai 2017, Procente, 100.3
Fabricarea substantelor si a produselor chimice, Luna iunie 2017, Procente, 95.8
Fabricarea substantelor si a produselor chimice, Luna iulie 2017, Procente, 98
Fabricarea substantelor si a produselor chimice, Luna august 2017, Procente, 100.2
Fabricarea substantelor si a produselor chimice, Luna septembrie 2017, Procente, 104.7
Fabricarea substantelor si a produselor chimice, Luna octombrie 2017, Procente, 105.8
Fabricarea substantelor si a produselor chimice, Luna noiembrie 2017, Procente, 100.3
Fabricarea substantelor si a produselor chimice, Luna decembrie 2017, Procente, 81.7
Fabricarea substantelor si a produselor chimice, Luna ianuarie 2018, Procente, 81.1
Fabricarea substantelor si a produselor chimice, Luna februarie 2018, Procente, 84.1
Fabricarea substantelor si a produselor chimice, Luna martie 2018, Procente, 97.2
Fabricarea substantelor si a produselor chimice, Luna aprilie 2018, Procente, 91.7
Fabricarea substantelor si a produselor chimice, Luna mai 2018, Procente, 104.8
Fabricarea substantelor si a produselor chimice, Luna iunie 2018, Procente, 102
Fabricarea substantelor si a produselor chimice, Luna iulie 2018, Procente, 109.9
Fabricarea substantelor si a produselor chimice, Luna august 2018, Procente, 105.6
Fabricarea substantelor si a produselor chimice, Luna septembrie 2018, Procente, 96.4
Fabricarea substantelor si a produselor chimice, Luna octombrie 2018, Procente, 105.6
Fabricarea substantelor si a produselor chimice, Luna noiembrie 2018, Procente, 87.9
Fabricarea substantelor si a produselor chimice, Luna decembrie 2018, Procente, 79.5
Fabricarea substantelor si a produselor chimice, Luna ianuarie 2019, Procente, 85
Fabricarea substantelor si a produselor chimice, Luna februarie 2019, Procente, 86
Fabricarea substantelor si a produselor chimice, Luna martie 2019, Procente, 99.9
Fabricarea substantelor si a produselor chimice, Luna aprilie 2019, Procente, 98.3
Fabricarea substantelor si a produselor chimice, Luna mai 2019, Procente, 102.6
Fabricarea substantelor si a produselor chimice, Luna iunie 2019, Procente, 86.5
Fabricarea substantelor si a produselor chimice, Luna iulie 2019, Procente, 102.6
Fabricarea substantelor si a produselor chimice, Luna august 2019, Procente, 103
Fabricarea substantelor si a produselor chimice, Luna septembrie 2019, Procente, 97.8
Fabricarea substantelor si a produselor chimice, Luna octombrie 2019, Procente, 102.8
Fabricarea substantelor si a produselor chimice, Luna noiembrie 2019, Procente, 90
Fabricarea substantelor si a produselor chimice, Luna decembrie 2019, Procente, 66.4
Fabricarea substantelor si a produselor chimice, Luna ianuarie 2020, Procente, 91.2
Fabricarea substantelor si a produselor chimice, Luna februarie 2020, Procente, 98.6
Fabricarea substantelor si a produselor chimice, Luna martie 2020, Procente, 100.6
Fabricarea substantelor si a produselor chimice, Luna aprilie 2020, Procente, 65.8
Fabricarea substantelor si a produselor chimice, Luna mai 2020, Procente, 97.6
Fabricarea substantelor si a produselor chimice, Luna iunie 2020, Procente, 106.9
Fabricarea substantelor si a produselor chimice, Luna iulie 2020, Procente, 111.8
Fabricarea substantelor si a produselor chimice, Luna august 2020, Procente, 110.6
Fabricarea substantelor si a produselor chimice, Luna septembrie 2020, Procente, 111.2
Fabricarea substantelor si a produselor chimice, Luna octombrie 2020, Procente, 107.7
Fabricarea substantelor si a produselor chimice, Luna noiembrie 2020, Procente, 108
Fabricarea substantelor si a produselor chimice, Luna decembrie 2020, Procente, 92.1
Fabricarea substantelor si a produselor chimice, Luna ianuarie 2021, Procente, 93.7
Fabricarea substantelor si a produselor chimice, Luna februarie 2021, Procente, 97.9
Fabricarea substantelor si a produselor chimice, Luna martie 2021, Procente, 114
Fabricarea substantelor si a produselor chimice, Luna aprilie 2021, Procente, 109.7
Fabricarea substantelor si a produselor chimice, Luna mai 2021, Procente, 110.9
Fabricarea substantelor si a produselor chimice, Luna iunie 2021, Procente, 104.3
Fabricarea substantelor si a produselor chimice, Luna iulie 2021, Procente, 100.4
Fabricarea substantelor si a produselor chimice, Luna august 2021, Procente, 95.1
Fabricarea substantelor si a produselor chimice, Luna septembrie 2021, Procente, 98.5
Fabricarea substantelor si a produselor chimice, Luna octombrie 2021, Procente, 94
Fabricarea substantelor si a produselor chimice, Luna noiembrie 2021, Procente, 97.7
Fabricarea substantelor si a produselor chimice, Luna decembrie 2021, Procente, 83.8
Fabricarea substantelor si a produselor chimice, Luna ianuarie 2022, Procente, 80.2
Fabricarea substantelor si a produselor chimice, Luna februarie 2022, Procente, 81.7
Fabricarea substantelor si a produselor chimice, Luna martie 2022, Procente, 84.9
Fabricarea substantelor si a produselor chimice, Luna aprilie 2022, Procente, 81.2
Fabricarea substantelor si a produselor chimice, Luna mai 2022, Procente, 94.4
Fabricarea substantelor si a produselor chimice, Luna iunie 2022, Procente, 88.8
Fabricarea substantelor si a produselor chimice, Luna iulie 2022, Procente, 82.5
Fabricarea substantelor si a produselor chimice, Luna august 2022, Procente, 73.2
Fabricarea substantelor si a produselor chimice, Luna septembrie 2022, Procente, 73.9
Fabricarea substantelor si a produselor chimice, Luna octombrie 2022, Procente, 69.5
Fabricarea substantelor si a produselor chimice, Luna noiembrie 2022, Procente, 76.5
Fabricarea substantelor si a produselor chimice, Luna decembrie 2022, Procente, 62.9
Fabricarea substantelor si a produselor chimice, Luna ianuarie 2023, Procente, 64
Fabricarea substantelor si a produselor chimice, Luna februarie 2023, Procente, 65.5
Fabricarea substantelor si a produselor chimice, Luna martie 2023, Procente, 76.7
Fabricarea substantelor si a produselor chimice, Luna aprilie 2023, Procente, 67.3
Fabricarea substantelor si a produselor chimice, Luna mai 2023, Procente, 79.7
Fabricarea substantelor si a produselor chimice, Luna iunie 2023, Procente, 74.5
Fabricarea substantelor si a produselor chimice, Luna iulie 2023, Procente, 78.2
Fabricarea substantelor si a produselor chimice, Luna august 2023, Procente, 80.4
Fabricarea substantelor si a produselor chimice, Luna septembrie 2023, Procente, 77.6
Fabricarea substantelor si a produselor chimice, Luna octombrie 2023, Procente, 86.4
Fabricarea substantelor si a produselor chimice, Luna noiembrie 2023, Procente, 79.3
Fabricarea substantelor si a produselor chimice, Luna decembrie 2023, Procente, 61.1
Fabricarea substantelor si a produselor chimice, Luna ianuarie 2024, Procente, 68.2
Fabricarea substantelor si a produselor chimice, Luna februarie 2024, Procente, 79.5
Fabricarea substantelor si a produselor chimice, Luna martie 2024, Procente, 88.5
Fabricarea substantelor si a produselor chimice, Luna aprilie 2024, Procente, 82.9
Fabricarea substantelor si a produselor chimice, Luna mai 2024, Procente, 91.3
Fabricarea substantelor si a produselor chimice, Luna iunie 2024, Procente, 81.2
Fabricarea substantelor si a produselor chimice, Luna iulie 2024, Procente, 87.1
Fabricarea substantelor si a produselor chimice, Luna august 2024, Procente, 77.8
Fabricarea substantelor si a produselor chimice, Luna septembrie 2024, Procente, 79.8
Fabricarea substantelor si a produselor chimice, Luna octombrie 2024, Procente, 88
Fabricarea substantelor si a produselor chimice, Luna noiembrie 2024, Procente, 78.3
Fabricarea substantelor si a produselor chimice, Luna decembrie 2024, Procente, 65
Fabricarea substantelor si a produselor chimice, Luna ianuarie 2025, Procente, 71.3
Fabricarea substantelor si a produselor chimice, Luna februarie 2025, Procente, 63.8
Fabricarea  produselor farmaceutice de baza si a preparatelor farmaceutice, Luna ianuarie 2005, Procente, 71.2
Fabricarea  produselor farmaceutice de baza si a preparatelor farmaceutice, Luna februarie 2005, Procente, 66.6
Fabricarea  produselor farmaceutice de baza si a preparatelor farmaceutice, Luna martie 2005, Procente, 66.4
Fabricarea  produselor farmaceutice de baza si a preparatelor farmaceutice, Luna aprilie 2005, Procente, 59.5
Fabricarea  produselor farmaceutice de baza si a preparatelor farmaceutice, Luna mai 2005, Procente, 63.3
Fabricarea  produselor farmaceutice de baza si a preparatelor farmaceutice, Luna iunie 2005, Procente, 72
Fabricarea  produselor farmaceutice de baza si a preparatelor farmaceutice, Luna iulie 2005, Procente, 53.1
Fabricarea  produselor farmaceutice de baza si a preparatelor farmaceutice, Luna august 2005, Procente, 49
Fabricarea  produselor farmaceutice de baza si a preparatelor farmaceutice, Luna septembrie 2005, Procente, 59.8
Fabricarea  produselor farmaceutice de baza si a preparatelor farmaceutice, Luna octombrie 2005, Procente, 55.9
Fabricarea  produselor farmaceutice de baza si a preparatelor farmaceutice, Luna noiembrie 2005, Procente, 61.5
Fabricarea  produselor farmaceutice de baza si a preparatelor farmaceutice, Luna decembrie 2005, Procente, 45.7
Fabricarea  produselor farmaceutice de baza si a preparatelor farmaceutice, Luna ianuarie 2006, Procente, 60
Fabricarea  produselor farmaceutice de baza si a preparatelor farmaceutice, Luna februarie 2006, Procente, 54.4
Fabricarea  produselor farmaceutice de baza si a preparatelor farmaceutice, Luna martie 2006, Procente, 63.5
Fabricarea  produselor farmaceutice de baza si a preparatelor farmaceutice, Luna aprilie 2006, Procente, 67
Fabricarea  produselor farmaceutice de baza si a preparatelor farmaceutice, Luna mai 2006, Procente, 66.6
Fabricarea  produselor farmaceutice de baza si a preparatelor farmaceutice, Luna iunie 2006, Procente, 65.8
Fabricarea  produselor farmaceutice de baza si a preparatelor farmaceutice, Luna iulie 2006, Procente, 52.5
Fabricarea  produselor farmaceutice de baza si a preparatelor farmaceutice, Luna august 2006, Procente, 49.9
Fabricarea  produselor farmaceutice de baza si a preparatelor farmaceutice, Luna septembrie 2006, Procente, 58.7
Fabricarea  produselor farmaceutice de baza si a preparatelor farmaceutice, Luna octombrie 2006, Procente, 57.4
Fabricarea  produselor farmaceutice de baza si a preparatelor farmaceutice, Luna noiembrie 2006, Procente, 60.7
Fabricarea  produselor farmaceutice de baza si a preparatelor farmaceutice, Luna decembrie 2006, Procente, 53.2
Fabricarea  produselor farmaceutice de baza si a preparatelor farmaceutice, Luna ianuarie 2007, Procente, 58.5
Fabricarea  produselor farmaceutice de baza si a preparatelor farmaceutice, Luna februarie 2007, Procente, 76.7
Fabricarea  produselor farmaceutice de baza si a preparatelor farmaceutice, Luna martie 2007, Procente, 74.6
Fabricarea  produselor farmaceutice de baza si a preparatelor farmaceutice, Luna aprilie 2007, Procente, 65.1
Fabricarea  produselor farmaceutice de baza si a preparatelor farmaceutice, Luna mai 2007, Procente, 85.3
Fabricarea  produselor farmaceutice de baza si a preparatelor farmaceutice, Luna iunie 2007, Procente, 63.4
Fabricarea  produselor farmaceutice de baza si a preparatelor farmaceutice, Luna iulie 2007, Procente, 81.3
Fabricarea  produselor farmaceutice de baza si a preparatelor farmaceutice, Luna august 2007, Procente, 41
Fabricarea  produselor farmaceutice de baza si a preparatelor farmaceutice, Luna septembrie 2007, Procente, 54.1
Fabricarea  produselor farmaceutice de baza si a preparatelor farmaceutice, Luna octombrie 2007, Procente, 66.6
Fabricarea  produselor farmaceutice de baza si a preparatelor farmaceutice, Luna noiembrie 2007, Procente, 62.7
Fabricarea  produselor farmaceutice de baza si a preparatelor farmaceutice, Luna decembrie 2007, Procente, 52.8
Fabricarea  produselor farmaceutice de baza si a preparatelor farmaceutice, Luna ianuarie 2008, Procente, 69.1
Fabricarea  produselor farmaceutice de baza si a preparatelor farmaceutice, Luna februarie 2008, Procente, 79.8
Fabricarea  produselor farmaceutice de baza si a preparatelor farmaceutice, Luna martie 2008, Procente, 97.3
Fabricarea  produselor farmaceutice de baza si a preparatelor farmaceutice, Luna aprilie 2008, Procente, 92.3
Fabricarea  produselor farmaceutice de baza si a preparatelor farmaceutice, Luna mai 2008, Procente, 94.5
Fabricarea  produselor farmaceutice de baza si a preparatelor farmaceutice, Luna iunie 2008, Procente, 80.4
Fabricarea  produselor farmaceutice de baza si a preparatelor farmaceutice, Luna iulie 2008, Procente, 65.1
Fabricarea  produselor farmaceutice de baza si a preparatelor farmaceutice, Luna august 2008, Procente, 54.7
Fabricarea  produselor farmaceutice de baza si a preparatelor farmaceutice, Luna septembrie 2008, Procente, 74
Fabricarea  produselor farmaceutice de baza si a preparatelor farmaceutice, Luna octombrie 2008, Procente, 74.9
Fabricarea  produselor farmaceutice de baza si a preparatelor farmaceutice, Luna noiembrie 2008, Procente, 72.4
Fabricarea  produselor farmaceutice de baza si a preparatelor farmaceutice, Luna decembrie 2008, Procente, 56.3
Fabricarea  produselor farmaceutice de baza si a preparatelor farmaceutice, Luna ianuarie 2009, Procente, 67.2
Fabricarea  produselor farmaceutice de baza si a preparatelor farmaceutice, Luna februarie 2009, Procente, 83.4
Fabricarea  produselor farmaceutice de baza si a preparatelor farmaceutice, Luna martie 2009, Procente, 75.3
Fabricarea  produselor farmaceutice de baza si a preparatelor farmaceutice, Luna aprilie 2009, Procente, 70.5
Fabricarea  produselor farmaceutice de baza si a preparatelor farmaceutice, Luna mai 2009, Procente, 76
Fabricarea  produselor farmaceutice de baza si a preparatelor farmaceutice, Luna iunie 2009, Procente, 63.2
Fabricarea  produselor farmaceutice de baza si a preparatelor farmaceutice, Luna iulie 2009, Procente, 41.4
Fabricarea  produselor farmaceutice de baza si a preparatelor farmaceutice, Luna august 2009, Procente, 38.3
Fabricarea  produselor farmaceutice de baza si a preparatelor farmaceutice, Luna septembrie 2009, Procente, 57.6
Fabricarea  produselor farmaceutice de baza si a preparatelor farmaceutice, Luna octombrie 2009, Procente, 69.4
Fabricarea  produselor farmaceutice de baza si a preparatelor farmaceutice, Luna noiembrie 2009, Procente, 64.1
Fabricarea  produselor farmaceutice de baza si a preparatelor farmaceutice, Luna decembrie 2009, Procente, 50.5
Fabricarea  produselor farmaceutice de baza si a preparatelor farmaceutice, Luna ianuarie 2010, Procente, 56.5
Fabricarea  produselor farmaceutice de baza si a preparatelor farmaceutice, Luna februarie 2010, Procente, 67.3
Fabricarea  produselor farmaceutice de baza si a preparatelor farmaceutice, Luna martie 2010, Procente, 67.2
Fabricarea  produselor farmaceutice de baza si a preparatelor farmaceutice, Luna aprilie 2010, Procente, 69.1
Fabricarea  produselor farmaceutice de baza si a preparatelor farmaceutice, Luna mai 2010, Procente, 71.8
Fabricarea  produselor farmaceutice de baza si a preparatelor farmaceutice, Luna iunie 2010, Procente, 83.7
Fabricarea  produselor farmaceutice de baza si a preparatelor farmaceutice, Luna iulie 2010, Procente, 62.5
Fabricarea  produselor farmaceutice de baza si a preparatelor farmaceutice, Luna august 2010, Procente, 47.2
Fabricarea  produselor farmaceutice de baza si a preparatelor farmaceutice, Luna septembrie 2010, Procente, 73.3
Fabricarea  produselor farmaceutice de baza si a preparatelor farmaceutice, Luna octombrie 2010, Procente, 72.4
Fabricarea  produselor farmaceutice de baza si a preparatelor farmaceutice, Luna noiembrie 2010, Procente, 78.1
Fabricarea  produselor farmaceutice de baza si a preparatelor farmaceutice, Luna decembrie 2010, Procente, 66.9
Fabricarea  produselor farmaceutice de baza si a preparatelor farmaceutice, Luna ianuarie 2011, Procente, 77.5
Fabricarea  produselor farmaceutice de baza si a preparatelor farmaceutice, Luna februarie 2011, Procente, 78.3
Fabricarea  produselor farmaceutice de baza si a preparatelor farmaceutice, Luna martie 2011, Procente, 106.6
Fabricarea  produselor farmaceutice de baza si a preparatelor farmaceutice, Luna aprilie 2011, Procente, 91.9
Fabricarea  produselor farmaceutice de baza si a preparatelor farmaceutice, Luna mai 2011, Procente, 99.5
Fabricarea  produselor farmaceutice de baza si a preparatelor farmaceutice, Luna iunie 2011, Procente, 92.3
Fabricarea  produselor farmaceutice de baza si a preparatelor farmaceutice, Luna iulie 2011, Procente, 87.3
Fabricarea  produselor farmaceutice de baza si a preparatelor farmaceutice, Luna august 2011, Procente, 73.5
Fabricarea  produselor farmaceutice de baza si a preparatelor farmaceutice, Luna septembrie 2011, Procente, 89.9
Fabricarea  produselor farmaceutice de baza si a preparatelor farmaceutice, Luna octombrie 2011, Procente, 93.9
Fabricarea  produselor farmaceutice de baza si a preparatelor farmaceutice, Luna noiembrie 2011, Procente, 96.9
Fabricarea  produselor farmaceutice de baza si a preparatelor farmaceutice, Luna decembrie 2011, Procente, 72.1
Fabricarea  produselor farmaceutice de baza si a preparatelor farmaceutice, Luna ianuarie 2012, Procente, 90.1
Fabricarea  produselor farmaceutice de baza si a preparatelor farmaceutice, Luna februarie 2012, Procente, 88.8
Fabricarea  produselor farmaceutice de baza si a preparatelor farmaceutice, Luna martie 2012, Procente, 109.6
Fabricarea  produselor farmaceutice de baza si a preparatelor farmaceutice, Luna aprilie 2012, Procente, 86.5
Fabricarea  produselor farmaceutice de baza si a preparatelor farmaceutice, Luna mai 2012, Procente, 96.7
Fabricarea  produselor farmaceutice de baza si a preparatelor farmaceutice, Luna iunie 2012, Procente, 92
Fabricarea  produselor farmaceutice de baza si a preparatelor farmaceutice, Luna iulie 2012, Procente, 78.5
Fabricarea  produselor farmaceutice de baza si a preparatelor farmaceutice, Luna august 2012, Procente, 62.6
Fabricarea  produselor farmaceutice de baza si a preparatelor farmaceutice, Luna septembrie 2012, Procente, 91.1
Fabricarea  produselor farmaceutice de baza si a preparatelor farmaceutice, Luna octombrie 2012, Procente, 106.8
Fabricarea  produselor farmaceutice de baza si a preparatelor farmaceutice, Luna noiembrie 2012, Procente, 87
Fabricarea  produselor farmaceutice de baza si a preparatelor farmaceutice, Luna decembrie 2012, Procente, 69.8
Fabricarea  produselor farmaceutice de baza si a preparatelor farmaceutice, Luna ianuarie 2013, Procente, 98.6
Fabricarea  produselor farmaceutice de baza si a preparatelor farmaceutice, Luna februarie 2013, Procente, 110
Fabricarea  produselor farmaceutice de baza si a preparatelor farmaceutice, Luna martie 2013, Procente, 124.4
Fabricarea  produselor farmaceutice de baza si a preparatelor farmaceutice, Luna aprilie 2013, Procente, 98.2
Fabricarea  produselor farmaceutice de baza si a preparatelor farmaceutice, Luna mai 2013, Procente, 92.6
Fabricarea  produselor farmaceutice de baza si a preparatelor farmaceutice, Luna iunie 2013, Procente, 84.5
Fabricarea  produselor farmaceutice de baza si a preparatelor farmaceutice, Luna iulie 2013, Procente, 101.1
Fabricarea  produselor farmaceutice de baza si a preparatelor farmaceutice, Luna august 2013, Procente, 46.5
Fabricarea  produselor farmaceutice de baza si a preparatelor farmaceutice, Luna septembrie 2013, Procente, 80.4
Fabricarea  produselor farmaceutice de baza si a preparatelor farmaceutice, Luna octombrie 2013, Procente, 92
Fabricarea  produselor farmaceutice de baza si a preparatelor farmaceutice, Luna noiembrie 2013, Procente, 99.9
Fabricarea  produselor farmaceutice de baza si a preparatelor farmaceutice, Luna decembrie 2013, Procente, 84
Fabricarea  produselor farmaceutice de baza si a preparatelor farmaceutice, Luna ianuarie 2014, Procente, 90.4
Fabricarea  produselor farmaceutice de baza si a preparatelor farmaceutice, Luna februarie 2014, Procente, 92.5
Fabricarea  produselor farmaceutice de baza si a preparatelor farmaceutice, Luna martie 2014, Procente, 111.6
Fabricarea  produselor farmaceutice de baza si a preparatelor farmaceutice, Luna aprilie 2014, Procente, 94.6
Fabricarea  produselor farmaceutice de baza si a preparatelor farmaceutice, Luna mai 2014, Procente, 98.2
Fabricarea  produselor farmaceutice de baza si a preparatelor farmaceutice, Luna iunie 2014, Procente, 85.5
Fabricarea  produselor farmaceutice de baza si a preparatelor farmaceutice, Luna iulie 2014, Procente, 82.9
Fabricarea  produselor farmaceutice de baza si a preparatelor farmaceutice, Luna august 2014, Procente, 67.7
Fabricarea  produselor farmaceutice de baza si a preparatelor farmaceutice, Luna septembrie 2014, Procente, 86.1
Fabricarea  produselor farmaceutice de baza si a preparatelor farmaceutice, Luna octombrie 2014, Procente, 107.4
Fabricarea  produselor farmaceutice de baza si a preparatelor farmaceutice, Luna noiembrie 2014, Procente, 97.9
Fabricarea  produselor farmaceutice de baza si a preparatelor farmaceutice, Luna decembrie 2014, Procente, 77.8
Fabricarea  produselor farmaceutice de baza si a preparatelor farmaceutice, Luna ianuarie 2015, Procente, 80.9
Fabricarea  produselor farmaceutice de baza si a preparatelor farmaceutice, Luna februarie 2015, Procente, 112.1
Fabricarea  produselor farmaceutice de baza si a preparatelor farmaceutice, Luna martie 2015, Procente, 106.5
Fabricarea  produselor farmaceutice de baza si a preparatelor farmaceutice, Luna aprilie 2015, Procente, 94.3
Fabricarea  produselor farmaceutice de baza si a preparatelor farmaceutice, Luna mai 2015, Procente, 97.4
Fabricarea  produselor farmaceutice de baza si a preparatelor farmaceutice, Luna iunie 2015, Procente, 95.5
Fabricarea  produselor farmaceutice de baza si a preparatelor farmaceutice, Luna iulie 2015, Procente, 87.7
Fabricarea  produselor farmaceutice de baza si a preparatelor farmaceutice, Luna august 2015, Procente, 66.3
Fabricarea  produselor farmaceutice de baza si a preparatelor farmaceutice, Luna septembrie 2015, Procente, 81.2
Fabricarea  produselor farmaceutice de baza si a preparatelor farmaceutice, Luna octombrie 2015, Procente, 96.2
Fabricarea  produselor farmaceutice de baza si a preparatelor farmaceutice, Luna noiembrie 2015, Procente, 88.3
Fabricarea  produselor farmaceutice de baza si a preparatelor farmaceutice, Luna decembrie 2015, Procente, 68.5
Fabricarea  produselor farmaceutice de baza si a preparatelor farmaceutice, Luna ianuarie 2016, Procente, 84.9
Fabricarea  produselor farmaceutice de baza si a preparatelor farmaceutice, Luna februarie 2016, Procente, 88.2
Fabricarea  produselor farmaceutice de baza si a preparatelor farmaceutice, Luna martie 2016, Procente, 96.6
Fabricarea  produselor farmaceutice de baza si a preparatelor farmaceutice, Luna aprilie 2016, Procente, 93
Fabricarea  produselor farmaceutice de baza si a preparatelor farmaceutice, Luna mai 2016, Procente, 88.3
Fabricarea  produselor farmaceutice de baza si a preparatelor farmaceutice, Luna iunie 2016, Procente, 86.3
Fabricarea  produselor farmaceutice de baza si a preparatelor farmaceutice, Luna iulie 2016, Procente, 71
Fabricarea  produselor farmaceutice de baza si a preparatelor farmaceutice, Luna august 2016, Procente, 64.7
Fabricarea  produselor farmaceutice de baza si a preparatelor farmaceutice, Luna septembrie 2016, Procente, 82.2
Fabricarea  produselor farmaceutice de baza si a preparatelor farmaceutice, Luna octombrie 2016, Procente, 83.4
Fabricarea  produselor farmaceutice de baza si a preparatelor farmaceutice, Luna noiembrie 2016, Procente, 88.8
Fabricarea  produselor farmaceutice de baza si a preparatelor farmaceutice, Luna decembrie 2016, Procente, 68.4
Fabricarea  produselor farmaceutice de baza si a preparatelor farmaceutice, Luna ianuarie 2017, Procente, 85.3
Fabricarea  produselor farmaceutice de baza si a preparatelor farmaceutice, Luna februarie 2017, Procente, 98.4
Fabricarea  produselor farmaceutice de baza si a preparatelor farmaceutice, Luna martie 2017, Procente, 109.1
Fabricarea  produselor farmaceutice de baza si a preparatelor farmaceutice, Luna aprilie 2017, Procente, 107.9
Fabricarea  produselor farmaceutice de baza si a preparatelor farmaceutice, Luna mai 2017, Procente, 106.9
Fabricarea  produselor farmaceutice de baza si a preparatelor farmaceutice, Luna iunie 2017, Procente, 93.6
Fabricarea  produselor farmaceutice de baza si a preparatelor farmaceutice, Luna iulie 2017, Procente, 91.2
Fabricarea  produselor farmaceutice de baza si a preparatelor farmaceutice, Luna august 2017, Procente, 67.5
Fabricarea  produselor farmaceutice de baza si a preparatelor farmaceutice, Luna septembrie 2017, Procente, 91.3
Fabricarea  produselor farmaceutice de baza si a preparatelor farmaceutice, Luna octombrie 2017, Procente, 109.9
Fabricarea  produselor farmaceutice de baza si a preparatelor farmaceutice, Luna noiembrie 2017, Procente, 110.1
Fabricarea  produselor farmaceutice de baza si a preparatelor farmaceutice, Luna decembrie 2017, Procente, 76.1
Fabricarea  produselor farmaceutice de baza si a preparatelor farmaceutice, Luna ianuarie 2018, Procente, 106
Fabricarea  produselor farmaceutice de baza si a preparatelor farmaceutice, Luna februarie 2018, Procente, 112.8
Fabricarea  produselor farmaceutice de baza si a preparatelor farmaceutice, Luna martie 2018, Procente, 121
Fabricarea  produselor farmaceutice de baza si a preparatelor farmaceutice, Luna aprilie 2018, Procente, 106.1
Fabricarea  produselor farmaceutice de baza si a preparatelor farmaceutice, Luna mai 2018, Procente, 114.6
Fabricarea  produselor farmaceutice de baza si a preparatelor farmaceutice, Luna iunie 2018, Procente, 122.3
Fabricarea  produselor farmaceutice de baza si a preparatelor farmaceutice, Luna iulie 2018, Procente, 94.7
Fabricarea  produselor farmaceutice de baza si a preparatelor farmaceutice, Luna august 2018, Procente, 76.1
Fabricarea  produselor farmaceutice de baza si a preparatelor farmaceutice, Luna septembrie 2018, Procente, 92.6
Fabricarea  produselor farmaceutice de baza si a preparatelor farmaceutice, Luna octombrie 2018, Procente, 108.7
Fabricarea  produselor farmaceutice de baza si a preparatelor farmaceutice, Luna noiembrie 2018, Procente, 94.8
Fabricarea  produselor farmaceutice de baza si a preparatelor farmaceutice, Luna decembrie 2018, Procente, 83.8
Fabricarea  produselor farmaceutice de baza si a preparatelor farmaceutice, Luna ianuarie 2019, Procente, 99.1
Fabricarea  produselor farmaceutice de baza si a preparatelor farmaceutice, Luna februarie 2019, Procente, 117.1
Fabricarea  produselor farmaceutice de baza si a preparatelor farmaceutice, Luna martie 2019, Procente, 108.7
Fabricarea  produselor farmaceutice de baza si a preparatelor farmaceutice, Luna aprilie 2019, Procente, 122.2
Fabricarea  produselor farmaceutice de baza si a preparatelor farmaceutice, Luna mai 2019, Procente, 103.9
Fabricarea  produselor farmaceutice de baza si a preparatelor farmaceutice, Luna iunie 2019, Procente, 90.8
Fabricarea  produselor farmaceutice de baza si a preparatelor farmaceutice, Luna iulie 2019, Procente, 101.1
Fabricarea  produselor farmaceutice de baza si a preparatelor farmaceutice, Luna august 2019, Procente, 63.1
Fabricarea  produselor farmaceutice de baza si a preparatelor farmaceutice, Luna septembrie 2019, Procente, 88.9
Fabricarea  produselor farmaceutice de baza si a preparatelor farmaceutice, Luna octombrie 2019, Procente, 118.1
Fabricarea  produselor farmaceutice de baza si a preparatelor farmaceutice, Luna noiembrie 2019, Procente, 101.7
Fabricarea  produselor farmaceutice de baza si a preparatelor farmaceutice, Luna decembrie 2019, Procente, 86
Fabricarea  produselor farmaceutice de baza si a preparatelor farmaceutice, Luna ianuarie 2020, Procente, 115.1
Fabricarea  produselor farmaceutice de baza si a preparatelor farmaceutice, Luna februarie 2020, Procente, 122
Fabricarea  produselor farmaceutice de baza si a preparatelor farmaceutice, Luna martie 2020, Procente, 114
Fabricarea  produselor farmaceutice de baza si a preparatelor farmaceutice, Luna aprilie 2020, Procente, 108.8
Fabricarea  produselor farmaceutice de baza si a preparatelor farmaceutice, Luna mai 2020, Procente, 96.1
Fabricarea  produselor farmaceutice de baza si a preparatelor farmaceutice, Luna iunie 2020, Procente, 121.5
Fabricarea  produselor farmaceutice de baza si a preparatelor farmaceutice, Luna iulie 2020, Procente, 87.6
Fabricarea  produselor farmaceutice de baza si a preparatelor farmaceutice, Luna august 2020, Procente, 82.5
Fabricarea  produselor farmaceutice de baza si a preparatelor farmaceutice, Luna septembrie 2020, Procente, 110.7
Fabricarea  produselor farmaceutice de baza si a preparatelor farmaceutice, Luna octombrie 2020, Procente, 120
Fabricarea  produselor farmaceutice de baza si a preparatelor farmaceutice, Luna noiembrie 2020, Procente, 105.7
Fabricarea  produselor farmaceutice de baza si a preparatelor farmaceutice, Luna decembrie 2020, Procente, 76.2
Fabricarea  produselor farmaceutice de baza si a preparatelor farmaceutice, Luna ianuarie 2021, Procente, 95.6
Fabricarea  produselor farmaceutice de baza si a preparatelor farmaceutice, Luna februarie 2021, Procente, 102.7
Fabricarea  produselor farmaceutice de baza si a preparatelor farmaceutice, Luna martie 2021, Procente, 102.6
Fabricarea  produselor farmaceutice de baza si a preparatelor farmaceutice, Luna aprilie 2021, Procente, 110.7
Fabricarea  produselor farmaceutice de baza si a preparatelor farmaceutice, Luna mai 2021, Procente, 93.7
Fabricarea  produselor farmaceutice de baza si a preparatelor farmaceutice, Luna iunie 2021, Procente, 116.6
Fabricarea  produselor farmaceutice de baza si a preparatelor farmaceutice, Luna iulie 2021, Procente, 89.9
Fabricarea  produselor farmaceutice de baza si a preparatelor farmaceutice, Luna august 2021, Procente, 90.4
Fabricarea  produselor farmaceutice de baza si a preparatelor farmaceutice, Luna septembrie 2021, Procente, 108.3
Fabricarea  produselor farmaceutice de baza si a preparatelor farmaceutice, Luna octombrie 2021, Procente, 104.3
Fabricarea  produselor farmaceutice de baza si a preparatelor farmaceutice, Luna noiembrie 2021, Procente, 95
Fabricarea  produselor farmaceutice de baza si a preparatelor farmaceutice, Luna decembrie 2021, Procente, 90.3
Fabricarea  produselor farmaceutice de baza si a preparatelor farmaceutice, Luna ianuarie 2022, Procente, 105.5
Fabricarea  produselor farmaceutice de baza si a preparatelor farmaceutice, Luna februarie 2022, Procente, 105.3
Fabricarea  produselor farmaceutice de baza si a preparatelor farmaceutice, Luna martie 2022, Procente, 115.4
Fabricarea  produselor farmaceutice de baza si a preparatelor farmaceutice, Luna aprilie 2022, Procente, 101.7
Fabricarea  produselor farmaceutice de baza si a preparatelor farmaceutice, Luna mai 2022, Procente, 116.1
Fabricarea  produselor farmaceutice de baza si a preparatelor farmaceutice, Luna iunie 2022, Procente, 111.9
Fabricarea  produselor farmaceutice de baza si a preparatelor farmaceutice, Luna iulie 2022, Procente, 122.6
Fabricarea  produselor farmaceutice de baza si a preparatelor farmaceutice, Luna august 2022, Procente, 78.7
Fabricarea  produselor farmaceutice de baza si a preparatelor farmaceutice, Luna septembrie 2022, Procente, 112.9
Fabricarea  produselor farmaceutice de baza si a preparatelor farmaceutice, Luna octombrie 2022, Procente, 117.5
Fabricarea  produselor farmaceutice de baza si a preparatelor farmaceutice, Luna noiembrie 2022, Procente, 119.1
Fabricarea  produselor farmaceutice de baza si a preparatelor farmaceutice, Luna decembrie 2022, Procente, 88.7
Fabricarea  produselor farmaceutice de baza si a preparatelor farmaceutice, Luna ianuarie 2023, Procente, 105.1
Fabricarea  produselor farmaceutice de baza si a preparatelor farmaceutice, Luna februarie 2023, Procente, 130.3
Fabricarea  produselor farmaceutice de baza si a preparatelor farmaceutice, Luna martie 2023, Procente, 144.6
Fabricarea  produselor farmaceutice de baza si a preparatelor farmaceutice, Luna aprilie 2023, Procente, 88.6
Fabricarea  produselor farmaceutice de baza si a preparatelor farmaceutice, Luna mai 2023, Procente, 108.5
Fabricarea  produselor farmaceutice de baza si a preparatelor farmaceutice, Luna iunie 2023, Procente, 105.5
Fabricarea  produselor farmaceutice de baza si a preparatelor farmaceutice, Luna iulie 2023, Procente, 103.9
Fabricarea  produselor farmaceutice de baza si a preparatelor farmaceutice, Luna august 2023, Procente, 74.9
Fabricarea  produselor farmaceutice de baza si a preparatelor farmaceutice, Luna septembrie 2023, Procente, 103.9
Fabricarea  produselor farmaceutice de baza si a preparatelor farmaceutice, Luna octombrie 2023, Procente, 113.2
Fabricarea  produselor farmaceutice de baza si a preparatelor farmaceutice, Luna noiembrie 2023, Procente, 114.7
Fabricarea  produselor farmaceutice de baza si a preparatelor farmaceutice, Luna decembrie 2023, Procente, 81.3
Fabricarea  produselor farmaceutice de baza si a preparatelor farmaceutice, Luna ianuarie 2024, Procente, 98.2
Fabricarea  produselor farmaceutice de baza si a preparatelor farmaceutice, Luna februarie 2024, Procente, 104.9
Fabricarea  produselor farmaceutice de baza si a preparatelor farmaceutice, Luna martie 2024, Procente, 106.5
Fabricarea  produselor farmaceutice de baza si a preparatelor farmaceutice, Luna aprilie 2024, Procente, 109.8
Fabricarea  produselor farmaceutice de baza si a preparatelor farmaceutice, Luna mai 2024, Procente, 91.6
Fabricarea  produselor farmaceutice de baza si a preparatelor farmaceutice, Luna iunie 2024, Procente, 106.4
Fabricarea  produselor farmaceutice de baza si a preparatelor farmaceutice, Luna iulie 2024, Procente, 110.8
Fabricarea  produselor farmaceutice de baza si a preparatelor farmaceutice, Luna august 2024, Procente, 79.4
Fabricarea  produselor farmaceutice de baza si a preparatelor farmaceutice, Luna septembrie 2024, Procente, 107.2
Fabricarea  produselor farmaceutice de baza si a preparatelor farmaceutice, Luna octombrie 2024, Procente, 124.6
Fabricarea  produselor farmaceutice de baza si a preparatelor farmaceutice, Luna noiembrie 2024, Procente, 125.3
Fabricarea  produselor farmaceutice de baza si a preparatelor farmaceutice, Luna decembrie 2024, Procente, 86.8
Fabricarea  produselor farmaceutice de baza si a preparatelor farmaceutice, Luna ianuarie 2025, Procente, 119.1
Fabricarea  produselor farmaceutice de baza si a preparatelor farmaceutice, Luna februarie 2025, Procente, 115.8
Fabricarea  produselor din cauciuc si mase plastice, Luna ianuarie 2005, Procente, 25.5
Fabricarea  produselor din cauciuc si mase plastice, Luna februarie 2005, Procente, 27.9
Fabricarea  produselor din cauciuc si mase plastice, Luna martie 2005, Procente, 30.6
Fabricarea  produselor din cauciuc si mase plastice, Luna aprilie 2005, Procente, 33.2
Fabricarea  produselor din cauciuc si mase plastice, Luna mai 2005, Procente, 31
Fabricarea  produselor din cauciuc si mase plastice, Luna iunie 2005, Procente, 33.8
Fabricarea  produselor din cauciuc si mase plastice, Luna iulie 2005, Procente, 33.4
Fabricarea  produselor din cauciuc si mase plastice, Luna august 2005, Procente, 34.4
Fabricarea  produselor din cauciuc si mase plastice, Luna septembrie 2005, Procente, 34.9
Fabricarea  produselor din cauciuc si mase plastice, Luna octombrie 2005, Procente, 35.4
Fabricarea  produselor din cauciuc si mase plastice, Luna noiembrie 2005, Procente, 33.9
Fabricarea  produselor din cauciuc si mase plastice, Luna decembrie 2005, Procente, 27.5
Fabricarea  produselor din cauciuc si mase plastice, Luna ianuarie 2006, Procente, 29.7
Fabricarea  produselor din cauciuc si mase plastice, Luna februarie 2006, Procente, 31.8
Fabricarea  produselor din cauciuc si mase plastice, Luna martie 2006, Procente, 38.2
Fabricarea  produselor din cauciuc si mase plastice, Luna aprilie 2006, Procente, 37
Fabricarea  produselor din cauciuc si mase plastice, Luna mai 2006, Procente, 42.7
Fabricarea  produselor din cauciuc si mase plastice, Luna iunie 2006, Procente, 42.4
Fabricarea  produselor din cauciuc si mase plastice, Luna iulie 2006, Procente, 42.5
Fabricarea  produselor din cauciuc si mase plastice, Luna august 2006, Procente, 44.7
Fabricarea  produselor din cauciuc si mase plastice, Luna septembrie 2006, Procente, 46.8
Fabricarea  produselor din cauciuc si mase plastice, Luna octombrie 2006, Procente, 48.3
Fabricarea  produselor din cauciuc si mase plastice, Luna noiembrie 2006, Procente, 47.7
Fabricarea  produselor din cauciuc si mase plastice, Luna decembrie 2006, Procente, 36.5
Fabricarea  produselor din cauciuc si mase plastice, Luna ianuarie 2007, Procente, 40.7
Fabricarea  produselor din cauciuc si mase plastice, Luna februarie 2007, Procente, 44.8
Fabricarea  produselor din cauciuc si mase plastice, Luna martie 2007, Procente, 54
Fabricarea  produselor din cauciuc si mase plastice, Luna aprilie 2007, Procente, 49.4
Fabricarea  produselor din cauciuc si mase plastice, Luna mai 2007, Procente, 56
Fabricarea  produselor din cauciuc si mase plastice, Luna iunie 2007, Procente, 53.7
Fabricarea  produselor din cauciuc si mase plastice, Luna iulie 2007, Procente, 51.8
Fabricarea  produselor din cauciuc si mase plastice, Luna august 2007, Procente, 53.6
Fabricarea  produselor din cauciuc si mase plastice, Luna septembrie 2007, Procente, 55.5
Fabricarea  produselor din cauciuc si mase plastice, Luna octombrie 2007, Procente, 59
Fabricarea  produselor din cauciuc si mase plastice, Luna noiembrie 2007, Procente, 55
Fabricarea  produselor din cauciuc si mase plastice, Luna decembrie 2007, Procente, 43.4
Fabricarea  produselor din cauciuc si mase plastice, Luna ianuarie 2008, Procente, 51
Fabricarea  produselor din cauciuc si mase plastice, Luna februarie 2008, Procente, 59.2
Fabricarea  produselor din cauciuc si mase plastice, Luna martie 2008, Procente, 62.6
Fabricarea  produselor din cauciuc si mase plastice, Luna aprilie 2008, Procente, 55.7
Fabricarea  produselor din cauciuc si mase plastice, Luna mai 2008, Procente, 64.3
Fabricarea  produselor din cauciuc si mase plastice, Luna iunie 2008, Procente, 62.2
Fabricarea  produselor din cauciuc si mase plastice, Luna iulie 2008, Procente, 65.5
Fabricarea  produselor din cauciuc si mase plastice, Luna august 2008, Procente, 59.5
Fabricarea  produselor din cauciuc si mase plastice, Luna septembrie 2008, Procente, 61.1
Fabricarea  produselor din cauciuc si mase plastice, Luna octombrie 2008, Procente, 58.9
Fabricarea  produselor din cauciuc si mase plastice, Luna noiembrie 2008, Procente, 50.1
Fabricarea  produselor din cauciuc si mase plastice, Luna decembrie 2008, Procente, 33.3
Fabricarea  produselor din cauciuc si mase plastice, Luna ianuarie 2009, Procente, 39.2
Fabricarea  produselor din cauciuc si mase plastice, Luna februarie 2009, Procente, 47.5
Fabricarea  produselor din cauciuc si mase plastice, Luna martie 2009, Procente, 52.1
Fabricarea  produselor din cauciuc si mase plastice, Luna aprilie 2009, Procente, 47.2
Fabricarea  produselor din cauciuc si mase plastice, Luna mai 2009, Procente, 58.4
Fabricarea  produselor din cauciuc si mase plastice, Luna iunie 2009, Procente, 57.1
Fabricarea  produselor din cauciuc si mase plastice, Luna iulie 2009, Procente, 59.5
Fabricarea  produselor din cauciuc si mase plastice, Luna august 2009, Procente, 56.8
Fabricarea  produselor din cauciuc si mase plastice, Luna septembrie 2009, Procente, 57.8
Fabricarea  produselor din cauciuc si mase plastice, Luna octombrie 2009, Procente, 60.9
Fabricarea  produselor din cauciuc si mase plastice, Luna noiembrie 2009, Procente, 56.4
Fabricarea  produselor din cauciuc si mase plastice, Luna decembrie 2009, Procente, 45.1
Fabricarea  produselor din cauciuc si mase plastice, Luna ianuarie 2010, Procente, 44
Fabricarea  produselor din cauciuc si mase plastice, Luna februarie 2010, Procente, 43.8
Fabricarea  produselor din cauciuc si mase plastice, Luna martie 2010, Procente, 52.9
Fabricarea  produselor din cauciuc si mase plastice, Luna aprilie 2010, Procente, 52.9
Fabricarea  produselor din cauciuc si mase plastice, Luna mai 2010, Procente, 60
Fabricarea  produselor din cauciuc si mase plastice, Luna iunie 2010, Procente, 62
Fabricarea  produselor din cauciuc si mase plastice, Luna iulie 2010, Procente, 63.1
Fabricarea  produselor din cauciuc si mase plastice, Luna august 2010, Procente, 63.4
Fabricarea  produselor din cauciuc si mase plastice, Luna septembrie 2010, Procente, 65.2
Fabricarea  produselor din cauciuc si mase plastice, Luna octombrie 2010, Procente, 64
Fabricarea  produselor din cauciuc si mase plastice, Luna noiembrie 2010, Procente, 63
Fabricarea  produselor din cauciuc si mase plastice, Luna decembrie 2010, Procente, 49
Fabricarea  produselor din cauciuc si mase plastice, Luna ianuarie 2011, Procente, 48.9
Fabricarea  produselor din cauciuc si mase plastice, Luna februarie 2011, Procente, 58.7
Fabricarea  produselor din cauciuc si mase plastice, Luna martie 2011, Procente, 67.9
Fabricarea  produselor din cauciuc si mase plastice, Luna aprilie 2011, Procente, 60.1
Fabricarea  produselor din cauciuc si mase plastice, Luna mai 2011, Procente, 72
Fabricarea  produselor din cauciuc si mase plastice, Luna iunie 2011, Procente, 67.6
Fabricarea  produselor din cauciuc si mase plastice, Luna iulie 2011, Procente, 76.7
Fabricarea  produselor din cauciuc si mase plastice, Luna august 2011, Procente, 74.7
Fabricarea  produselor din cauciuc si mase plastice, Luna septembrie 2011, Procente, 78
Fabricarea  produselor din cauciuc si mase plastice, Luna octombrie 2011, Procente, 78.3
Fabricarea  produselor din cauciuc si mase plastice, Luna noiembrie 2011, Procente, 74.3
Fabricarea  produselor din cauciuc si mase plastice, Luna decembrie 2011, Procente, 58
Fabricarea  produselor din cauciuc si mase plastice, Luna ianuarie 2012, Procente, 55.1
Fabricarea  produselor din cauciuc si mase plastice, Luna februarie 2012, Procente, 57.9
Fabricarea  produselor din cauciuc si mase plastice, Luna martie 2012, Procente, 68.5
Fabricarea  produselor din cauciuc si mase plastice, Luna aprilie 2012, Procente, 65.1
Fabricarea  produselor din cauciuc si mase plastice, Luna mai 2012, Procente, 77.7
Fabricarea  produselor din cauciuc si mase plastice, Luna iunie 2012, Procente, 72.2
Fabricarea  produselor din cauciuc si mase plastice, Luna iulie 2012, Procente, 75
Fabricarea  produselor din cauciuc si mase plastice, Luna august 2012, Procente, 71.3
Fabricarea  produselor din cauciuc si mase plastice, Luna septembrie 2012, Procente, 72.2
Fabricarea  produselor din cauciuc si mase plastice, Luna octombrie 2012, Procente, 78.7
Fabricarea  produselor din cauciuc si mase plastice, Luna noiembrie 2012, Procente, 69.9
Fabricarea  produselor din cauciuc si mase plastice, Luna decembrie 2012, Procente, 48.9
Fabricarea  produselor din cauciuc si mase plastice, Luna ianuarie 2013, Procente, 56.4
Fabricarea  produselor din cauciuc si mase plastice, Luna februarie 2013, Procente, 61.8
Fabricarea  produselor din cauciuc si mase plastice, Luna martie 2013, Procente, 72.3
Fabricarea  produselor din cauciuc si mase plastice, Luna aprilie 2013, Procente, 72.9
Fabricarea  produselor din cauciuc si mase plastice, Luna mai 2013, Procente, 73.1
Fabricarea  produselor din cauciuc si mase plastice, Luna iunie 2013, Procente, 74.2
Fabricarea  produselor din cauciuc si mase plastice, Luna iulie 2013, Procente, 81.4
Fabricarea  produselor din cauciuc si mase plastice, Luna august 2013, Procente, 74.3
Fabricarea  produselor din cauciuc si mase plastice, Luna septembrie 2013, Procente, 83.6
Fabricarea  produselor din cauciuc si mase plastice, Luna octombrie 2013, Procente, 81.8
Fabricarea  produselor din cauciuc si mase plastice, Luna noiembrie 2013, Procente, 77.5
Fabricarea  produselor din cauciuc si mase plastice, Luna decembrie 2013, Procente, 57.3
Fabricarea  produselor din cauciuc si mase plastice, Luna ianuarie 2014, Procente, 61.7
Fabricarea  produselor din cauciuc si mase plastice, Luna februarie 2014, Procente, 67.6
Fabricarea  produselor din cauciuc si mase plastice, Luna martie 2014, Procente, 80.8
Fabricarea  produselor din cauciuc si mase plastice, Luna aprilie 2014, Procente, 76.1
Fabricarea  produselor din cauciuc si mase plastice, Luna mai 2014, Procente, 82.6
Fabricarea  produselor din cauciuc si mase plastice, Luna iunie 2014, Procente, 78.2
Fabricarea  produselor din cauciuc si mase plastice, Luna iulie 2014, Procente, 84.2
Fabricarea  produselor din cauciuc si mase plastice, Luna august 2014, Procente, 77.4
Fabricarea  produselor din cauciuc si mase plastice, Luna septembrie 2014, Procente, 84.4
Fabricarea  produselor din cauciuc si mase plastice, Luna octombrie 2014, Procente, 88.2
Fabricarea  produselor din cauciuc si mase plastice, Luna noiembrie 2014, Procente, 79.5
Fabricarea  produselor din cauciuc si mase plastice, Luna decembrie 2014, Procente, 52.7
Fabricarea  produselor din cauciuc si mase plastice, Luna ianuarie 2015, Procente, 70.2
Fabricarea  produselor din cauciuc si mase plastice, Luna februarie 2015, Procente, 74.8
Fabricarea  produselor din cauciuc si mase plastice, Luna martie 2015, Procente, 85.5
Fabricarea  produselor din cauciuc si mase plastice, Luna aprilie 2015, Procente, 79.5
Fabricarea  produselor din cauciuc si mase plastice, Luna mai 2015, Procente, 84.1
Fabricarea  produselor din cauciuc si mase plastice, Luna iunie 2015, Procente, 84.4
Fabricarea  produselor din cauciuc si mase plastice, Luna iulie 2015, Procente, 89.4
Fabricarea  produselor din cauciuc si mase plastice, Luna august 2015, Procente, 80.8
Fabricarea  produselor din cauciuc si mase plastice, Luna septembrie 2015, Procente, 91.2
Fabricarea  produselor din cauciuc si mase plastice, Luna octombrie 2015, Procente, 96.2
Fabricarea  produselor din cauciuc si mase plastice, Luna noiembrie 2015, Procente, 86.5
Fabricarea  produselor din cauciuc si mase plastice, Luna decembrie 2015, Procente, 65.5
Fabricarea  produselor din cauciuc si mase plastice, Luna ianuarie 2016, Procente, 76.6
Fabricarea  produselor din cauciuc si mase plastice, Luna februarie 2016, Procente, 87.6
Fabricarea  produselor din cauciuc si mase plastice, Luna martie 2016, Procente, 91.7
Fabricarea  produselor din cauciuc si mase plastice, Luna aprilie 2016, Procente, 87.8
Fabricarea  produselor din cauciuc si mase plastice, Luna mai 2016, Procente, 88.1
Fabricarea  produselor din cauciuc si mase plastice, Luna iunie 2016, Procente, 88
Fabricarea  produselor din cauciuc si mase plastice, Luna iulie 2016, Procente, 89.8
Fabricarea  produselor din cauciuc si mase plastice, Luna august 2016, Procente, 85.2
Fabricarea  produselor din cauciuc si mase plastice, Luna septembrie 2016, Procente, 86.6
Fabricarea  produselor din cauciuc si mase plastice, Luna octombrie 2016, Procente, 90.8
Fabricarea  produselor din cauciuc si mase plastice, Luna noiembrie 2016, Procente, 90.9
Fabricarea  produselor din cauciuc si mase plastice, Luna decembrie 2016, Procente, 67.6
Fabricarea  produselor din cauciuc si mase plastice, Luna ianuarie 2017, Procente, 78.1
Fabricarea  produselor din cauciuc si mase plastice, Luna februarie 2017, Procente, 87
Fabricarea  produselor din cauciuc si mase plastice, Luna martie 2017, Procente, 101.6
Fabricarea  produselor din cauciuc si mase plastice, Luna aprilie 2017, Procente, 86.5
Fabricarea  produselor din cauciuc si mase plastice, Luna mai 2017, Procente, 99.7
Fabricarea  produselor din cauciuc si mase plastice, Luna iunie 2017, Procente, 93.3
Fabricarea  produselor din cauciuc si mase plastice, Luna iulie 2017, Procente, 97
Fabricarea  produselor din cauciuc si mase plastice, Luna august 2017, Procente, 90.1
Fabricarea  produselor din cauciuc si mase plastice, Luna septembrie 2017, Procente, 98
Fabricarea  produselor din cauciuc si mase plastice, Luna octombrie 2017, Procente, 101.5
Fabricarea  produselor din cauciuc si mase plastice, Luna noiembrie 2017, Procente, 96.3
Fabricarea  produselor din cauciuc si mase plastice, Luna decembrie 2017, Procente, 72.6
Fabricarea  produselor din cauciuc si mase plastice, Luna ianuarie 2018, Procente, 84.3
Fabricarea  produselor din cauciuc si mase plastice, Luna februarie 2018, Procente, 93.1
Fabricarea  produselor din cauciuc si mase plastice, Luna martie 2018, Procente, 100.7
Fabricarea  produselor din cauciuc si mase plastice, Luna aprilie 2018, Procente, 89.6
Fabricarea  produselor din cauciuc si mase plastice, Luna mai 2018, Procente, 98.2
Fabricarea  produselor din cauciuc si mase plastice, Luna iunie 2018, Procente, 105.8
Fabricarea  produselor din cauciuc si mase plastice, Luna iulie 2018, Procente, 100.8
Fabricarea  produselor din cauciuc si mase plastice, Luna august 2018, Procente, 92.8
Fabricarea  produselor din cauciuc si mase plastice, Luna septembrie 2018, Procente, 99.4
Fabricarea  produselor din cauciuc si mase plastice, Luna octombrie 2018, Procente, 105.9
Fabricarea  produselor din cauciuc si mase plastice, Luna noiembrie 2018, Procente, 99.5
Fabricarea  produselor din cauciuc si mase plastice, Luna decembrie 2018, Procente, 75.9
Fabricarea  produselor din cauciuc si mase plastice, Luna ianuarie 2019, Procente, 85
Fabricarea  produselor din cauciuc si mase plastice, Luna februarie 2019, Procente, 95.3
Fabricarea  produselor din cauciuc si mase plastice, Luna martie 2019, Procente, 104.3
Fabricarea  produselor din cauciuc si mase plastice, Luna aprilie 2019, Procente, 94.3
Fabricarea  produselor din cauciuc si mase plastice, Luna mai 2019, Procente, 104.2
Fabricarea  produselor din cauciuc si mase plastice, Luna iunie 2019, Procente, 106
Fabricarea  produselor din cauciuc si mase plastice, Luna iulie 2019, Procente, 98.7
Fabricarea  produselor din cauciuc si mase plastice, Luna august 2019, Procente, 91.6
Fabricarea  produselor din cauciuc si mase plastice, Luna septembrie 2019, Procente, 99.8
Fabricarea  produselor din cauciuc si mase plastice, Luna octombrie 2019, Procente, 97
Fabricarea  produselor din cauciuc si mase plastice, Luna noiembrie 2019, Procente, 98
Fabricarea  produselor din cauciuc si mase plastice, Luna decembrie 2019, Procente, 71.2
Fabricarea  produselor din cauciuc si mase plastice, Luna ianuarie 2020, Procente, 88.6
Fabricarea  produselor din cauciuc si mase plastice, Luna februarie 2020, Procente, 99.1
Fabricarea  produselor din cauciuc si mase plastice, Luna martie 2020, Procente, 93.6
Fabricarea  produselor din cauciuc si mase plastice, Luna aprilie 2020, Procente, 47.6
Fabricarea  produselor din cauciuc si mase plastice, Luna mai 2020, Procente, 69.1
Fabricarea  produselor din cauciuc si mase plastice, Luna iunie 2020, Procente, 94.3
Fabricarea  produselor din cauciuc si mase plastice, Luna iulie 2020, Procente, 100
Fabricarea  produselor din cauciuc si mase plastice, Luna august 2020, Procente, 92.8
Fabricarea  produselor din cauciuc si mase plastice, Luna septembrie 2020, Procente, 101
Fabricarea  produselor din cauciuc si mase plastice, Luna octombrie 2020, Procente, 107.2
Fabricarea  produselor din cauciuc si mase plastice, Luna noiembrie 2020, Procente, 101.9
Fabricarea  produselor din cauciuc si mase plastice, Luna decembrie 2020, Procente, 83.8
Fabricarea  produselor din cauciuc si mase plastice, Luna ianuarie 2021, Procente, 81.9
Fabricarea  produselor din cauciuc si mase plastice, Luna februarie 2021, Procente, 95.6
Fabricarea  produselor din cauciuc si mase plastice, Luna martie 2021, Procente, 104.6
Fabricarea  produselor din cauciuc si mase plastice, Luna aprilie 2021, Procente, 103.9
Fabricarea  produselor din cauciuc si mase plastice, Luna mai 2021, Procente, 95.1
Fabricarea  produselor din cauciuc si mase plastice, Luna iunie 2021, Procente, 100.4
Fabricarea  produselor din cauciuc si mase plastice, Luna iulie 2021, Procente, 107.9
Fabricarea  produselor din cauciuc si mase plastice, Luna august 2021, Procente, 95.6
Fabricarea  produselor din cauciuc si mase plastice, Luna septembrie 2021, Procente, 112.4
Fabricarea  produselor din cauciuc si mase plastice, Luna octombrie 2021, Procente, 103.2
Fabricarea  produselor din cauciuc si mase plastice, Luna noiembrie 2021, Procente, 107.3
Fabricarea  produselor din cauciuc si mase plastice, Luna decembrie 2021, Procente, 91.9
Fabricarea  produselor din cauciuc si mase plastice, Luna ianuarie 2022, Procente, 89.8
Fabricarea  produselor din cauciuc si mase plastice, Luna februarie 2022, Procente, 99.3
Fabricarea  produselor din cauciuc si mase plastice, Luna martie 2022, Procente, 113.8
Fabricarea  produselor din cauciuc si mase plastice, Luna aprilie 2022, Procente, 97.6
Fabricarea  produselor din cauciuc si mase plastice, Luna mai 2022, Procente, 110.1
Fabricarea  produselor din cauciuc si mase plastice, Luna iunie 2022, Procente, 106.9
Fabricarea  produselor din cauciuc si mase plastice, Luna iulie 2022, Procente, 104.5
Fabricarea  produselor din cauciuc si mase plastice, Luna august 2022, Procente, 93.9
Fabricarea  produselor din cauciuc si mase plastice, Luna septembrie 2022, Procente, 106.6
Fabricarea  produselor din cauciuc si mase plastice, Luna octombrie 2022, Procente, 103.8
Fabricarea  produselor din cauciuc si mase plastice, Luna noiembrie 2022, Procente, 102.7
Fabricarea  produselor din cauciuc si mase plastice, Luna decembrie 2022, Procente, 71.5
Fabricarea  produselor din cauciuc si mase plastice, Luna ianuarie 2023, Procente, 82.1
Fabricarea  produselor din cauciuc si mase plastice, Luna februarie 2023, Procente, 91.2
Fabricarea  produselor din cauciuc si mase plastice, Luna martie 2023, Procente, 103.6
Fabricarea  produselor din cauciuc si mase plastice, Luna aprilie 2023, Procente, 90.6
Fabricarea  produselor din cauciuc si mase plastice, Luna mai 2023, Procente, 112.5
Fabricarea  produselor din cauciuc si mase plastice, Luna iunie 2023, Procente, 100.2
Fabricarea  produselor din cauciuc si mase plastice, Luna iulie 2023, Procente, 102.2
Fabricarea  produselor din cauciuc si mase plastice, Luna august 2023, Procente, 91.2
Fabricarea  produselor din cauciuc si mase plastice, Luna septembrie 2023, Procente, 102.8
Fabricarea  produselor din cauciuc si mase plastice, Luna octombrie 2023, Procente, 103.5
Fabricarea  produselor din cauciuc si mase plastice, Luna noiembrie 2023, Procente, 104.3
Fabricarea  produselor din cauciuc si mase plastice, Luna decembrie 2023, Procente, 79.9
Fabricarea  produselor din cauciuc si mase plastice, Luna ianuarie 2024, Procente, 85.3
Fabricarea  produselor din cauciuc si mase plastice, Luna februarie 2024, Procente, 99.4
Fabricarea  produselor din cauciuc si mase plastice, Luna martie 2024, Procente, 102.9
Fabricarea  produselor din cauciuc si mase plastice, Luna aprilie 2024, Procente, 97
Fabricarea  produselor din cauciuc si mase plastice, Luna mai 2024, Procente, 89.8
Fabricarea  produselor din cauciuc si mase plastice, Luna iunie 2024, Procente, 90.3
Fabricarea  produselor din cauciuc si mase plastice, Luna iulie 2024, Procente, 90.5
Fabricarea  produselor din cauciuc si mase plastice, Luna august 2024, Procente, 82.3
Fabricarea  produselor din cauciuc si mase plastice, Luna septembrie 2024, Procente, 93.7
Fabricarea  produselor din cauciuc si mase plastice, Luna octombrie 2024, Procente, 100.1
Fabricarea  produselor din cauciuc si mase plastice, Luna noiembrie 2024, Procente, 97
Fabricarea  produselor din cauciuc si mase plastice, Luna decembrie 2024, Procente, 72.6
Fabricarea  produselor din cauciuc si mase plastice, Luna ianuarie 2025, Procente, 83.7
Fabricarea  produselor din cauciuc si mase plastice, Luna februarie 2025, Procente, 92
Fabricarea altor produse din minerale nemetalice, Luna ianuarie 2005, Procente, 22.2
Fabricarea altor produse din minerale nemetalice, Luna februarie 2005, Procente, 23.4
Fabricarea altor produse din minerale nemetalice, Luna martie 2005, Procente, 35.7
Fabricarea altor produse din minerale nemetalice, Luna aprilie 2005, Procente, 46.2
Fabricarea altor produse din minerale nemetalice, Luna mai 2005, Procente, 48.8
Fabricarea altor produse din minerale nemetalice, Luna iunie 2005, Procente, 52.6
Fabricarea altor produse din minerale nemetalice, Luna iulie 2005, Procente, 52.2
Fabricarea altor produse din minerale nemetalice, Luna august 2005, Procente, 56.1
Fabricarea altor produse din minerale nemetalice, Luna septembrie 2005, Procente, 55.4
Fabricarea altor produse din minerale nemetalice, Luna octombrie 2005, Procente, 54.9
Fabricarea altor produse din minerale nemetalice, Luna noiembrie 2005, Procente, 46.4
Fabricarea altor produse din minerale nemetalice, Luna decembrie 2005, Procente, 28.5
Fabricarea altor produse din minerale nemetalice, Luna ianuarie 2006, Procente, 16.5
Fabricarea altor produse din minerale nemetalice, Luna februarie 2006, Procente, 23.4
Fabricarea altor produse din minerale nemetalice, Luna martie 2006, Procente, 40.8
Fabricarea altor produse din minerale nemetalice, Luna aprilie 2006, Procente, 47.9
Fabricarea altor produse din minerale nemetalice, Luna mai 2006, Procente, 58
Fabricarea altor produse din minerale nemetalice, Luna iunie 2006, Procente, 59
Fabricarea altor produse din minerale nemetalice, Luna iulie 2006, Procente, 58.2
Fabricarea altor produse din minerale nemetalice, Luna august 2006, Procente, 62.8
Fabricarea altor produse din minerale nemetalice, Luna septembrie 2006, Procente, 63.1
Fabricarea altor produse din minerale nemetalice, Luna octombrie 2006, Procente, 64.8
Fabricarea altor produse din minerale nemetalice, Luna noiembrie 2006, Procente, 61.1
Fabricarea altor produse din minerale nemetalice, Luna decembrie 2006, Procente, 45.1
Fabricarea altor produse din minerale nemetalice, Luna ianuarie 2007, Procente, 36.3
Fabricarea altor produse din minerale nemetalice, Luna februarie 2007, Procente, 43.9
Fabricarea altor produse din minerale nemetalice, Luna martie 2007, Procente, 65.5
Fabricarea altor produse din minerale nemetalice, Luna aprilie 2007, Procente, 64.1
Fabricarea altor produse din minerale nemetalice, Luna mai 2007, Procente, 72.6
Fabricarea altor produse din minerale nemetalice, Luna iunie 2007, Procente, 71.6
Fabricarea altor produse din minerale nemetalice, Luna iulie 2007, Procente, 70.7
Fabricarea altor produse din minerale nemetalice, Luna august 2007, Procente, 73.3
Fabricarea altor produse din minerale nemetalice, Luna septembrie 2007, Procente, 72.6
Fabricarea altor produse din minerale nemetalice, Luna octombrie 2007, Procente, 79.7
Fabricarea altor produse din minerale nemetalice, Luna noiembrie 2007, Procente, 71.1
Fabricarea altor produse din minerale nemetalice, Luna decembrie 2007, Procente, 48.5
Fabricarea altor produse din minerale nemetalice, Luna ianuarie 2008, Procente, 33.6
Fabricarea altor produse din minerale nemetalice, Luna februarie 2008, Procente, 58.5
Fabricarea altor produse din minerale nemetalice, Luna martie 2008, Procente, 76
Fabricarea altor produse din minerale nemetalice, Luna aprilie 2008, Procente, 76.7
Fabricarea altor produse din minerale nemetalice, Luna mai 2008, Procente, 84.1
Fabricarea altor produse din minerale nemetalice, Luna iunie 2008, Procente, 82.5
Fabricarea altor produse din minerale nemetalice, Luna iulie 2008, Procente, 85.6
Fabricarea altor produse din minerale nemetalice, Luna august 2008, Procente, 83.2
Fabricarea altor produse din minerale nemetalice, Luna septembrie 2008, Procente, 82.1
Fabricarea altor produse din minerale nemetalice, Luna octombrie 2008, Procente, 87.4
Fabricarea altor produse din minerale nemetalice, Luna noiembrie 2008, Procente, 70.9
Fabricarea altor produse din minerale nemetalice, Luna decembrie 2008, Procente, 46.5
Fabricarea altor produse din minerale nemetalice, Luna ianuarie 2009, Procente, 22.6
Fabricarea altor produse din minerale nemetalice, Luna februarie 2009, Procente, 37.9
Fabricarea altor produse din minerale nemetalice, Luna martie 2009, Procente, 49.7
Fabricarea altor produse din minerale nemetalice, Luna aprilie 2009, Procente, 53.2
Fabricarea altor produse din minerale nemetalice, Luna mai 2009, Procente, 62.2
Fabricarea altor produse din minerale nemetalice, Luna iunie 2009, Procente, 56
Fabricarea altor produse din minerale nemetalice, Luna iulie 2009, Procente, 61.9
Fabricarea altor produse din minerale nemetalice, Luna august 2009, Procente, 60.4
Fabricarea altor produse din minerale nemetalice, Luna septembrie 2009, Procente, 64.3
Fabricarea altor produse din minerale nemetalice, Luna octombrie 2009, Procente, 58.4
Fabricarea altor produse din minerale nemetalice, Luna noiembrie 2009, Procente, 48.2
Fabricarea altor produse din minerale nemetalice, Luna decembrie 2009, Procente, 24.7
Fabricarea altor produse din minerale nemetalice, Luna ianuarie 2010, Procente, 22.2
Fabricarea altor produse din minerale nemetalice, Luna februarie 2010, Procente, 30
Fabricarea altor produse din minerale nemetalice, Luna martie 2010, Procente, 42.3
Fabricarea altor produse din minerale nemetalice, Luna aprilie 2010, Procente, 51
Fabricarea altor produse din minerale nemetalice, Luna mai 2010, Procente, 56.3
Fabricarea altor produse din minerale nemetalice, Luna iunie 2010, Procente, 56.4
Fabricarea altor produse din minerale nemetalice, Luna iulie 2010, Procente, 57
Fabricarea altor produse din minerale nemetalice, Luna august 2010, Procente, 57.8
Fabricarea altor produse din minerale nemetalice, Luna septembrie 2010, Procente, 59.2
Fabricarea altor produse din minerale nemetalice, Luna octombrie 2010, Procente, 56.5
Fabricarea altor produse din minerale nemetalice, Luna noiembrie 2010, Procente, 51
Fabricarea altor produse din minerale nemetalice, Luna decembrie 2010, Procente, 30.9
Fabricarea altor produse din minerale nemetalice, Luna ianuarie 2011, Procente, 29.4
Fabricarea altor produse din minerale nemetalice, Luna februarie 2011, Procente, 40.3
Fabricarea altor produse din minerale nemetalice, Luna martie 2011, Procente, 53.4
Fabricarea altor produse din minerale nemetalice, Luna aprilie 2011, Procente, 63.2
Fabricarea altor produse din minerale nemetalice, Luna mai 2011, Procente, 75
Fabricarea altor produse din minerale nemetalice, Luna iunie 2011, Procente, 68.2
Fabricarea altor produse din minerale nemetalice, Luna iulie 2011, Procente, 61.5
Fabricarea altor produse din minerale nemetalice, Luna august 2011, Procente, 72.8
Fabricarea altor produse din minerale nemetalice, Luna septembrie 2011, Procente, 72.9
Fabricarea altor produse din minerale nemetalice, Luna octombrie 2011, Procente, 67.3
Fabricarea altor produse din minerale nemetalice, Luna noiembrie 2011, Procente, 61.3
Fabricarea altor produse din minerale nemetalice, Luna decembrie 2011, Procente, 41.3
Fabricarea altor produse din minerale nemetalice, Luna ianuarie 2012, Procente, 32.8
Fabricarea altor produse din minerale nemetalice, Luna februarie 2012, Procente, 32.5
Fabricarea altor produse din minerale nemetalice, Luna martie 2012, Procente, 50.2
Fabricarea altor produse din minerale nemetalice, Luna aprilie 2012, Procente, 56.4
Fabricarea altor produse din minerale nemetalice, Luna mai 2012, Procente, 68.6
Fabricarea altor produse din minerale nemetalice, Luna iunie 2012, Procente, 67
Fabricarea altor produse din minerale nemetalice, Luna iulie 2012, Procente, 68.1
Fabricarea altor produse din minerale nemetalice, Luna august 2012, Procente, 65.8
Fabricarea altor produse din minerale nemetalice, Luna septembrie 2012, Procente, 63.3
Fabricarea altor produse din minerale nemetalice, Luna octombrie 2012, Procente, 66.6
Fabricarea altor produse din minerale nemetalice, Luna noiembrie 2012, Procente, 58.9
Fabricarea altor produse din minerale nemetalice, Luna decembrie 2012, Procente, 32.4
Fabricarea altor produse din minerale nemetalice, Luna ianuarie 2013, Procente, 33
Fabricarea altor produse din minerale nemetalice, Luna februarie 2013, Procente, 42.1
Fabricarea altor produse din minerale nemetalice, Luna martie 2013, Procente, 54.4
Fabricarea altor produse din minerale nemetalice, Luna aprilie 2013, Procente, 65
Fabricarea altor produse din minerale nemetalice, Luna mai 2013, Procente, 61
Fabricarea altor produse din minerale nemetalice, Luna iunie 2013, Procente, 62.3
Fabricarea altor produse din minerale nemetalice, Luna iulie 2013, Procente, 76.6
Fabricarea altor produse din minerale nemetalice, Luna august 2013, Procente, 75.1
Fabricarea altor produse din minerale nemetalice, Luna septembrie 2013, Procente, 75.3
Fabricarea altor produse din minerale nemetalice, Luna octombrie 2013, Procente, 75.3
Fabricarea altor produse din minerale nemetalice, Luna noiembrie 2013, Procente, 73.2
Fabricarea altor produse din minerale nemetalice, Luna decembrie 2013, Procente, 44.2
Fabricarea altor produse din minerale nemetalice, Luna ianuarie 2014, Procente, 29.3
Fabricarea altor produse din minerale nemetalice, Luna februarie 2014, Procente, 46.1
Fabricarea altor produse din minerale nemetalice, Luna martie 2014, Procente, 64.1
Fabricarea altor produse din minerale nemetalice, Luna aprilie 2014, Procente, 64.7
Fabricarea altor produse din minerale nemetalice, Luna mai 2014, Procente, 69.7
Fabricarea altor produse din minerale nemetalice, Luna iunie 2014, Procente, 78.2
Fabricarea altor produse din minerale nemetalice, Luna iulie 2014, Procente, 71.3
Fabricarea altor produse din minerale nemetalice, Luna august 2014, Procente, 69.6
Fabricarea altor produse din minerale nemetalice, Luna septembrie 2014, Procente, 74.8
Fabricarea altor produse din minerale nemetalice, Luna octombrie 2014, Procente, 78.8
Fabricarea altor produse din minerale nemetalice, Luna noiembrie 2014, Procente, 75
Fabricarea altor produse din minerale nemetalice, Luna decembrie 2014, Procente, 49.1
Fabricarea altor produse din minerale nemetalice, Luna ianuarie 2015, Procente, 32.7
Fabricarea altor produse din minerale nemetalice, Luna februarie 2015, Procente, 47.1
Fabricarea altor produse din minerale nemetalice, Luna martie 2015, Procente, 73.4
Fabricarea altor produse din minerale nemetalice, Luna aprilie 2015, Procente, 81.2
Fabricarea altor produse din minerale nemetalice, Luna mai 2015, Procente, 93.5
Fabricarea altor produse din minerale nemetalice, Luna iunie 2015, Procente, 93.2
Fabricarea altor produse din minerale nemetalice, Luna iulie 2015, Procente, 98.8
Fabricarea altor produse din minerale nemetalice, Luna august 2015, Procente, 93.7
Fabricarea altor produse din minerale nemetalice, Luna septembrie 2015, Procente, 95.1
Fabricarea altor produse din minerale nemetalice, Luna octombrie 2015, Procente, 94.1
Fabricarea altor produse din minerale nemetalice, Luna noiembrie 2015, Procente, 89.5
Fabricarea altor produse din minerale nemetalice, Luna decembrie 2015, Procente, 64.4
Fabricarea altor produse din minerale nemetalice, Luna ianuarie 2016, Procente, 35.1
Fabricarea altor produse din minerale nemetalice, Luna februarie 2016, Procente, 60.3
Fabricarea altor produse din minerale nemetalice, Luna martie 2016, Procente, 86.4
Fabricarea altor produse din minerale nemetalice, Luna aprilie 2016, Procente, 92.6
Fabricarea altor produse din minerale nemetalice, Luna mai 2016, Procente, 91.2
Fabricarea altor produse din minerale nemetalice, Luna iunie 2016, Procente, 93.5
Fabricarea altor produse din minerale nemetalice, Luna iulie 2016, Procente, 93.6
Fabricarea altor produse din minerale nemetalice, Luna august 2016, Procente, 99
Fabricarea altor produse din minerale nemetalice, Luna septembrie 2016, Procente, 97.5
Fabricarea altor produse din minerale nemetalice, Luna octombrie 2016, Procente, 89.6
Fabricarea altor produse din minerale nemetalice, Luna noiembrie 2016, Procente, 82.1
Fabricarea altor produse din minerale nemetalice, Luna decembrie 2016, Procente, 54.6
Fabricarea altor produse din minerale nemetalice, Luna ianuarie 2017, Procente, 35.4
Fabricarea altor produse din minerale nemetalice, Luna februarie 2017, Procente, 56.9
Fabricarea altor produse din minerale nemetalice, Luna martie 2017, Procente, 85.6
Fabricarea altor produse din minerale nemetalice, Luna aprilie 2017, Procente, 85.5
Fabricarea altor produse din minerale nemetalice, Luna mai 2017, Procente, 100.9
Fabricarea altor produse din minerale nemetalice, Luna iunie 2017, Procente, 96.3
Fabricarea altor produse din minerale nemetalice, Luna iulie 2017, Procente, 97.7
Fabricarea altor produse din minerale nemetalice, Luna august 2017, Procente, 98.6
Fabricarea altor produse din minerale nemetalice, Luna septembrie 2017, Procente, 100
Fabricarea altor produse din minerale nemetalice, Luna octombrie 2017, Procente, 101.6
Fabricarea altor produse din minerale nemetalice, Luna noiembrie 2017, Procente, 94.6
Fabricarea altor produse din minerale nemetalice, Luna decembrie 2017, Procente, 63.2
Fabricarea altor produse din minerale nemetalice, Luna ianuarie 2018, Procente, 44.9
Fabricarea altor produse din minerale nemetalice, Luna februarie 2018, Procente, 63.6
Fabricarea altor produse din minerale nemetalice, Luna martie 2018, Procente, 79.9
Fabricarea altor produse din minerale nemetalice, Luna aprilie 2018, Procente, 92.9
Fabricarea altor produse din minerale nemetalice, Luna mai 2018, Procente, 110.8
Fabricarea altor produse din minerale nemetalice, Luna iunie 2018, Procente, 106.2
Fabricarea altor produse din minerale nemetalice, Luna iulie 2018, Procente, 105.9
Fabricarea altor produse din minerale nemetalice, Luna august 2018, Procente, 109.9
Fabricarea altor produse din minerale nemetalice, Luna septembrie 2018, Procente, 106.3
Fabricarea altor produse din minerale nemetalice, Luna octombrie 2018, Procente, 110
Fabricarea altor produse din minerale nemetalice, Luna noiembrie 2018, Procente, 98.6
Fabricarea altor produse din minerale nemetalice, Luna decembrie 2018, Procente, 65.6
Fabricarea altor produse din minerale nemetalice, Luna ianuarie 2019, Procente, 50.6
Fabricarea altor produse din minerale nemetalice, Luna februarie 2019, Procente, 71.2
Fabricarea altor produse din minerale nemetalice, Luna martie 2019, Procente, 97.9
Fabricarea altor produse din minerale nemetalice, Luna aprilie 2019, Procente, 97.7
Fabricarea altor produse din minerale nemetalice, Luna mai 2019, Procente, 103.2
Fabricarea altor produse din minerale nemetalice, Luna iunie 2019, Procente, 103.1
Fabricarea altor produse din minerale nemetalice, Luna iulie 2019, Procente, 111.2
Fabricarea altor produse din minerale nemetalice, Luna august 2019, Procente, 109.7
Fabricarea altor produse din minerale nemetalice, Luna septembrie 2019, Procente, 110.9
Fabricarea altor produse din minerale nemetalice, Luna octombrie 2019, Procente, 113
Fabricarea altor produse din minerale nemetalice, Luna noiembrie 2019, Procente, 101.4
Fabricarea altor produse din minerale nemetalice, Luna decembrie 2019, Procente, 77
Fabricarea altor produse din minerale nemetalice, Luna ianuarie 2020, Procente, 57
Fabricarea altor produse din minerale nemetalice, Luna februarie 2020, Procente, 75.9
Fabricarea altor produse din minerale nemetalice, Luna martie 2020, Procente, 95.8
Fabricarea altor produse din minerale nemetalice, Luna aprilie 2020, Procente, 75.8
Fabricarea altor produse din minerale nemetalice, Luna mai 2020, Procente, 97.6
Fabricarea altor produse din minerale nemetalice, Luna iunie 2020, Procente, 103.6
Fabricarea altor produse din minerale nemetalice, Luna iulie 2020, Procente, 112.8
Fabricarea altor produse din minerale nemetalice, Luna august 2020, Procente, 111.4
Fabricarea altor produse din minerale nemetalice, Luna septembrie 2020, Procente, 112.3
Fabricarea altor produse din minerale nemetalice, Luna octombrie 2020, Procente, 113.5
Fabricarea altor produse din minerale nemetalice, Luna noiembrie 2020, Procente, 102.5
Fabricarea altor produse din minerale nemetalice, Luna decembrie 2020, Procente, 71.6
Fabricarea altor produse din minerale nemetalice, Luna ianuarie 2021, Procente, 51.7
Fabricarea altor produse din minerale nemetalice, Luna februarie 2021, Procente, 72.7
Fabricarea altor produse din minerale nemetalice, Luna martie 2021, Procente, 96
Fabricarea altor produse din minerale nemetalice, Luna aprilie 2021, Procente, 108.5
Fabricarea altor produse din minerale nemetalice, Luna mai 2021, Procente, 105.2
Fabricarea altor produse din minerale nemetalice, Luna iunie 2021, Procente, 110
Fabricarea altor produse din minerale nemetalice, Luna iulie 2021, Procente, 112.4
Fabricarea altor produse din minerale nemetalice, Luna august 2021, Procente, 112
Fabricarea altor produse din minerale nemetalice, Luna septembrie 2021, Procente, 114
Fabricarea altor produse din minerale nemetalice, Luna octombrie 2021, Procente, 112.9
Fabricarea altor produse din minerale nemetalice, Luna noiembrie 2021, Procente, 112.9
Fabricarea altor produse din minerale nemetalice, Luna decembrie 2021, Procente, 91.7
Fabricarea altor produse din minerale nemetalice, Luna ianuarie 2022, Procente, 61.9
Fabricarea altor produse din minerale nemetalice, Luna februarie 2022, Procente, 86
Fabricarea altor produse din minerale nemetalice, Luna martie 2022, Procente, 109.4
Fabricarea altor produse din minerale nemetalice, Luna aprilie 2022, Procente, 102.5
Fabricarea altor produse din minerale nemetalice, Luna mai 2022, Procente, 113.6
Fabricarea altor produse din minerale nemetalice, Luna iunie 2022, Procente, 108.2
Fabricarea altor produse din minerale nemetalice, Luna iulie 2022, Procente, 105.2
Fabricarea altor produse din minerale nemetalice, Luna august 2022, Procente, 106.4
Fabricarea altor produse din minerale nemetalice, Luna septembrie 2022, Procente, 107.3
Fabricarea altor produse din minerale nemetalice, Luna octombrie 2022, Procente, 107.9
Fabricarea altor produse din minerale nemetalice, Luna noiembrie 2022, Procente, 104.4
Fabricarea altor produse din minerale nemetalice, Luna decembrie 2022, Procente, 70.6
Fabricarea altor produse din minerale nemetalice, Luna ianuarie 2023, Procente, 54.4
Fabricarea altor produse din minerale nemetalice, Luna februarie 2023, Procente, 66.2
Fabricarea altor produse din minerale nemetalice, Luna martie 2023, Procente, 94.5
Fabricarea altor produse din minerale nemetalice, Luna aprilie 2023, Procente, 80
Fabricarea altor produse din minerale nemetalice, Luna mai 2023, Procente, 104.3
Fabricarea altor produse din minerale nemetalice, Luna iunie 2023, Procente, 100.1
Fabricarea altor produse din minerale nemetalice, Luna iulie 2023, Procente, 103.2
Fabricarea altor produse din minerale nemetalice, Luna august 2023, Procente, 98.8
Fabricarea altor produse din minerale nemetalice, Luna septembrie 2023, Procente, 99.2
Fabricarea altor produse din minerale nemetalice, Luna octombrie 2023, Procente, 103.8
Fabricarea altor produse din minerale nemetalice, Luna noiembrie 2023, Procente, 99.7
Fabricarea altor produse din minerale nemetalice, Luna decembrie 2023, Procente, 73.7
Fabricarea altor produse din minerale nemetalice, Luna ianuarie 2024, Procente, 47
Fabricarea altor produse din minerale nemetalice, Luna februarie 2024, Procente, 76.6
Fabricarea altor produse din minerale nemetalice, Luna martie 2024, Procente, 98
Fabricarea altor produse din minerale nemetalice, Luna aprilie 2024, Procente, 103.9
Fabricarea altor produse din minerale nemetalice, Luna mai 2024, Procente, 91.6
Fabricarea altor produse din minerale nemetalice, Luna iunie 2024, Procente, 93.6
Fabricarea altor produse din minerale nemetalice, Luna iulie 2024, Procente, 98.9
Fabricarea altor produse din minerale nemetalice, Luna august 2024, Procente, 97.5
Fabricarea altor produse din minerale nemetalice, Luna septembrie 2024, Procente, 105.7
Fabricarea altor produse din minerale nemetalice, Luna octombrie 2024, Procente, 106.2
Fabricarea altor produse din minerale nemetalice, Luna noiembrie 2024, Procente, 99.9
Fabricarea altor produse din minerale nemetalice, Luna decembrie 2024, Procente, 69.9
Fabricarea altor produse din minerale nemetalice, Luna ianuarie 2025, Procente, 52.3
Fabricarea altor produse din minerale nemetalice, Luna februarie 2025, Procente, 66.8
Industria metalurgica, Luna ianuarie 2005, Procente, 139.4
Industria metalurgica, Luna februarie 2005, Procente, 135.9
Industria metalurgica, Luna martie 2005, Procente, 150.7
Industria metalurgica, Luna aprilie 2005, Procente, 143.2
Industria metalurgica, Luna mai 2005, Procente, 132.3
Industria metalurgica, Luna iunie 2005, Procente, 121.5
Industria metalurgica, Luna iulie 2005, Procente, 114.6
Industria metalurgica, Luna august 2005, Procente, 126.5
Industria metalurgica, Luna septembrie 2005, Procente, 130.5
Industria metalurgica, Luna octombrie 2005, Procente, 136.2
Industria metalurgica, Luna noiembrie 2005, Procente, 127.3
Industria metalurgica, Luna decembrie 2005, Procente, 114.7
Industria metalurgica, Luna ianuarie 2006, Procente, 123.1
Industria metalurgica, Luna februarie 2006, Procente, 126.2
Industria metalurgica, Luna martie 2006, Procente, 137.1
Industria metalurgica, Luna aprilie 2006, Procente, 134.9
Industria metalurgica, Luna mai 2006, Procente, 135.4
Industria metalurgica, Luna iunie 2006, Procente, 138.8
Industria metalurgica, Luna iulie 2006, Procente, 141
Industria metalurgica, Luna august 2006, Procente, 135
Industria metalurgica, Luna septembrie 2006, Procente, 134.8
Industria metalurgica, Luna octombrie 2006, Procente, 137.1
Industria metalurgica, Luna noiembrie 2006, Procente, 133.3
Industria metalurgica, Luna decembrie 2006, Procente, 117.9
Industria metalurgica, Luna ianuarie 2007, Procente, 130.5
Industria metalurgica, Luna februarie 2007, Procente, 135.3
Industria metalurgica, Luna martie 2007, Procente, 145.8
Industria metalurgica, Luna aprilie 2007, Procente, 133.2
Industria metalurgica, Luna mai 2007, Procente, 155.2
Industria metalurgica, Luna iunie 2007, Procente, 138.8
Industria metalurgica, Luna iulie 2007, Procente, 132.9
Industria metalurgica, Luna august 2007, Procente, 131.6
Industria metalurgica, Luna septembrie 2007, Procente, 131.4
Industria metalurgica, Luna octombrie 2007, Procente, 141.9
Industria metalurgica, Luna noiembrie 2007, Procente, 132.3
Industria metalurgica, Luna decembrie 2007, Procente, 113
Industria metalurgica, Luna ianuarie 2008, Procente, 118.3
Industria metalurgica, Luna februarie 2008, Procente, 134.6
Industria metalurgica, Luna martie 2008, Procente, 140.6
Industria metalurgica, Luna aprilie 2008, Procente, 120.7
Industria metalurgica, Luna mai 2008, Procente, 134.9
Industria metalurgica, Luna iunie 2008, Procente, 122.5
Industria metalurgica, Luna iulie 2008, Procente, 127.2
Industria metalurgica, Luna august 2008, Procente, 114.4
Industria metalurgica, Luna septembrie 2008, Procente, 120.1
Industria metalurgica, Luna octombrie 2008, Procente, 108.8
Industria metalurgica, Luna noiembrie 2008, Procente, 70.2
Industria metalurgica, Luna decembrie 2008, Procente, 57.4
Industria metalurgica, Luna ianuarie 2009, Procente, 52.1
Industria metalurgica, Luna februarie 2009, Procente, 69.8
Industria metalurgica, Luna martie 2009, Procente, 66.6
Industria metalurgica, Luna aprilie 2009, Procente, 66.8
Industria metalurgica, Luna mai 2009, Procente, 70.2
Industria metalurgica, Luna iunie 2009, Procente, 65.5
Industria metalurgica, Luna iulie 2009, Procente, 79.7
Industria metalurgica, Luna august 2009, Procente, 75
Industria metalurgica, Luna septembrie 2009, Procente, 85
Industria metalurgica, Luna octombrie 2009, Procente, 90.4
Industria metalurgica, Luna noiembrie 2009, Procente, 83.3
Industria metalurgica, Luna decembrie 2009, Procente, 73.5
Industria metalurgica, Luna ianuarie 2010, Procente, 77.1
Industria metalurgica, Luna februarie 2010, Procente, 78
Industria metalurgica, Luna martie 2010, Procente, 97.5
Industria metalurgica, Luna aprilie 2010, Procente, 94.6
Industria metalurgica, Luna mai 2010, Procente, 104.2
Industria metalurgica, Luna iunie 2010, Procente, 98.8
Industria metalurgica, Luna iulie 2010, Procente, 100.7
Industria metalurgica, Luna august 2010, Procente, 90.6
Industria metalurgica, Luna septembrie 2010, Procente, 100.8
Industria metalurgica, Luna octombrie 2010, Procente, 101.4
Industria metalurgica, Luna noiembrie 2010, Procente, 93.8
Industria metalurgica, Luna decembrie 2010, Procente, 80.3
Industria metalurgica, Luna ianuarie 2011, Procente, 88
Industria metalurgica, Luna februarie 2011, Procente, 103.3
Industria metalurgica, Luna martie 2011, Procente, 108.6
Industria metalurgica, Luna aprilie 2011, Procente, 98.7
Industria metalurgica, Luna mai 2011, Procente, 99.9
Industria metalurgica, Luna iunie 2011, Procente, 100.3
Industria metalurgica, Luna iulie 2011, Procente, 109.1
Industria metalurgica, Luna august 2011, Procente, 99.5
Industria metalurgica, Luna septembrie 2011, Procente, 104
Industria metalurgica, Luna octombrie 2011, Procente, 95.8
Industria metalurgica, Luna noiembrie 2011, Procente, 106.5
Industria metalurgica, Luna decembrie 2011, Procente, 92.6
Industria metalurgica, Luna ianuarie 2012, Procente, 93.4
Industria metalurgica, Luna februarie 2012, Procente, 82.9
Industria metalurgica, Luna martie 2012, Procente, 86
Industria metalurgica, Luna aprilie 2012, Procente, 95.1
Industria metalurgica, Luna mai 2012, Procente, 107.4
Industria metalurgica, Luna iunie 2012, Procente, 95.6
Industria metalurgica, Luna iulie 2012, Procente, 100.6
Industria metalurgica, Luna august 2012, Procente, 95
Industria metalurgica, Luna septembrie 2012, Procente, 92.6
Industria metalurgica, Luna octombrie 2012, Procente, 102.1
Industria metalurgica, Luna noiembrie 2012, Procente, 93.4
Industria metalurgica, Luna decembrie 2012, Procente, 76
Industria metalurgica, Luna ianuarie 2013, Procente, 82.2
Industria metalurgica, Luna februarie 2013, Procente, 81.4
Industria metalurgica, Luna martie 2013, Procente, 87.3
Industria metalurgica, Luna aprilie 2013, Procente, 92.5
Industria metalurgica, Luna mai 2013, Procente, 90.8
Industria metalurgica, Luna iunie 2013, Procente, 81.6
Industria metalurgica, Luna iulie 2013, Procente, 87.4
Industria metalurgica, Luna august 2013, Procente, 79.5
Industria metalurgica, Luna septembrie 2013, Procente, 84.2
Industria metalurgica, Luna octombrie 2013, Procente, 95.2
Industria metalurgica, Luna noiembrie 2013, Procente, 90.1
Industria metalurgica, Luna decembrie 2013, Procente, 80.1
Industria metalurgica, Luna ianuarie 2014, Procente, 83.2
Industria metalurgica, Luna februarie 2014, Procente, 83
Industria metalurgica, Luna martie 2014, Procente, 94.5
Industria metalurgica, Luna aprilie 2014, Procente, 88.5
Industria metalurgica, Luna mai 2014, Procente, 73.3
Industria metalurgica, Luna iunie 2014, Procente, 88.7
Industria metalurgica, Luna iulie 2014, Procente, 95.7
Industria metalurgica, Luna august 2014, Procente, 81.7
Industria metalurgica, Luna septembrie 2014, Procente, 99.9
Industria metalurgica, Luna octombrie 2014, Procente, 106.2
Industria metalurgica, Luna noiembrie 2014, Procente, 96.1
Industria metalurgica, Luna decembrie 2014, Procente, 86.8
Industria metalurgica, Luna ianuarie 2015, Procente, 87
Industria metalurgica, Luna februarie 2015, Procente, 91.2
Industria metalurgica, Luna martie 2015, Procente, 101.8
Industria metalurgica, Luna aprilie 2015, Procente, 96.7
Industria metalurgica, Luna mai 2015, Procente, 97
Industria metalurgica, Luna iunie 2015, Procente, 97.8
Industria metalurgica, Luna iulie 2015, Procente, 97.9
Industria metalurgica, Luna august 2015, Procente, 82
Industria metalurgica, Luna septembrie 2015, Procente, 90.9
Industria metalurgica, Luna octombrie 2015, Procente, 97.6
Industria metalurgica, Luna noiembrie 2015, Procente, 91.1
Industria metalurgica, Luna decembrie 2015, Procente, 83.1
Industria metalurgica, Luna ianuarie 2016, Procente, 81.8
Industria metalurgica, Luna februarie 2016, Procente, 95.2
Industria metalurgica, Luna martie 2016, Procente, 101.3
Industria metalurgica, Luna aprilie 2016, Procente, 100.7
Industria metalurgica, Luna mai 2016, Procente, 102.1
Industria metalurgica, Luna iunie 2016, Procente, 96.3
Industria metalurgica, Luna iulie 2016, Procente, 97.1
Industria metalurgica, Luna august 2016, Procente, 84.2
Industria metalurgica, Luna septembrie 2016, Procente, 94.8
Industria metalurgica, Luna octombrie 2016, Procente, 101.7
Industria metalurgica, Luna noiembrie 2016, Procente, 106.3
Industria metalurgica, Luna decembrie 2016, Procente, 91.9
Industria metalurgica, Luna ianuarie 2017, Procente, 94.6
Industria metalurgica, Luna februarie 2017, Procente, 101.8
Industria metalurgica, Luna martie 2017, Procente, 109
Industria metalurgica, Luna aprilie 2017, Procente, 102.4
Industria metalurgica, Luna mai 2017, Procente, 115.9
Industria metalurgica, Luna iunie 2017, Procente, 109.7
Industria metalurgica, Luna iulie 2017, Procente, 110.8
Industria metalurgica, Luna august 2017, Procente, 94.9
Industria metalurgica, Luna septembrie 2017, Procente, 107.6
Industria metalurgica, Luna octombrie 2017, Procente, 113.2
Industria metalurgica, Luna noiembrie 2017, Procente, 95.2
Industria metalurgica, Luna decembrie 2017, Procente, 94
Industria metalurgica, Luna ianuarie 2018, Procente, 96.2
Industria metalurgica, Luna februarie 2018, Procente, 97.7
Industria metalurgica, Luna martie 2018, Procente, 109.6
Industria metalurgica, Luna aprilie 2018, Procente, 106
Industria metalurgica, Luna mai 2018, Procente, 113.3
Industria metalurgica, Luna iunie 2018, Procente, 110.3
Industria metalurgica, Luna iulie 2018, Procente, 107.6
Industria metalurgica, Luna august 2018, Procente, 95.7
Industria metalurgica, Luna septembrie 2018, Procente, 100.9
Industria metalurgica, Luna octombrie 2018, Procente, 112.3
Industria metalurgica, Luna noiembrie 2018, Procente, 105.8
Industria metalurgica, Luna decembrie 2018, Procente, 95.8
Industria metalurgica, Luna ianuarie 2019, Procente, 98.3
Industria metalurgica, Luna februarie 2019, Procente, 103.1
Industria metalurgica, Luna martie 2019, Procente, 110.3
Industria metalurgica, Luna aprilie 2019, Procente, 106.5
Industria metalurgica, Luna mai 2019, Procente, 108.5
Industria metalurgica, Luna iunie 2019, Procente, 103.5
Industria metalurgica, Luna iulie 2019, Procente, 106.4
Industria metalurgica, Luna august 2019, Procente, 89.3
Industria metalurgica, Luna septembrie 2019, Procente, 94.2
Industria metalurgica, Luna octombrie 2019, Procente, 103.2
Industria metalurgica, Luna noiembrie 2019, Procente, 96.7
Industria metalurgica, Luna decembrie 2019, Procente, 83.2
Industria metalurgica, Luna ianuarie 2020, Procente, 89
Industria metalurgica, Luna februarie 2020, Procente, 94
Industria metalurgica, Luna martie 2020, Procente, 99.8
Industria metalurgica, Luna aprilie 2020, Procente, 75.2
Industria metalurgica, Luna mai 2020, Procente, 85.7
Industria metalurgica, Luna iunie 2020, Procente, 81.6
Industria metalurgica, Luna iulie 2020, Procente, 85.8
Industria metalurgica, Luna august 2020, Procente, 80.2
Industria metalurgica, Luna septembrie 2020, Procente, 90.5
Industria metalurgica, Luna octombrie 2020, Procente, 98.2
Industria metalurgica, Luna noiembrie 2020, Procente, 95
Industria metalurgica, Luna decembrie 2020, Procente, 90.9
Industria metalurgica, Luna ianuarie 2021, Procente, 89.3
Industria metalurgica, Luna februarie 2021, Procente, 97
Industria metalurgica, Luna martie 2021, Procente, 106.4
Industria metalurgica, Luna aprilie 2021, Procente, 99.6
Industria metalurgica, Luna mai 2021, Procente, 103.4
Industria metalurgica, Luna iunie 2021, Procente, 104
Industria metalurgica, Luna iulie 2021, Procente, 104.3
Industria metalurgica, Luna august 2021, Procente, 92.2
Industria metalurgica, Luna septembrie 2021, Procente, 104.8
Industria metalurgica, Luna octombrie 2021, Procente, 105.3
Industria metalurgica, Luna noiembrie 2021, Procente, 100.2
Industria metalurgica, Luna decembrie 2021, Procente, 93.7
Industria metalurgica, Luna ianuarie 2022, Procente, 97.8
Industria metalurgica, Luna februarie 2022, Procente, 100.8
Industria metalurgica, Luna martie 2022, Procente, 110.7
Industria metalurgica, Luna aprilie 2022, Procente, 99.1
Industria metalurgica, Luna mai 2022, Procente, 103.9
Industria metalurgica, Luna iunie 2022, Procente, 83.3
Industria metalurgica, Luna iulie 2022, Procente, 80.2
Industria metalurgica, Luna august 2022, Procente, 76.4
Industria metalurgica, Luna septembrie 2022, Procente, 85.2
Industria metalurgica, Luna octombrie 2022, Procente, 82.1
Industria metalurgica, Luna noiembrie 2022, Procente, 76.7
Industria metalurgica, Luna decembrie 2022, Procente, 62
Industria metalurgica, Luna ianuarie 2023, Procente, 60
Industria metalurgica, Luna februarie 2023, Procente, 66.7
Industria metalurgica, Luna martie 2023, Procente, 80.1
Industria metalurgica, Luna aprilie 2023, Procente, 88
Industria metalurgica, Luna mai 2023, Procente, 85.6
Industria metalurgica, Luna iunie 2023, Procente, 87.6
Industria metalurgica, Luna iulie 2023, Procente, 83.7
Industria metalurgica, Luna august 2023, Procente, 78.8
Industria metalurgica, Luna septembrie 2023, Procente, 86.7
Industria metalurgica, Luna octombrie 2023, Procente, 75.8
Industria metalurgica, Luna noiembrie 2023, Procente, 73.4
Industria metalurgica, Luna decembrie 2023, Procente, 60.8
Industria metalurgica, Luna ianuarie 2024, Procente, 61.5
Industria metalurgica, Luna februarie 2024, Procente, 76.7
Industria metalurgica, Luna martie 2024, Procente, 92.1
Industria metalurgica, Luna aprilie 2024, Procente, 96.3
Industria metalurgica, Luna mai 2024, Procente, 83.3
Industria metalurgica, Luna iunie 2024, Procente, 79.1
Industria metalurgica, Luna iulie 2024, Procente, 77.5
Industria metalurgica, Luna august 2024, Procente, 59.1
Industria metalurgica, Luna septembrie 2024, Procente, 70.1
Industria metalurgica, Luna octombrie 2024, Procente, 78.5
Industria metalurgica, Luna noiembrie 2024, Procente, 75.2
Industria metalurgica, Luna decembrie 2024, Procente, 60.2
Industria metalurgica, Luna ianuarie 2025, Procente, 60.7
Industria metalurgica, Luna februarie 2025, Procente, 63.9
Industria constructiilor metalice si a produselor din metal exclusiv masini  utilaje si instalatii, Luna ianuarie 2005, Procente, 53.2
Industria constructiilor metalice si a produselor din metal exclusiv masini  utilaje si instalatii, Luna februarie 2005, Procente, 57.3
Industria constructiilor metalice si a produselor din metal exclusiv masini  utilaje si instalatii, Luna martie 2005, Procente, 64.2
Industria constructiilor metalice si a produselor din metal exclusiv masini  utilaje si instalatii, Luna aprilie 2005, Procente, 64.3
Industria constructiilor metalice si a produselor din metal exclusiv masini  utilaje si instalatii, Luna mai 2005, Procente, 61.9
Industria constructiilor metalice si a produselor din metal exclusiv masini  utilaje si instalatii, Luna iunie 2005, Procente, 62.3
Industria constructiilor metalice si a produselor din metal exclusiv masini  utilaje si instalatii, Luna iulie 2005, Procente, 63
Industria constructiilor metalice si a produselor din metal exclusiv masini  utilaje si instalatii, Luna august 2005, Procente, 63.7
Industria constructiilor metalice si a produselor din metal exclusiv masini  utilaje si instalatii, Luna septembrie 2005, Procente, 70.4
Industria constructiilor metalice si a produselor din metal exclusiv masini  utilaje si instalatii, Luna octombrie 2005, Procente, 62.8
Industria constructiilor metalice si a produselor din metal exclusiv masini  utilaje si instalatii, Luna noiembrie 2005, Procente, 71.1
Industria constructiilor metalice si a produselor din metal exclusiv masini  utilaje si instalatii, Luna decembrie 2005, Procente, 55.9
Industria constructiilor metalice si a produselor din metal exclusiv masini  utilaje si instalatii, Luna ianuarie 2006, Procente, 57.9
Industria constructiilor metalice si a produselor din metal exclusiv masini  utilaje si instalatii, Luna februarie 2006, Procente, 71.3
Industria constructiilor metalice si a produselor din metal exclusiv masini  utilaje si instalatii, Luna martie 2006, Procente, 82.4
Industria constructiilor metalice si a produselor din metal exclusiv masini  utilaje si instalatii, Luna aprilie 2006, Procente, 73.3
Industria constructiilor metalice si a produselor din metal exclusiv masini  utilaje si instalatii, Luna mai 2006, Procente, 79.7
Industria constructiilor metalice si a produselor din metal exclusiv masini  utilaje si instalatii, Luna iunie 2006, Procente, 78.3
Industria constructiilor metalice si a produselor din metal exclusiv masini  utilaje si instalatii, Luna iulie 2006, Procente, 80.4
Industria constructiilor metalice si a produselor din metal exclusiv masini  utilaje si instalatii, Luna august 2006, Procente, 80.6
Industria constructiilor metalice si a produselor din metal exclusiv masini  utilaje si instalatii, Luna septembrie 2006, Procente, 85.3
Industria constructiilor metalice si a produselor din metal exclusiv masini  utilaje si instalatii, Luna octombrie 2006, Procente, 91.6
Industria constructiilor metalice si a produselor din metal exclusiv masini  utilaje si instalatii, Luna noiembrie 2006, Procente, 87.7
Industria constructiilor metalice si a produselor din metal exclusiv masini  utilaje si instalatii, Luna decembrie 2006, Procente, 74.8
Industria constructiilor metalice si a produselor din metal exclusiv masini  utilaje si instalatii, Luna ianuarie 2007, Procente, 72.1
Industria constructiilor metalice si a produselor din metal exclusiv masini  utilaje si instalatii, Luna februarie 2007, Procente, 88
Industria constructiilor metalice si a produselor din metal exclusiv masini  utilaje si instalatii, Luna martie 2007, Procente, 95.2
Industria constructiilor metalice si a produselor din metal exclusiv masini  utilaje si instalatii, Luna aprilie 2007, Procente, 90.1
Industria constructiilor metalice si a produselor din metal exclusiv masini  utilaje si instalatii, Luna mai 2007, Procente, 94.4
Industria constructiilor metalice si a produselor din metal exclusiv masini  utilaje si instalatii, Luna iunie 2007, Procente, 90.6
Industria constructiilor metalice si a produselor din metal exclusiv masini  utilaje si instalatii, Luna iulie 2007, Procente, 92.3
Industria constructiilor metalice si a produselor din metal exclusiv masini  utilaje si instalatii, Luna august 2007, Procente, 90.1
Industria constructiilor metalice si a produselor din metal exclusiv masini  utilaje si instalatii, Luna septembrie 2007, Procente, 88.8
Industria constructiilor metalice si a produselor din metal exclusiv masini  utilaje si instalatii, Luna octombrie 2007, Procente, 105.4
Industria constructiilor metalice si a produselor din metal exclusiv masini  utilaje si instalatii, Luna noiembrie 2007, Procente, 103.7
Industria constructiilor metalice si a produselor din metal exclusiv masini  utilaje si instalatii, Luna decembrie 2007, Procente, 92.2
Industria constructiilor metalice si a produselor din metal exclusiv masini  utilaje si instalatii, Luna ianuarie 2008, Procente, 91.6
Industria constructiilor metalice si a produselor din metal exclusiv masini  utilaje si instalatii, Luna februarie 2008, Procente, 106.5
Industria constructiilor metalice si a produselor din metal exclusiv masini  utilaje si instalatii, Luna martie 2008, Procente, 117.1
Industria constructiilor metalice si a produselor din metal exclusiv masini  utilaje si instalatii, Luna aprilie 2008, Procente, 104.2
Industria constructiilor metalice si a produselor din metal exclusiv masini  utilaje si instalatii, Luna mai 2008, Procente, 114.7
Industria constructiilor metalice si a produselor din metal exclusiv masini  utilaje si instalatii, Luna iunie 2008, Procente, 113.7
Industria constructiilor metalice si a produselor din metal exclusiv masini  utilaje si instalatii, Luna iulie 2008, Procente, 115.2
Industria constructiilor metalice si a produselor din metal exclusiv masini  utilaje si instalatii, Luna august 2008, Procente, 99.1
Industria constructiilor metalice si a produselor din metal exclusiv masini  utilaje si instalatii, Luna septembrie 2008, Procente, 106.4
Industria constructiilor metalice si a produselor din metal exclusiv masini  utilaje si instalatii, Luna octombrie 2008, Procente, 115.7
Industria constructiilor metalice si a produselor din metal exclusiv masini  utilaje si instalatii, Luna noiembrie 2008, Procente, 105.9
Industria constructiilor metalice si a produselor din metal exclusiv masini  utilaje si instalatii, Luna decembrie 2008, Procente, 88.1
Industria constructiilor metalice si a produselor din metal exclusiv masini  utilaje si instalatii, Luna ianuarie 2009, Procente, 78
Industria constructiilor metalice si a produselor din metal exclusiv masini  utilaje si instalatii, Luna februarie 2009, Procente, 97.2
Industria constructiilor metalice si a produselor din metal exclusiv masini  utilaje si instalatii, Luna martie 2009, Procente, 95.2
Industria constructiilor metalice si a produselor din metal exclusiv masini  utilaje si instalatii, Luna aprilie 2009, Procente, 88.6
Industria constructiilor metalice si a produselor din metal exclusiv masini  utilaje si instalatii, Luna mai 2009, Procente, 83.7
Industria constructiilor metalice si a produselor din metal exclusiv masini  utilaje si instalatii, Luna iunie 2009, Procente, 101
Industria constructiilor metalice si a produselor din metal exclusiv masini  utilaje si instalatii, Luna iulie 2009, Procente, 103.5
Industria constructiilor metalice si a produselor din metal exclusiv masini  utilaje si instalatii, Luna august 2009, Procente, 88.8
Industria constructiilor metalice si a produselor din metal exclusiv masini  utilaje si instalatii, Luna septembrie 2009, Procente, 104.8
Industria constructiilor metalice si a produselor din metal exclusiv masini  utilaje si instalatii, Luna octombrie 2009, Procente, 105.3
Industria constructiilor metalice si a produselor din metal exclusiv masini  utilaje si instalatii, Luna noiembrie 2009, Procente, 92.9
Industria constructiilor metalice si a produselor din metal exclusiv masini  utilaje si instalatii, Luna decembrie 2009, Procente, 72.5
Industria constructiilor metalice si a produselor din metal exclusiv masini  utilaje si instalatii, Luna ianuarie 2010, Procente, 61.9
Industria constructiilor metalice si a produselor din metal exclusiv masini  utilaje si instalatii, Luna februarie 2010, Procente, 63.8
Industria constructiilor metalice si a produselor din metal exclusiv masini  utilaje si instalatii, Luna martie 2010, Procente, 81.2
Industria constructiilor metalice si a produselor din metal exclusiv masini  utilaje si instalatii, Luna aprilie 2010, Procente, 76.2
Industria constructiilor metalice si a produselor din metal exclusiv masini  utilaje si instalatii, Luna mai 2010, Procente, 88.7
Industria constructiilor metalice si a produselor din metal exclusiv masini  utilaje si instalatii, Luna iunie 2010, Procente, 99.8
Industria constructiilor metalice si a produselor din metal exclusiv masini  utilaje si instalatii, Luna iulie 2010, Procente, 94.7
Industria constructiilor metalice si a produselor din metal exclusiv masini  utilaje si instalatii, Luna august 2010, Procente, 74.6
Industria constructiilor metalice si a produselor din metal exclusiv masini  utilaje si instalatii, Luna septembrie 2010, Procente, 102.3
Industria constructiilor metalice si a produselor din metal exclusiv masini  utilaje si instalatii, Luna octombrie 2010, Procente, 96.1
Industria constructiilor metalice si a produselor din metal exclusiv masini  utilaje si instalatii, Luna noiembrie 2010, Procente, 94.7
Industria constructiilor metalice si a produselor din metal exclusiv masini  utilaje si instalatii, Luna decembrie 2010, Procente, 85.1
Industria constructiilor metalice si a produselor din metal exclusiv masini  utilaje si instalatii, Luna ianuarie 2011, Procente, 67.4
Industria constructiilor metalice si a produselor din metal exclusiv masini  utilaje si instalatii, Luna februarie 2011, Procente, 86.5
Industria constructiilor metalice si a produselor din metal exclusiv masini  utilaje si instalatii, Luna martie 2011, Procente, 95.9
Industria constructiilor metalice si a produselor din metal exclusiv masini  utilaje si instalatii, Luna aprilie 2011, Procente, 102.5
Industria constructiilor metalice si a produselor din metal exclusiv masini  utilaje si instalatii, Luna mai 2011, Procente, 89.2
Industria constructiilor metalice si a produselor din metal exclusiv masini  utilaje si instalatii, Luna iunie 2011, Procente, 92.9
Industria constructiilor metalice si a produselor din metal exclusiv masini  utilaje si instalatii, Luna iulie 2011, Procente, 115.9
Industria constructiilor metalice si a produselor din metal exclusiv masini  utilaje si instalatii, Luna august 2011, Procente, 92.9
Industria constructiilor metalice si a produselor din metal exclusiv masini  utilaje si instalatii, Luna septembrie 2011, Procente, 103.4
Industria constructiilor metalice si a produselor din metal exclusiv masini  utilaje si instalatii, Luna octombrie 2011, Procente, 91.4
Industria constructiilor metalice si a produselor din metal exclusiv masini  utilaje si instalatii, Luna noiembrie 2011, Procente, 92.6
Industria constructiilor metalice si a produselor din metal exclusiv masini  utilaje si instalatii, Luna decembrie 2011, Procente, 80.5
Industria constructiilor metalice si a produselor din metal exclusiv masini  utilaje si instalatii, Luna ianuarie 2012, Procente, 62.4
Industria constructiilor metalice si a produselor din metal exclusiv masini  utilaje si instalatii, Luna februarie 2012, Procente, 70.8
Industria constructiilor metalice si a produselor din metal exclusiv masini  utilaje si instalatii, Luna martie 2012, Procente, 96.7
Industria constructiilor metalice si a produselor din metal exclusiv masini  utilaje si instalatii, Luna aprilie 2012, Procente, 79.9
Industria constructiilor metalice si a produselor din metal exclusiv masini  utilaje si instalatii, Luna mai 2012, Procente, 97.5
Industria constructiilor metalice si a produselor din metal exclusiv masini  utilaje si instalatii, Luna iunie 2012, Procente, 92.3
Industria constructiilor metalice si a produselor din metal exclusiv masini  utilaje si instalatii, Luna iulie 2012, Procente, 102.2
Industria constructiilor metalice si a produselor din metal exclusiv masini  utilaje si instalatii, Luna august 2012, Procente, 85.5
Industria constructiilor metalice si a produselor din metal exclusiv masini  utilaje si instalatii, Luna septembrie 2012, Procente, 103.3
Industria constructiilor metalice si a produselor din metal exclusiv masini  utilaje si instalatii, Luna octombrie 2012, Procente, 99.1
Industria constructiilor metalice si a produselor din metal exclusiv masini  utilaje si instalatii, Luna noiembrie 2012, Procente, 91.6
Industria constructiilor metalice si a produselor din metal exclusiv masini  utilaje si instalatii, Luna decembrie 2012, Procente, 78
Industria constructiilor metalice si a produselor din metal exclusiv masini  utilaje si instalatii, Luna ianuarie 2013, Procente, 67.5
Industria constructiilor metalice si a produselor din metal exclusiv masini  utilaje si instalatii, Luna februarie 2013, Procente, 77.1
Industria constructiilor metalice si a produselor din metal exclusiv masini  utilaje si instalatii, Luna martie 2013, Procente, 83.5
Industria constructiilor metalice si a produselor din metal exclusiv masini  utilaje si instalatii, Luna aprilie 2013, Procente, 100.9
Industria constructiilor metalice si a produselor din metal exclusiv masini  utilaje si instalatii, Luna mai 2013, Procente, 101.2
Industria constructiilor metalice si a produselor din metal exclusiv masini  utilaje si instalatii, Luna iunie 2013, Procente, 88.8
Industria constructiilor metalice si a produselor din metal exclusiv masini  utilaje si instalatii, Luna iulie 2013, Procente, 97.5
Industria constructiilor metalice si a produselor din metal exclusiv masini  utilaje si instalatii, Luna august 2013, Procente, 90.3
Industria constructiilor metalice si a produselor din metal exclusiv masini  utilaje si instalatii, Luna septembrie 2013, Procente, 101.4
Industria constructiilor metalice si a produselor din metal exclusiv masini  utilaje si instalatii, Luna octombrie 2013, Procente, 106.5
Industria constructiilor metalice si a produselor din metal exclusiv masini  utilaje si instalatii, Luna noiembrie 2013, Procente, 102.2
Industria constructiilor metalice si a produselor din metal exclusiv masini  utilaje si instalatii, Luna decembrie 2013, Procente, 79.6
Industria constructiilor metalice si a produselor din metal exclusiv masini  utilaje si instalatii, Luna ianuarie 2014, Procente, 86.4
Industria constructiilor metalice si a produselor din metal exclusiv masini  utilaje si instalatii, Luna februarie 2014, Procente, 84.4
Industria constructiilor metalice si a produselor din metal exclusiv masini  utilaje si instalatii, Luna martie 2014, Procente, 95.4
Industria constructiilor metalice si a produselor din metal exclusiv masini  utilaje si instalatii, Luna aprilie 2014, Procente, 88.8
Industria constructiilor metalice si a produselor din metal exclusiv masini  utilaje si instalatii, Luna mai 2014, Procente, 95.5
Industria constructiilor metalice si a produselor din metal exclusiv masini  utilaje si instalatii, Luna iunie 2014, Procente, 92.4
Industria constructiilor metalice si a produselor din metal exclusiv masini  utilaje si instalatii, Luna iulie 2014, Procente, 101.9
Industria constructiilor metalice si a produselor din metal exclusiv masini  utilaje si instalatii, Luna august 2014, Procente, 87.6
Industria constructiilor metalice si a produselor din metal exclusiv masini  utilaje si instalatii, Luna septembrie 2014, Procente, 104
Industria constructiilor metalice si a produselor din metal exclusiv masini  utilaje si instalatii, Luna octombrie 2014, Procente, 105.1
Industria constructiilor metalice si a produselor din metal exclusiv masini  utilaje si instalatii, Luna noiembrie 2014, Procente, 91.6
Industria constructiilor metalice si a produselor din metal exclusiv masini  utilaje si instalatii, Luna decembrie 2014, Procente, 79.2
Industria constructiilor metalice si a produselor din metal exclusiv masini  utilaje si instalatii, Luna ianuarie 2015, Procente, 79
Industria constructiilor metalice si a produselor din metal exclusiv masini  utilaje si instalatii, Luna februarie 2015, Procente, 87.9
Industria constructiilor metalice si a produselor din metal exclusiv masini  utilaje si instalatii, Luna martie 2015, Procente, 99.1
Industria constructiilor metalice si a produselor din metal exclusiv masini  utilaje si instalatii, Luna aprilie 2015, Procente, 97.4
Industria constructiilor metalice si a produselor din metal exclusiv masini  utilaje si instalatii, Luna mai 2015, Procente, 108.7
Industria constructiilor metalice si a produselor din metal exclusiv masini  utilaje si instalatii, Luna iunie 2015, Procente, 106.7
Industria constructiilor metalice si a produselor din metal exclusiv masini  utilaje si instalatii, Luna iulie 2015, Procente, 109.1
Industria constructiilor metalice si a produselor din metal exclusiv masini  utilaje si instalatii, Luna august 2015, Procente, 90.9
Industria constructiilor metalice si a produselor din metal exclusiv masini  utilaje si instalatii, Luna septembrie 2015, Procente, 121.4
Industria constructiilor metalice si a produselor din metal exclusiv masini  utilaje si instalatii, Luna octombrie 2015, Procente, 112.5
Industria constructiilor metalice si a produselor din metal exclusiv masini  utilaje si instalatii, Luna noiembrie 2015, Procente, 104.7
Industria constructiilor metalice si a produselor din metal exclusiv masini  utilaje si instalatii, Luna decembrie 2015, Procente, 91.4
Industria constructiilor metalice si a produselor din metal exclusiv masini  utilaje si instalatii, Luna ianuarie 2016, Procente, 82.8
Industria constructiilor metalice si a produselor din metal exclusiv masini  utilaje si instalatii, Luna februarie 2016, Procente, 98.2
Industria constructiilor metalice si a produselor din metal exclusiv masini  utilaje si instalatii, Luna martie 2016, Procente, 121.5
Industria constructiilor metalice si a produselor din metal exclusiv masini  utilaje si instalatii, Luna aprilie 2016, Procente, 109.4
Industria constructiilor metalice si a produselor din metal exclusiv masini  utilaje si instalatii, Luna mai 2016, Procente, 108.2
Industria constructiilor metalice si a produselor din metal exclusiv masini  utilaje si instalatii, Luna iunie 2016, Procente, 107
Industria constructiilor metalice si a produselor din metal exclusiv masini  utilaje si instalatii, Luna iulie 2016, Procente, 102
Industria constructiilor metalice si a produselor din metal exclusiv masini  utilaje si instalatii, Luna august 2016, Procente, 93.7
Industria constructiilor metalice si a produselor din metal exclusiv masini  utilaje si instalatii, Luna septembrie 2016, Procente, 112
Industria constructiilor metalice si a produselor din metal exclusiv masini  utilaje si instalatii, Luna octombrie 2016, Procente, 111.7
Industria constructiilor metalice si a produselor din metal exclusiv masini  utilaje si instalatii, Luna noiembrie 2016, Procente, 107.9
Industria constructiilor metalice si a produselor din metal exclusiv masini  utilaje si instalatii, Luna decembrie 2016, Procente, 88.4
Industria constructiilor metalice si a produselor din metal exclusiv masini  utilaje si instalatii, Luna ianuarie 2017, Procente, 84.9
Industria constructiilor metalice si a produselor din metal exclusiv masini  utilaje si instalatii, Luna februarie 2017, Procente, 96
Industria constructiilor metalice si a produselor din metal exclusiv masini  utilaje si instalatii, Luna martie 2017, Procente, 128.6
Industria constructiilor metalice si a produselor din metal exclusiv masini  utilaje si instalatii, Luna aprilie 2017, Procente, 97.3
Industria constructiilor metalice si a produselor din metal exclusiv masini  utilaje si instalatii, Luna mai 2017, Procente, 117.7
Industria constructiilor metalice si a produselor din metal exclusiv masini  utilaje si instalatii, Luna iunie 2017, Procente, 124.4
Industria constructiilor metalice si a produselor din metal exclusiv masini  utilaje si instalatii, Luna iulie 2017, Procente, 113.2
Industria constructiilor metalice si a produselor din metal exclusiv masini  utilaje si instalatii, Luna august 2017, Procente, 104.4
Industria constructiilor metalice si a produselor din metal exclusiv masini  utilaje si instalatii, Luna septembrie 2017, Procente, 118.1
Industria constructiilor metalice si a produselor din metal exclusiv masini  utilaje si instalatii, Luna octombrie 2017, Procente, 131.1
Industria constructiilor metalice si a produselor din metal exclusiv masini  utilaje si instalatii, Luna noiembrie 2017, Procente, 117.5
Industria constructiilor metalice si a produselor din metal exclusiv masini  utilaje si instalatii, Luna decembrie 2017, Procente, 106.9
Industria constructiilor metalice si a produselor din metal exclusiv masini  utilaje si instalatii, Luna ianuarie 2018, Procente, 90.8
Industria constructiilor metalice si a produselor din metal exclusiv masini  utilaje si instalatii, Luna februarie 2018, Procente, 104.9
Industria constructiilor metalice si a produselor din metal exclusiv masini  utilaje si instalatii, Luna martie 2018, Procente, 108.2
Industria constructiilor metalice si a produselor din metal exclusiv masini  utilaje si instalatii, Luna aprilie 2018, Procente, 96.3
Industria constructiilor metalice si a produselor din metal exclusiv masini  utilaje si instalatii, Luna mai 2018, Procente, 116
Industria constructiilor metalice si a produselor din metal exclusiv masini  utilaje si instalatii, Luna iunie 2018, Procente, 115
Industria constructiilor metalice si a produselor din metal exclusiv masini  utilaje si instalatii, Luna iulie 2018, Procente, 124.9
Industria constructiilor metalice si a produselor din metal exclusiv masini  utilaje si instalatii, Luna august 2018, Procente, 98
Industria constructiilor metalice si a produselor din metal exclusiv masini  utilaje si instalatii, Luna septembrie 2018, Procente, 115.2
Industria constructiilor metalice si a produselor din metal exclusiv masini  utilaje si instalatii, Luna octombrie 2018, Procente, 123
Industria constructiilor metalice si a produselor din metal exclusiv masini  utilaje si instalatii, Luna noiembrie 2018, Procente, 128.7
Industria constructiilor metalice si a produselor din metal exclusiv masini  utilaje si instalatii, Luna decembrie 2018, Procente, 102.6
Industria constructiilor metalice si a produselor din metal exclusiv masini  utilaje si instalatii, Luna ianuarie 2019, Procente, 82
Industria constructiilor metalice si a produselor din metal exclusiv masini  utilaje si instalatii, Luna februarie 2019, Procente, 104.9
Industria constructiilor metalice si a produselor din metal exclusiv masini  utilaje si instalatii, Luna martie 2019, Procente, 105.1
Industria constructiilor metalice si a produselor din metal exclusiv masini  utilaje si instalatii, Luna aprilie 2019, Procente, 95.6
Industria constructiilor metalice si a produselor din metal exclusiv masini  utilaje si instalatii, Luna mai 2019, Procente, 106.3
Industria constructiilor metalice si a produselor din metal exclusiv masini  utilaje si instalatii, Luna iunie 2019, Procente, 97.4
Industria constructiilor metalice si a produselor din metal exclusiv masini  utilaje si instalatii, Luna iulie 2019, Procente, 103.7
Industria constructiilor metalice si a produselor din metal exclusiv masini  utilaje si instalatii, Luna august 2019, Procente, 84.1
Industria constructiilor metalice si a produselor din metal exclusiv masini  utilaje si instalatii, Luna septembrie 2019, Procente, 101.4
Industria constructiilor metalice si a produselor din metal exclusiv masini  utilaje si instalatii, Luna octombrie 2019, Procente, 104.5
Industria constructiilor metalice si a produselor din metal exclusiv masini  utilaje si instalatii, Luna noiembrie 2019, Procente, 100
Industria constructiilor metalice si a produselor din metal exclusiv masini  utilaje si instalatii, Luna decembrie 2019, Procente, 79.5
Industria constructiilor metalice si a produselor din metal exclusiv masini  utilaje si instalatii, Luna ianuarie 2020, Procente, 81.2
Industria constructiilor metalice si a produselor din metal exclusiv masini  utilaje si instalatii, Luna februarie 2020, Procente, 92.1
Industria constructiilor metalice si a produselor din metal exclusiv masini  utilaje si instalatii, Luna martie 2020, Procente, 97
Industria constructiilor metalice si a produselor din metal exclusiv masini  utilaje si instalatii, Luna aprilie 2020, Procente, 68.3
Industria constructiilor metalice si a produselor din metal exclusiv masini  utilaje si instalatii, Luna mai 2020, Procente, 78.6
Industria constructiilor metalice si a produselor din metal exclusiv masini  utilaje si instalatii, Luna iunie 2020, Procente, 88.8
Industria constructiilor metalice si a produselor din metal exclusiv masini  utilaje si instalatii, Luna iulie 2020, Procente, 101
Industria constructiilor metalice si a produselor din metal exclusiv masini  utilaje si instalatii, Luna august 2020, Procente, 75.8
Industria constructiilor metalice si a produselor din metal exclusiv masini  utilaje si instalatii, Luna septembrie 2020, Procente, 105.9
Industria constructiilor metalice si a produselor din metal exclusiv masini  utilaje si instalatii, Luna octombrie 2020, Procente, 109.1
Industria constructiilor metalice si a produselor din metal exclusiv masini  utilaje si instalatii, Luna noiembrie 2020, Procente, 91.6
Industria constructiilor metalice si a produselor din metal exclusiv masini  utilaje si instalatii, Luna decembrie 2020, Procente, 80.1
Industria constructiilor metalice si a produselor din metal exclusiv masini  utilaje si instalatii, Luna ianuarie 2021, Procente, 83.6
Industria constructiilor metalice si a produselor din metal exclusiv masini  utilaje si instalatii, Luna februarie 2021, Procente, 91.2
Industria constructiilor metalice si a produselor din metal exclusiv masini  utilaje si instalatii, Luna martie 2021, Procente, 107.7
Industria constructiilor metalice si a produselor din metal exclusiv masini  utilaje si instalatii, Luna aprilie 2021, Procente, 101.9
Industria constructiilor metalice si a produselor din metal exclusiv masini  utilaje si instalatii, Luna mai 2021, Procente, 103.2
Industria constructiilor metalice si a produselor din metal exclusiv masini  utilaje si instalatii, Luna iunie 2021, Procente, 105.1
Industria constructiilor metalice si a produselor din metal exclusiv masini  utilaje si instalatii, Luna iulie 2021, Procente, 106.9
Industria constructiilor metalice si a produselor din metal exclusiv masini  utilaje si instalatii, Luna august 2021, Procente, 91.7
Industria constructiilor metalice si a produselor din metal exclusiv masini  utilaje si instalatii, Luna septembrie 2021, Procente, 109
Industria constructiilor metalice si a produselor din metal exclusiv masini  utilaje si instalatii, Luna octombrie 2021, Procente, 104.4
Industria constructiilor metalice si a produselor din metal exclusiv masini  utilaje si instalatii, Luna noiembrie 2021, Procente, 106.9
Industria constructiilor metalice si a produselor din metal exclusiv masini  utilaje si instalatii, Luna decembrie 2021, Procente, 88.5
Industria constructiilor metalice si a produselor din metal exclusiv masini  utilaje si instalatii, Luna ianuarie 2022, Procente, 93.8
Industria constructiilor metalice si a produselor din metal exclusiv masini  utilaje si instalatii, Luna februarie 2022, Procente, 102
Industria constructiilor metalice si a produselor din metal exclusiv masini  utilaje si instalatii, Luna martie 2022, Procente, 116.9
Industria constructiilor metalice si a produselor din metal exclusiv masini  utilaje si instalatii, Luna aprilie 2022, Procente, 97
Industria constructiilor metalice si a produselor din metal exclusiv masini  utilaje si instalatii, Luna mai 2022, Procente, 108.3
Industria constructiilor metalice si a produselor din metal exclusiv masini  utilaje si instalatii, Luna iunie 2022, Procente, 106.3
Industria constructiilor metalice si a produselor din metal exclusiv masini  utilaje si instalatii, Luna iulie 2022, Procente, 121.5
Industria constructiilor metalice si a produselor din metal exclusiv masini  utilaje si instalatii, Luna august 2022, Procente, 93.8
Industria constructiilor metalice si a produselor din metal exclusiv masini  utilaje si instalatii, Luna septembrie 2022, Procente, 108.6
Industria constructiilor metalice si a produselor din metal exclusiv masini  utilaje si instalatii, Luna octombrie 2022, Procente, 102
Industria constructiilor metalice si a produselor din metal exclusiv masini  utilaje si instalatii, Luna noiembrie 2022, Procente, 107.9
Industria constructiilor metalice si a produselor din metal exclusiv masini  utilaje si instalatii, Luna decembrie 2022, Procente, 76.8
Industria constructiilor metalice si a produselor din metal exclusiv masini  utilaje si instalatii, Luna ianuarie 2023, Procente, 87.9
Industria constructiilor metalice si a produselor din metal exclusiv masini  utilaje si instalatii, Luna februarie 2023, Procente, 97.7
Industria constructiilor metalice si a produselor din metal exclusiv masini  utilaje si instalatii, Luna martie 2023, Procente, 115.6
Industria constructiilor metalice si a produselor din metal exclusiv masini  utilaje si instalatii, Luna aprilie 2023, Procente, 93.1
Industria constructiilor metalice si a produselor din metal exclusiv masini  utilaje si instalatii, Luna mai 2023, Procente, 109.6
Industria constructiilor metalice si a produselor din metal exclusiv masini  utilaje si instalatii, Luna iunie 2023, Procente, 98.3
Industria constructiilor metalice si a produselor din metal exclusiv masini  utilaje si instalatii, Luna iulie 2023, Procente, 99.8
Industria constructiilor metalice si a produselor din metal exclusiv masini  utilaje si instalatii, Luna august 2023, Procente, 85.8
Industria constructiilor metalice si a produselor din metal exclusiv masini  utilaje si instalatii, Luna septembrie 2023, Procente, 104.3
Industria constructiilor metalice si a produselor din metal exclusiv masini  utilaje si instalatii, Luna octombrie 2023, Procente, 107.6
Industria constructiilor metalice si a produselor din metal exclusiv masini  utilaje si instalatii, Luna noiembrie 2023, Procente, 106.9
Industria constructiilor metalice si a produselor din metal exclusiv masini  utilaje si instalatii, Luna decembrie 2023, Procente, 74.9
Industria constructiilor metalice si a produselor din metal exclusiv masini  utilaje si instalatii, Luna ianuarie 2024, Procente, 88.8
Industria constructiilor metalice si a produselor din metal exclusiv masini  utilaje si instalatii, Luna februarie 2024, Procente, 103.9
Industria constructiilor metalice si a produselor din metal exclusiv masini  utilaje si instalatii, Luna martie 2024, Procente, 109.2
Industria constructiilor metalice si a produselor din metal exclusiv masini  utilaje si instalatii, Luna aprilie 2024, Procente, 115.9
Industria constructiilor metalice si a produselor din metal exclusiv masini  utilaje si instalatii, Luna mai 2024, Procente, 106.1
Industria constructiilor metalice si a produselor din metal exclusiv masini  utilaje si instalatii, Luna iunie 2024, Procente, 105.2
Industria constructiilor metalice si a produselor din metal exclusiv masini  utilaje si instalatii, Luna iulie 2024, Procente, 112.6
Industria constructiilor metalice si a produselor din metal exclusiv masini  utilaje si instalatii, Luna august 2024, Procente, 97
Industria constructiilor metalice si a produselor din metal exclusiv masini  utilaje si instalatii, Luna septembrie 2024, Procente, 114.4
Industria constructiilor metalice si a produselor din metal exclusiv masini  utilaje si instalatii, Luna octombrie 2024, Procente, 119.9
Industria constructiilor metalice si a produselor din metal exclusiv masini  utilaje si instalatii, Luna noiembrie 2024, Procente, 114.4
Industria constructiilor metalice si a produselor din metal exclusiv masini  utilaje si instalatii, Luna decembrie 2024, Procente, 85.1
Industria constructiilor metalice si a produselor din metal exclusiv masini  utilaje si instalatii, Luna ianuarie 2025, Procente, 93.8
Industria constructiilor metalice si a produselor din metal exclusiv masini  utilaje si instalatii, Luna februarie 2025, Procente, 111.1
Fabricarea calculatoarelor si a produselor electronice si optice, Luna ianuarie 2005, Procente, 29.6
Fabricarea calculatoarelor si a produselor electronice si optice, Luna februarie 2005, Procente, 31.6
Fabricarea calculatoarelor si a produselor electronice si optice, Luna martie 2005, Procente, 34.4
Fabricarea calculatoarelor si a produselor electronice si optice, Luna aprilie 2005, Procente, 35
Fabricarea calculatoarelor si a produselor electronice si optice, Luna mai 2005, Procente, 31.6
Fabricarea calculatoarelor si a produselor electronice si optice, Luna iunie 2005, Procente, 36.8
Fabricarea calculatoarelor si a produselor electronice si optice, Luna iulie 2005, Procente, 40.3
Fabricarea calculatoarelor si a produselor electronice si optice, Luna august 2005, Procente, 31.2
Fabricarea calculatoarelor si a produselor electronice si optice, Luna septembrie 2005, Procente, 43
Fabricarea calculatoarelor si a produselor electronice si optice, Luna octombrie 2005, Procente, 39.7
Fabricarea calculatoarelor si a produselor electronice si optice, Luna noiembrie 2005, Procente, 46.2
Fabricarea calculatoarelor si a produselor electronice si optice, Luna decembrie 2005, Procente, 39.1
Fabricarea calculatoarelor si a produselor electronice si optice, Luna ianuarie 2006, Procente, 39.8
Fabricarea calculatoarelor si a produselor electronice si optice, Luna februarie 2006, Procente, 43
Fabricarea calculatoarelor si a produselor electronice si optice, Luna martie 2006, Procente, 43.8
Fabricarea calculatoarelor si a produselor electronice si optice, Luna aprilie 2006, Procente, 37.4
Fabricarea calculatoarelor si a produselor electronice si optice, Luna mai 2006, Procente, 47
Fabricarea calculatoarelor si a produselor electronice si optice, Luna iunie 2006, Procente, 50.7
Fabricarea calculatoarelor si a produselor electronice si optice, Luna iulie 2006, Procente, 38.6
Fabricarea calculatoarelor si a produselor electronice si optice, Luna august 2006, Procente, 38.6
Fabricarea calculatoarelor si a produselor electronice si optice, Luna septembrie 2006, Procente, 68.3
Fabricarea calculatoarelor si a produselor electronice si optice, Luna octombrie 2006, Procente, 54.8
Fabricarea calculatoarelor si a produselor electronice si optice, Luna noiembrie 2006, Procente, 58.8
Fabricarea calculatoarelor si a produselor electronice si optice, Luna decembrie 2006, Procente, 67.1
Fabricarea calculatoarelor si a produselor electronice si optice, Luna ianuarie 2007, Procente, 45.1
Fabricarea calculatoarelor si a produselor electronice si optice, Luna februarie 2007, Procente, 45.2
Fabricarea calculatoarelor si a produselor electronice si optice, Luna martie 2007, Procente, 54.7
Fabricarea calculatoarelor si a produselor electronice si optice, Luna aprilie 2007, Procente, 38.9
Fabricarea calculatoarelor si a produselor electronice si optice, Luna mai 2007, Procente, 41.6
Fabricarea calculatoarelor si a produselor electronice si optice, Luna iunie 2007, Procente, 43.8
Fabricarea calculatoarelor si a produselor electronice si optice, Luna iulie 2007, Procente, 46.1
Fabricarea calculatoarelor si a produselor electronice si optice, Luna august 2007, Procente, 42
Fabricarea calculatoarelor si a produselor electronice si optice, Luna septembrie 2007, Procente, 55.4
Fabricarea calculatoarelor si a produselor electronice si optice, Luna octombrie 2007, Procente, 55.6
Fabricarea calculatoarelor si a produselor electronice si optice, Luna noiembrie 2007, Procente, 56
Fabricarea calculatoarelor si a produselor electronice si optice, Luna decembrie 2007, Procente, 50.9
Fabricarea calculatoarelor si a produselor electronice si optice, Luna ianuarie 2008, Procente, 41.4
Fabricarea calculatoarelor si a produselor electronice si optice, Luna februarie 2008, Procente, 50.1
Fabricarea calculatoarelor si a produselor electronice si optice, Luna martie 2008, Procente, 48.2
Fabricarea calculatoarelor si a produselor electronice si optice, Luna aprilie 2008, Procente, 48.7
Fabricarea calculatoarelor si a produselor electronice si optice, Luna mai 2008, Procente, 52.9
Fabricarea calculatoarelor si a produselor electronice si optice, Luna iunie 2008, Procente, 50.1
Fabricarea calculatoarelor si a produselor electronice si optice, Luna iulie 2008, Procente, 50.3
Fabricarea calculatoarelor si a produselor electronice si optice, Luna august 2008, Procente, 41.5
Fabricarea calculatoarelor si a produselor electronice si optice, Luna septembrie 2008, Procente, 46.6
Fabricarea calculatoarelor si a produselor electronice si optice, Luna octombrie 2008, Procente, 63.5
Fabricarea calculatoarelor si a produselor electronice si optice, Luna noiembrie 2008, Procente, 53.9
Fabricarea calculatoarelor si a produselor electronice si optice, Luna decembrie 2008, Procente, 54.8
Fabricarea calculatoarelor si a produselor electronice si optice, Luna ianuarie 2009, Procente, 32
Fabricarea calculatoarelor si a produselor electronice si optice, Luna februarie 2009, Procente, 44.6
Fabricarea calculatoarelor si a produselor electronice si optice, Luna martie 2009, Procente, 47.8
Fabricarea calculatoarelor si a produselor electronice si optice, Luna aprilie 2009, Procente, 38.3
Fabricarea calculatoarelor si a produselor electronice si optice, Luna mai 2009, Procente, 37.7
Fabricarea calculatoarelor si a produselor electronice si optice, Luna iunie 2009, Procente, 41.7
Fabricarea calculatoarelor si a produselor electronice si optice, Luna iulie 2009, Procente, 33.6
Fabricarea calculatoarelor si a produselor electronice si optice, Luna august 2009, Procente, 27.4
Fabricarea calculatoarelor si a produselor electronice si optice, Luna septembrie 2009, Procente, 35.3
Fabricarea calculatoarelor si a produselor electronice si optice, Luna octombrie 2009, Procente, 37.5
Fabricarea calculatoarelor si a produselor electronice si optice, Luna noiembrie 2009, Procente, 38.1
Fabricarea calculatoarelor si a produselor electronice si optice, Luna decembrie 2009, Procente, 40.8
Fabricarea calculatoarelor si a produselor electronice si optice, Luna ianuarie 2010, Procente, 26.5
Fabricarea calculatoarelor si a produselor electronice si optice, Luna februarie 2010, Procente, 34.7
Fabricarea calculatoarelor si a produselor electronice si optice, Luna martie 2010, Procente, 36.9
Fabricarea calculatoarelor si a produselor electronice si optice, Luna aprilie 2010, Procente, 31
Fabricarea calculatoarelor si a produselor electronice si optice, Luna mai 2010, Procente, 31.7
Fabricarea calculatoarelor si a produselor electronice si optice, Luna iunie 2010, Procente, 38.5
Fabricarea calculatoarelor si a produselor electronice si optice, Luna iulie 2010, Procente, 41
Fabricarea calculatoarelor si a produselor electronice si optice, Luna august 2010, Procente, 27.2
Fabricarea calculatoarelor si a produselor electronice si optice, Luna septembrie 2010, Procente, 42.8
Fabricarea calculatoarelor si a produselor electronice si optice, Luna octombrie 2010, Procente, 49.6
Fabricarea calculatoarelor si a produselor electronice si optice, Luna noiembrie 2010, Procente, 46.1
Fabricarea calculatoarelor si a produselor electronice si optice, Luna decembrie 2010, Procente, 47.9
Fabricarea calculatoarelor si a produselor electronice si optice, Luna ianuarie 2011, Procente, 31.3
Fabricarea calculatoarelor si a produselor electronice si optice, Luna februarie 2011, Procente, 31.2
Fabricarea calculatoarelor si a produselor electronice si optice, Luna martie 2011, Procente, 37.2
Fabricarea calculatoarelor si a produselor electronice si optice, Luna aprilie 2011, Procente, 34.4
Fabricarea calculatoarelor si a produselor electronice si optice, Luna mai 2011, Procente, 36
Fabricarea calculatoarelor si a produselor electronice si optice, Luna iunie 2011, Procente, 31.7
Fabricarea calculatoarelor si a produselor electronice si optice, Luna iulie 2011, Procente, 32.9
Fabricarea calculatoarelor si a produselor electronice si optice, Luna august 2011, Procente, 26
Fabricarea calculatoarelor si a produselor electronice si optice, Luna septembrie 2011, Procente, 33.3
Fabricarea calculatoarelor si a produselor electronice si optice, Luna octombrie 2011, Procente, 32.4
Fabricarea calculatoarelor si a produselor electronice si optice, Luna noiembrie 2011, Procente, 36.7
Fabricarea calculatoarelor si a produselor electronice si optice, Luna decembrie 2011, Procente, 33.9
Fabricarea calculatoarelor si a produselor electronice si optice, Luna ianuarie 2012, Procente, 34.4
Fabricarea calculatoarelor si a produselor electronice si optice, Luna februarie 2012, Procente, 33.5
Fabricarea calculatoarelor si a produselor electronice si optice, Luna martie 2012, Procente, 37.2
Fabricarea calculatoarelor si a produselor electronice si optice, Luna aprilie 2012, Procente, 31.3
Fabricarea calculatoarelor si a produselor electronice si optice, Luna mai 2012, Procente, 37.7
Fabricarea calculatoarelor si a produselor electronice si optice, Luna iunie 2012, Procente, 33.7
Fabricarea calculatoarelor si a produselor electronice si optice, Luna iulie 2012, Procente, 29.8
Fabricarea calculatoarelor si a produselor electronice si optice, Luna august 2012, Procente, 37.9
Fabricarea calculatoarelor si a produselor electronice si optice, Luna septembrie 2012, Procente, 43.7
Fabricarea calculatoarelor si a produselor electronice si optice, Luna octombrie 2012, Procente, 43.9
Fabricarea calculatoarelor si a produselor electronice si optice, Luna noiembrie 2012, Procente, 39
Fabricarea calculatoarelor si a produselor electronice si optice, Luna decembrie 2012, Procente, 41
Fabricarea calculatoarelor si a produselor electronice si optice, Luna ianuarie 2013, Procente, 31.1
Fabricarea calculatoarelor si a produselor electronice si optice, Luna februarie 2013, Procente, 36.8
Fabricarea calculatoarelor si a produselor electronice si optice, Luna martie 2013, Procente, 33.2
Fabricarea calculatoarelor si a produselor electronice si optice, Luna aprilie 2013, Procente, 35.4
Fabricarea calculatoarelor si a produselor electronice si optice, Luna mai 2013, Procente, 32.5
Fabricarea calculatoarelor si a produselor electronice si optice, Luna iunie 2013, Procente, 32.9
Fabricarea calculatoarelor si a produselor electronice si optice, Luna iulie 2013, Procente, 42.1
Fabricarea calculatoarelor si a produselor electronice si optice, Luna august 2013, Procente, 28.4
Fabricarea calculatoarelor si a produselor electronice si optice, Luna septembrie 2013, Procente, 44.9
Fabricarea calculatoarelor si a produselor electronice si optice, Luna octombrie 2013, Procente, 50.8
Fabricarea calculatoarelor si a produselor electronice si optice, Luna noiembrie 2013, Procente, 49.1
Fabricarea calculatoarelor si a produselor electronice si optice, Luna decembrie 2013, Procente, 39.1
Fabricarea calculatoarelor si a produselor electronice si optice, Luna ianuarie 2014, Procente, 37
Fabricarea calculatoarelor si a produselor electronice si optice, Luna februarie 2014, Procente, 44.6
Fabricarea calculatoarelor si a produselor electronice si optice, Luna martie 2014, Procente, 55.7
Fabricarea calculatoarelor si a produselor electronice si optice, Luna aprilie 2014, Procente, 53.8
Fabricarea calculatoarelor si a produselor electronice si optice, Luna mai 2014, Procente, 65.1
Fabricarea calculatoarelor si a produselor electronice si optice, Luna iunie 2014, Procente, 68.3
Fabricarea calculatoarelor si a produselor electronice si optice, Luna iulie 2014, Procente, 77.1
Fabricarea calculatoarelor si a produselor electronice si optice, Luna august 2014, Procente, 44.7
Fabricarea calculatoarelor si a produselor electronice si optice, Luna septembrie 2014, Procente, 72.7
Fabricarea calculatoarelor si a produselor electronice si optice, Luna octombrie 2014, Procente, 65.8
Fabricarea calculatoarelor si a produselor electronice si optice, Luna noiembrie 2014, Procente, 63.2
Fabricarea calculatoarelor si a produselor electronice si optice, Luna decembrie 2014, Procente, 54.2
Fabricarea calculatoarelor si a produselor electronice si optice, Luna ianuarie 2015, Procente, 54.9
Fabricarea calculatoarelor si a produselor electronice si optice, Luna februarie 2015, Procente, 57.4
Fabricarea calculatoarelor si a produselor electronice si optice, Luna martie 2015, Procente, 66.9
Fabricarea calculatoarelor si a produselor electronice si optice, Luna aprilie 2015, Procente, 58.2
Fabricarea calculatoarelor si a produselor electronice si optice, Luna mai 2015, Procente, 59.6
Fabricarea calculatoarelor si a produselor electronice si optice, Luna iunie 2015, Procente, 63.7
Fabricarea calculatoarelor si a produselor electronice si optice, Luna iulie 2015, Procente, 58
Fabricarea calculatoarelor si a produselor electronice si optice, Luna august 2015, Procente, 53.6
Fabricarea calculatoarelor si a produselor electronice si optice, Luna septembrie 2015, Procente, 64.1
Fabricarea calculatoarelor si a produselor electronice si optice, Luna octombrie 2015, Procente, 65.1
Fabricarea calculatoarelor si a produselor electronice si optice, Luna noiembrie 2015, Procente, 63.4
Fabricarea calculatoarelor si a produselor electronice si optice, Luna decembrie 2015, Procente, 62.5
Fabricarea calculatoarelor si a produselor electronice si optice, Luna ianuarie 2016, Procente, 66.1
Fabricarea calculatoarelor si a produselor electronice si optice, Luna februarie 2016, Procente, 71.8
Fabricarea calculatoarelor si a produselor electronice si optice, Luna martie 2016, Procente, 79.5
Fabricarea calculatoarelor si a produselor electronice si optice, Luna aprilie 2016, Procente, 65.1
Fabricarea calculatoarelor si a produselor electronice si optice, Luna mai 2016, Procente, 66.5
Fabricarea calculatoarelor si a produselor electronice si optice, Luna iunie 2016, Procente, 72.7
Fabricarea calculatoarelor si a produselor electronice si optice, Luna iulie 2016, Procente, 68.7
Fabricarea calculatoarelor si a produselor electronice si optice, Luna august 2016, Procente, 65
Fabricarea calculatoarelor si a produselor electronice si optice, Luna septembrie 2016, Procente, 87.5
Fabricarea calculatoarelor si a produselor electronice si optice, Luna octombrie 2016, Procente, 72.6
Fabricarea calculatoarelor si a produselor electronice si optice, Luna noiembrie 2016, Procente, 77.6
Fabricarea calculatoarelor si a produselor electronice si optice, Luna decembrie 2016, Procente, 73.9
Fabricarea calculatoarelor si a produselor electronice si optice, Luna ianuarie 2017, Procente, 70.9
Fabricarea calculatoarelor si a produselor electronice si optice, Luna februarie 2017, Procente, 79.5
Fabricarea calculatoarelor si a produselor electronice si optice, Luna martie 2017, Procente, 88.3
Fabricarea calculatoarelor si a produselor electronice si optice, Luna aprilie 2017, Procente, 78.8
Fabricarea calculatoarelor si a produselor electronice si optice, Luna mai 2017, Procente, 92.8
Fabricarea calculatoarelor si a produselor electronice si optice, Luna iunie 2017, Procente, 89.7
Fabricarea calculatoarelor si a produselor electronice si optice, Luna iulie 2017, Procente, 82.3
Fabricarea calculatoarelor si a produselor electronice si optice, Luna august 2017, Procente, 82.6
Fabricarea calculatoarelor si a produselor electronice si optice, Luna septembrie 2017, Procente, 98.1
Fabricarea calculatoarelor si a produselor electronice si optice, Luna octombrie 2017, Procente, 95.9
Fabricarea calculatoarelor si a produselor electronice si optice, Luna noiembrie 2017, Procente, 95
Fabricarea calculatoarelor si a produselor electronice si optice, Luna decembrie 2017, Procente, 81.2
Fabricarea calculatoarelor si a produselor electronice si optice, Luna ianuarie 2018, Procente, 81.5
Fabricarea calculatoarelor si a produselor electronice si optice, Luna februarie 2018, Procente, 87.8
Fabricarea calculatoarelor si a produselor electronice si optice, Luna martie 2018, Procente, 97.3
Fabricarea calculatoarelor si a produselor electronice si optice, Luna aprilie 2018, Procente, 76.1
Fabricarea calculatoarelor si a produselor electronice si optice, Luna mai 2018, Procente, 87.3
Fabricarea calculatoarelor si a produselor electronice si optice, Luna iunie 2018, Procente, 91
Fabricarea calculatoarelor si a produselor electronice si optice, Luna iulie 2018, Procente, 88.2
Fabricarea calculatoarelor si a produselor electronice si optice, Luna august 2018, Procente, 83.5
Fabricarea calculatoarelor si a produselor electronice si optice, Luna septembrie 2018, Procente, 95.3
Fabricarea calculatoarelor si a produselor electronice si optice, Luna octombrie 2018, Procente, 101.5
Fabricarea calculatoarelor si a produselor electronice si optice, Luna noiembrie 2018, Procente, 100.8
Fabricarea calculatoarelor si a produselor electronice si optice, Luna decembrie 2018, Procente, 84.5
Fabricarea calculatoarelor si a produselor electronice si optice, Luna ianuarie 2019, Procente, 79.7
Fabricarea calculatoarelor si a produselor electronice si optice, Luna februarie 2019, Procente, 90.3
Fabricarea calculatoarelor si a produselor electronice si optice, Luna martie 2019, Procente, 102.5
Fabricarea calculatoarelor si a produselor electronice si optice, Luna aprilie 2019, Procente, 83.8
Fabricarea calculatoarelor si a produselor electronice si optice, Luna mai 2019, Procente, 89.4
Fabricarea calculatoarelor si a produselor electronice si optice, Luna iunie 2019, Procente, 83.4
Fabricarea calculatoarelor si a produselor electronice si optice, Luna iulie 2019, Procente, 84.4
Fabricarea calculatoarelor si a produselor electronice si optice, Luna august 2019, Procente, 88.6
Fabricarea calculatoarelor si a produselor electronice si optice, Luna septembrie 2019, Procente, 99.6
Fabricarea calculatoarelor si a produselor electronice si optice, Luna octombrie 2019, Procente, 98.3
Fabricarea calculatoarelor si a produselor electronice si optice, Luna noiembrie 2019, Procente, 110.4
Fabricarea calculatoarelor si a produselor electronice si optice, Luna decembrie 2019, Procente, 77.5
Fabricarea calculatoarelor si a produselor electronice si optice, Luna ianuarie 2020, Procente, 81.7
Fabricarea calculatoarelor si a produselor electronice si optice, Luna februarie 2020, Procente, 93.6
Fabricarea calculatoarelor si a produselor electronice si optice, Luna martie 2020, Procente, 100.8
Fabricarea calculatoarelor si a produselor electronice si optice, Luna aprilie 2020, Procente, 73.8
Fabricarea calculatoarelor si a produselor electronice si optice, Luna mai 2020, Procente, 73
Fabricarea calculatoarelor si a produselor electronice si optice, Luna iunie 2020, Procente, 87.5
Fabricarea calculatoarelor si a produselor electronice si optice, Luna iulie 2020, Procente, 94.6
Fabricarea calculatoarelor si a produselor electronice si optice, Luna august 2020, Procente, 81.1
Fabricarea calculatoarelor si a produselor electronice si optice, Luna septembrie 2020, Procente, 99.4
Fabricarea calculatoarelor si a produselor electronice si optice, Luna octombrie 2020, Procente, 106.7
Fabricarea calculatoarelor si a produselor electronice si optice, Luna noiembrie 2020, Procente, 98.6
Fabricarea calculatoarelor si a produselor electronice si optice, Luna decembrie 2020, Procente, 89.6
Fabricarea calculatoarelor si a produselor electronice si optice, Luna ianuarie 2021, Procente, 90.1
Fabricarea calculatoarelor si a produselor electronice si optice, Luna februarie 2021, Procente, 97.7
Fabricarea calculatoarelor si a produselor electronice si optice, Luna martie 2021, Procente, 112.7
Fabricarea calculatoarelor si a produselor electronice si optice, Luna aprilie 2021, Procente, 101
Fabricarea calculatoarelor si a produselor electronice si optice, Luna mai 2021, Procente, 93.8
Fabricarea calculatoarelor si a produselor electronice si optice, Luna iunie 2021, Procente, 97
Fabricarea calculatoarelor si a produselor electronice si optice, Luna iulie 2021, Procente, 103.4
Fabricarea calculatoarelor si a produselor electronice si optice, Luna august 2021, Procente, 90.7
Fabricarea calculatoarelor si a produselor electronice si optice, Luna septembrie 2021, Procente, 108.6
Fabricarea calculatoarelor si a produselor electronice si optice, Luna octombrie 2021, Procente, 103.5
Fabricarea calculatoarelor si a produselor electronice si optice, Luna noiembrie 2021, Procente, 100.1
Fabricarea calculatoarelor si a produselor electronice si optice, Luna decembrie 2021, Procente, 101.3
Fabricarea calculatoarelor si a produselor electronice si optice, Luna ianuarie 2022, Procente, 92.9
Fabricarea calculatoarelor si a produselor electronice si optice, Luna februarie 2022, Procente, 98.5
Fabricarea calculatoarelor si a produselor electronice si optice, Luna martie 2022, Procente, 111.5
Fabricarea calculatoarelor si a produselor electronice si optice, Luna aprilie 2022, Procente, 93.5
Fabricarea calculatoarelor si a produselor electronice si optice, Luna mai 2022, Procente, 107.5
Fabricarea calculatoarelor si a produselor electronice si optice, Luna iunie 2022, Procente, 105.4
Fabricarea calculatoarelor si a produselor electronice si optice, Luna iulie 2022, Procente, 101.6
Fabricarea calculatoarelor si a produselor electronice si optice, Luna august 2022, Procente, 97.1
Fabricarea calculatoarelor si a produselor electronice si optice, Luna septembrie 2022, Procente, 113.7
Fabricarea calculatoarelor si a produselor electronice si optice, Luna octombrie 2022, Procente, 112.8
Fabricarea calculatoarelor si a produselor electronice si optice, Luna noiembrie 2022, Procente, 115.9
Fabricarea calculatoarelor si a produselor electronice si optice, Luna decembrie 2022, Procente, 111.9
Fabricarea calculatoarelor si a produselor electronice si optice, Luna ianuarie 2023, Procente, 105.5
Fabricarea calculatoarelor si a produselor electronice si optice, Luna februarie 2023, Procente, 117.3
Fabricarea calculatoarelor si a produselor electronice si optice, Luna martie 2023, Procente, 123.2
Fabricarea calculatoarelor si a produselor electronice si optice, Luna aprilie 2023, Procente, 110.6
Fabricarea calculatoarelor si a produselor electronice si optice, Luna mai 2023, Procente, 124.3
Fabricarea calculatoarelor si a produselor electronice si optice, Luna iunie 2023, Procente, 119.1
Fabricarea calculatoarelor si a produselor electronice si optice, Luna iulie 2023, Procente, 112.6
Fabricarea calculatoarelor si a produselor electronice si optice, Luna august 2023, Procente, 103.3
Fabricarea calculatoarelor si a produselor electronice si optice, Luna septembrie 2023, Procente, 140.7
Fabricarea calculatoarelor si a produselor electronice si optice, Luna octombrie 2023, Procente, 113.3
Fabricarea calculatoarelor si a produselor electronice si optice, Luna noiembrie 2023, Procente, 118.1
Fabricarea calculatoarelor si a produselor electronice si optice, Luna decembrie 2023, Procente, 103.7
Fabricarea calculatoarelor si a produselor electronice si optice, Luna ianuarie 2024, Procente, 101
Fabricarea calculatoarelor si a produselor electronice si optice, Luna februarie 2024, Procente, 108.7
Fabricarea calculatoarelor si a produselor electronice si optice, Luna martie 2024, Procente, 119
Fabricarea calculatoarelor si a produselor electronice si optice, Luna aprilie 2024, Procente, 113.8
Fabricarea calculatoarelor si a produselor electronice si optice, Luna mai 2024, Procente, 100.6
Fabricarea calculatoarelor si a produselor electronice si optice, Luna iunie 2024, Procente, 98.2
Fabricarea calculatoarelor si a produselor electronice si optice, Luna iulie 2024, Procente, 101.9
Fabricarea calculatoarelor si a produselor electronice si optice, Luna august 2024, Procente, 89.2
Fabricarea calculatoarelor si a produselor electronice si optice, Luna septembrie 2024, Procente, 112.1
Fabricarea calculatoarelor si a produselor electronice si optice, Luna octombrie 2024, Procente, 112.3
Fabricarea calculatoarelor si a produselor electronice si optice, Luna noiembrie 2024, Procente, 99.6
Fabricarea calculatoarelor si a produselor electronice si optice, Luna decembrie 2024, Procente, 92.7
Fabricarea calculatoarelor si a produselor electronice si optice, Luna ianuarie 2025, Procente, 91.3
Fabricarea calculatoarelor si a produselor electronice si optice, Luna februarie 2025, Procente, 105.3
Fabricarea echipamentelor electrice, Luna ianuarie 2005, Procente, 13.4
Fabricarea echipamentelor electrice, Luna februarie 2005, Procente, 13.3
Fabricarea echipamentelor electrice, Luna martie 2005, Procente, 15.8
Fabricarea echipamentelor electrice, Luna aprilie 2005, Procente, 14.2
Fabricarea echipamentelor electrice, Luna mai 2005, Procente, 13.3
Fabricarea echipamentelor electrice, Luna iunie 2005, Procente, 14.9
Fabricarea echipamentelor electrice, Luna iulie 2005, Procente, 14.6
Fabricarea echipamentelor electrice, Luna august 2005, Procente, 13.6
Fabricarea echipamentelor electrice, Luna septembrie 2005, Procente, 15.8
Fabricarea echipamentelor electrice, Luna octombrie 2005, Procente, 17.2
Fabricarea echipamentelor electrice, Luna noiembrie 2005, Procente, 16.8
Fabricarea echipamentelor electrice, Luna decembrie 2005, Procente, 14.7
Fabricarea echipamentelor electrice, Luna ianuarie 2006, Procente, 14.4
Fabricarea echipamentelor electrice, Luna februarie 2006, Procente, 17.1
Fabricarea echipamentelor electrice, Luna martie 2006, Procente, 19.9
Fabricarea echipamentelor electrice, Luna aprilie 2006, Procente, 16.7
Fabricarea echipamentelor electrice, Luna mai 2006, Procente, 20.4
Fabricarea echipamentelor electrice, Luna iunie 2006, Procente, 22.3
Fabricarea echipamentelor electrice, Luna iulie 2006, Procente, 19.9
Fabricarea echipamentelor electrice, Luna august 2006, Procente, 19.6
Fabricarea echipamentelor electrice, Luna septembrie 2006, Procente, 22.3
Fabricarea echipamentelor electrice, Luna octombrie 2006, Procente, 23.5
Fabricarea echipamentelor electrice, Luna noiembrie 2006, Procente, 23.4
Fabricarea echipamentelor electrice, Luna decembrie 2006, Procente, 18.9
Fabricarea echipamentelor electrice, Luna ianuarie 2007, Procente, 18.9
Fabricarea echipamentelor electrice, Luna februarie 2007, Procente, 20.8
Fabricarea echipamentelor electrice, Luna martie 2007, Procente, 22.5
Fabricarea echipamentelor electrice, Luna aprilie 2007, Procente, 18.6
Fabricarea echipamentelor electrice, Luna mai 2007, Procente, 21.2
Fabricarea echipamentelor electrice, Luna iunie 2007, Procente, 20.2
Fabricarea echipamentelor electrice, Luna iulie 2007, Procente, 19.8
Fabricarea echipamentelor electrice, Luna august 2007, Procente, 20.5
Fabricarea echipamentelor electrice, Luna septembrie 2007, Procente, 20.3
Fabricarea echipamentelor electrice, Luna octombrie 2007, Procente, 24
Fabricarea echipamentelor electrice, Luna noiembrie 2007, Procente, 24.7
Fabricarea echipamentelor electrice, Luna decembrie 2007, Procente, 18.3
Fabricarea echipamentelor electrice, Luna ianuarie 2008, Procente, 20.7
Fabricarea echipamentelor electrice, Luna februarie 2008, Procente, 24.2
Fabricarea echipamentelor electrice, Luna martie 2008, Procente, 23.4
Fabricarea echipamentelor electrice, Luna aprilie 2008, Procente, 24.7
Fabricarea echipamentelor electrice, Luna mai 2008, Procente, 26.1
Fabricarea echipamentelor electrice, Luna iunie 2008, Procente, 25.2
Fabricarea echipamentelor electrice, Luna iulie 2008, Procente, 24.3
Fabricarea echipamentelor electrice, Luna august 2008, Procente, 21
Fabricarea echipamentelor electrice, Luna septembrie 2008, Procente, 25.2
Fabricarea echipamentelor electrice, Luna octombrie 2008, Procente, 25.9
Fabricarea echipamentelor electrice, Luna noiembrie 2008, Procente, 22.3
Fabricarea echipamentelor electrice, Luna decembrie 2008, Procente, 14.1
Fabricarea echipamentelor electrice, Luna ianuarie 2009, Procente, 20.8
Fabricarea echipamentelor electrice, Luna februarie 2009, Procente, 24
Fabricarea echipamentelor electrice, Luna martie 2009, Procente, 22.4
Fabricarea echipamentelor electrice, Luna aprilie 2009, Procente, 24.4
Fabricarea echipamentelor electrice, Luna mai 2009, Procente, 27.1
Fabricarea echipamentelor electrice, Luna iunie 2009, Procente, 28.6
Fabricarea echipamentelor electrice, Luna iulie 2009, Procente, 28.5
Fabricarea echipamentelor electrice, Luna august 2009, Procente, 28.5
Fabricarea echipamentelor electrice, Luna septembrie 2009, Procente, 30
Fabricarea echipamentelor electrice, Luna octombrie 2009, Procente, 31.5
Fabricarea echipamentelor electrice, Luna noiembrie 2009, Procente, 31
Fabricarea echipamentelor electrice, Luna decembrie 2009, Procente, 24.7
Fabricarea echipamentelor electrice, Luna ianuarie 2010, Procente, 24.9
Fabricarea echipamentelor electrice, Luna februarie 2010, Procente, 28
Fabricarea echipamentelor electrice, Luna martie 2010, Procente, 35.8
Fabricarea echipamentelor electrice, Luna aprilie 2010, Procente, 35.6
Fabricarea echipamentelor electrice, Luna mai 2010, Procente, 34.5
Fabricarea echipamentelor electrice, Luna iunie 2010, Procente, 35.7
Fabricarea echipamentelor electrice, Luna iulie 2010, Procente, 38.4
Fabricarea echipamentelor electrice, Luna august 2010, Procente, 34.6
Fabricarea echipamentelor electrice, Luna septembrie 2010, Procente, 40.5
Fabricarea echipamentelor electrice, Luna octombrie 2010, Procente, 39.6
Fabricarea echipamentelor electrice, Luna noiembrie 2010, Procente, 42.5
Fabricarea echipamentelor electrice, Luna decembrie 2010, Procente, 33.1
Fabricarea echipamentelor electrice, Luna ianuarie 2011, Procente, 35.4
Fabricarea echipamentelor electrice, Luna februarie 2011, Procente, 41.1
Fabricarea echipamentelor electrice, Luna martie 2011, Procente, 42.6
Fabricarea echipamentelor electrice, Luna aprilie 2011, Procente, 37
Fabricarea echipamentelor electrice, Luna mai 2011, Procente, 43.4
Fabricarea echipamentelor electrice, Luna iunie 2011, Procente, 42.2
Fabricarea echipamentelor electrice, Luna iulie 2011, Procente, 42.2
Fabricarea echipamentelor electrice, Luna august 2011, Procente, 38.2
Fabricarea echipamentelor electrice, Luna septembrie 2011, Procente, 44.1
Fabricarea echipamentelor electrice, Luna octombrie 2011, Procente, 44.1
Fabricarea echipamentelor electrice, Luna noiembrie 2011, Procente, 45.1
Fabricarea echipamentelor electrice, Luna decembrie 2011, Procente, 32.9
Fabricarea echipamentelor electrice, Luna ianuarie 2012, Procente, 37
Fabricarea echipamentelor electrice, Luna februarie 2012, Procente, 40.2
Fabricarea echipamentelor electrice, Luna martie 2012, Procente, 43.7
Fabricarea echipamentelor electrice, Luna aprilie 2012, Procente, 37.4
Fabricarea echipamentelor electrice, Luna mai 2012, Procente, 42.9
Fabricarea echipamentelor electrice, Luna iunie 2012, Procente, 43
Fabricarea echipamentelor electrice, Luna iulie 2012, Procente, 43.6
Fabricarea echipamentelor electrice, Luna august 2012, Procente, 35.9
Fabricarea echipamentelor electrice, Luna septembrie 2012, Procente, 42.6
Fabricarea echipamentelor electrice, Luna octombrie 2012, Procente, 46.3
Fabricarea echipamentelor electrice, Luna noiembrie 2012, Procente, 43.7
Fabricarea echipamentelor electrice, Luna decembrie 2012, Procente, 30.4
Fabricarea echipamentelor electrice, Luna ianuarie 2013, Procente, 42.5
Fabricarea echipamentelor electrice, Luna februarie 2013, Procente, 48.3
Fabricarea echipamentelor electrice, Luna martie 2013, Procente, 49.8
Fabricarea echipamentelor electrice, Luna aprilie 2013, Procente, 55.3
Fabricarea echipamentelor electrice, Luna mai 2013, Procente, 44
Fabricarea echipamentelor electrice, Luna iunie 2013, Procente, 50.4
Fabricarea echipamentelor electrice, Luna iulie 2013, Procente, 53.1
Fabricarea echipamentelor electrice, Luna august 2013, Procente, 40.5
Fabricarea echipamentelor electrice, Luna septembrie 2013, Procente, 54.3
Fabricarea echipamentelor electrice, Luna octombrie 2013, Procente, 55.7
Fabricarea echipamentelor electrice, Luna noiembrie 2013, Procente, 54.4
Fabricarea echipamentelor electrice, Luna decembrie 2013, Procente, 35.6
Fabricarea echipamentelor electrice, Luna ianuarie 2014, Procente, 52.8
Fabricarea echipamentelor electrice, Luna februarie 2014, Procente, 57.7
Fabricarea echipamentelor electrice, Luna martie 2014, Procente, 58.9
Fabricarea echipamentelor electrice, Luna aprilie 2014, Procente, 55.6
Fabricarea echipamentelor electrice, Luna mai 2014, Procente, 58.3
Fabricarea echipamentelor electrice, Luna iunie 2014, Procente, 56.4
Fabricarea echipamentelor electrice, Luna iulie 2014, Procente, 58
Fabricarea echipamentelor electrice, Luna august 2014, Procente, 43
Fabricarea echipamentelor electrice, Luna septembrie 2014, Procente, 59.5
Fabricarea echipamentelor electrice, Luna octombrie 2014, Procente, 63.3
Fabricarea echipamentelor electrice, Luna noiembrie 2014, Procente, 58.6
Fabricarea echipamentelor electrice, Luna decembrie 2014, Procente, 42.2
Fabricarea echipamentelor electrice, Luna ianuarie 2015, Procente, 54
Fabricarea echipamentelor electrice, Luna februarie 2015, Procente, 55
Fabricarea echipamentelor electrice, Luna martie 2015, Procente, 56.9
Fabricarea echipamentelor electrice, Luna aprilie 2015, Procente, 52
Fabricarea echipamentelor electrice, Luna mai 2015, Procente, 57.2
Fabricarea echipamentelor electrice, Luna iunie 2015, Procente, 60.8
Fabricarea echipamentelor electrice, Luna iulie 2015, Procente, 64.6
Fabricarea echipamentelor electrice, Luna august 2015, Procente, 52.8
Fabricarea echipamentelor electrice, Luna septembrie 2015, Procente, 69.4
Fabricarea echipamentelor electrice, Luna octombrie 2015, Procente, 71.6
Fabricarea echipamentelor electrice, Luna noiembrie 2015, Procente, 67.5
Fabricarea echipamentelor electrice, Luna decembrie 2015, Procente, 55.9
Fabricarea echipamentelor electrice, Luna ianuarie 2016, Procente, 59
Fabricarea echipamentelor electrice, Luna februarie 2016, Procente, 62.4
Fabricarea echipamentelor electrice, Luna martie 2016, Procente, 69
Fabricarea echipamentelor electrice, Luna aprilie 2016, Procente, 66.9
Fabricarea echipamentelor electrice, Luna mai 2016, Procente, 70.3
Fabricarea echipamentelor electrice, Luna iunie 2016, Procente, 71.6
Fabricarea echipamentelor electrice, Luna iulie 2016, Procente, 67.2
Fabricarea echipamentelor electrice, Luna august 2016, Procente, 64.2
Fabricarea echipamentelor electrice, Luna septembrie 2016, Procente, 78.9
Fabricarea echipamentelor electrice, Luna octombrie 2016, Procente, 75.5
Fabricarea echipamentelor electrice, Luna noiembrie 2016, Procente, 71
Fabricarea echipamentelor electrice, Luna decembrie 2016, Procente, 54.3
Fabricarea echipamentelor electrice, Luna ianuarie 2017, Procente, 61.4
Fabricarea echipamentelor electrice, Luna februarie 2017, Procente, 73.8
Fabricarea echipamentelor electrice, Luna martie 2017, Procente, 81.7
Fabricarea echipamentelor electrice, Luna aprilie 2017, Procente, 66.8
Fabricarea echipamentelor electrice, Luna mai 2017, Procente, 81.4
Fabricarea echipamentelor electrice, Luna iunie 2017, Procente, 75.4
Fabricarea echipamentelor electrice, Luna iulie 2017, Procente, 71.6
Fabricarea echipamentelor electrice, Luna august 2017, Procente, 71.8
Fabricarea echipamentelor electrice, Luna septembrie 2017, Procente, 81.4
Fabricarea echipamentelor electrice, Luna octombrie 2017, Procente, 84.4
Fabricarea echipamentelor electrice, Luna noiembrie 2017, Procente, 88
Fabricarea echipamentelor electrice, Luna decembrie 2017, Procente, 60.7
Fabricarea echipamentelor electrice, Luna ianuarie 2018, Procente, 74.5
Fabricarea echipamentelor electrice, Luna februarie 2018, Procente, 81
Fabricarea echipamentelor electrice, Luna martie 2018, Procente, 93.3
Fabricarea echipamentelor electrice, Luna aprilie 2018, Procente, 86.2
Fabricarea echipamentelor electrice, Luna mai 2018, Procente, 92.3
Fabricarea echipamentelor electrice, Luna iunie 2018, Procente, 91.7
Fabricarea echipamentelor electrice, Luna iulie 2018, Procente, 87.3
Fabricarea echipamentelor electrice, Luna august 2018, Procente, 83.3
Fabricarea echipamentelor electrice, Luna septembrie 2018, Procente, 91
Fabricarea echipamentelor electrice, Luna octombrie 2018, Procente, 103.9
Fabricarea echipamentelor electrice, Luna noiembrie 2018, Procente, 102.2
Fabricarea echipamentelor electrice, Luna decembrie 2018, Procente, 65.6
Fabricarea echipamentelor electrice, Luna ianuarie 2019, Procente, 80.6
Fabricarea echipamentelor electrice, Luna februarie 2019, Procente, 86
Fabricarea echipamentelor electrice, Luna martie 2019, Procente, 97.4
Fabricarea echipamentelor electrice, Luna aprilie 2019, Procente, 85.9
Fabricarea echipamentelor electrice, Luna mai 2019, Procente, 96.9
Fabricarea echipamentelor electrice, Luna iunie 2019, Procente, 89.3
Fabricarea echipamentelor electrice, Luna iulie 2019, Procente, 92.4
Fabricarea echipamentelor electrice, Luna august 2019, Procente, 79.5
Fabricarea echipamentelor electrice, Luna septembrie 2019, Procente, 90.2
Fabricarea echipamentelor electrice, Luna octombrie 2019, Procente, 97.2
Fabricarea echipamentelor electrice, Luna noiembrie 2019, Procente, 95.5
Fabricarea echipamentelor electrice, Luna decembrie 2019, Procente, 69.2
Fabricarea echipamentelor electrice, Luna ianuarie 2020, Procente, 92.1
Fabricarea echipamentelor electrice, Luna februarie 2020, Procente, 96.9
Fabricarea echipamentelor electrice, Luna martie 2020, Procente, 89.2
Fabricarea echipamentelor electrice, Luna aprilie 2020, Procente, 51.4
Fabricarea echipamentelor electrice, Luna mai 2020, Procente, 62.1
Fabricarea echipamentelor electrice, Luna iunie 2020, Procente, 81
Fabricarea echipamentelor electrice, Luna iulie 2020, Procente, 96.2
Fabricarea echipamentelor electrice, Luna august 2020, Procente, 81.4
Fabricarea echipamentelor electrice, Luna septembrie 2020, Procente, 101.2
Fabricarea echipamentelor electrice, Luna octombrie 2020, Procente, 110.6
Fabricarea echipamentelor electrice, Luna noiembrie 2020, Procente, 105.9
Fabricarea echipamentelor electrice, Luna decembrie 2020, Procente, 88.3
Fabricarea echipamentelor electrice, Luna ianuarie 2021, Procente, 101.1
Fabricarea echipamentelor electrice, Luna februarie 2021, Procente, 101.8
Fabricarea echipamentelor electrice, Luna martie 2021, Procente, 114.4
Fabricarea echipamentelor electrice, Luna aprilie 2021, Procente, 103.1
Fabricarea echipamentelor electrice, Luna mai 2021, Procente, 99.7
Fabricarea echipamentelor electrice, Luna iunie 2021, Procente, 100.1
Fabricarea echipamentelor electrice, Luna iulie 2021, Procente, 96
Fabricarea echipamentelor electrice, Luna august 2021, Procente, 85.1
Fabricarea echipamentelor electrice, Luna septembrie 2021, Procente, 101.4
Fabricarea echipamentelor electrice, Luna octombrie 2021, Procente, 101.4
Fabricarea echipamentelor electrice, Luna noiembrie 2021, Procente, 110.8
Fabricarea echipamentelor electrice, Luna decembrie 2021, Procente, 85
Fabricarea echipamentelor electrice, Luna ianuarie 2022, Procente, 99.5
Fabricarea echipamentelor electrice, Luna februarie 2022, Procente, 107.9
Fabricarea echipamentelor electrice, Luna martie 2022, Procente, 122.4
Fabricarea echipamentelor electrice, Luna aprilie 2022, Procente, 95
Fabricarea echipamentelor electrice, Luna mai 2022, Procente, 107.2
Fabricarea echipamentelor electrice, Luna iunie 2022, Procente, 94.8
Fabricarea echipamentelor electrice, Luna iulie 2022, Procente, 92.6
Fabricarea echipamentelor electrice, Luna august 2022, Procente, 80.4
Fabricarea echipamentelor electrice, Luna septembrie 2022, Procente, 99.4
Fabricarea echipamentelor electrice, Luna octombrie 2022, Procente, 100
Fabricarea echipamentelor electrice, Luna noiembrie 2022, Procente, 96
Fabricarea echipamentelor electrice, Luna decembrie 2022, Procente, 80.4
Fabricarea echipamentelor electrice, Luna ianuarie 2023, Procente, 84.7
Fabricarea echipamentelor electrice, Luna februarie 2023, Procente, 94.9
Fabricarea echipamentelor electrice, Luna martie 2023, Procente, 111.7
Fabricarea echipamentelor electrice, Luna aprilie 2023, Procente, 83.4
Fabricarea echipamentelor electrice, Luna mai 2023, Procente, 99.8
Fabricarea echipamentelor electrice, Luna iunie 2023, Procente, 93.8
Fabricarea echipamentelor electrice, Luna iulie 2023, Procente, 92.9
Fabricarea echipamentelor electrice, Luna august 2023, Procente, 87.8
Fabricarea echipamentelor electrice, Luna septembrie 2023, Procente, 99
Fabricarea echipamentelor electrice, Luna octombrie 2023, Procente, 102.6
Fabricarea echipamentelor electrice, Luna noiembrie 2023, Procente, 103.2
Fabricarea echipamentelor electrice, Luna decembrie 2023, Procente, 71.1
Fabricarea echipamentelor electrice, Luna ianuarie 2024, Procente, 88.8
Fabricarea echipamentelor electrice, Luna februarie 2024, Procente, 96.3
Fabricarea echipamentelor electrice, Luna martie 2024, Procente, 95.6
Fabricarea echipamentelor electrice, Luna aprilie 2024, Procente, 101.3
Fabricarea echipamentelor electrice, Luna mai 2024, Procente, 87.2
Fabricarea echipamentelor electrice, Luna iunie 2024, Procente, 88.2
Fabricarea echipamentelor electrice, Luna iulie 2024, Procente, 93.2
Fabricarea echipamentelor electrice, Luna august 2024, Procente, 74.7
Fabricarea echipamentelor electrice, Luna septembrie 2024, Procente, 98.7
Fabricarea echipamentelor electrice, Luna octombrie 2024, Procente, 107.9
Fabricarea echipamentelor electrice, Luna noiembrie 2024, Procente, 103.4
Fabricarea echipamentelor electrice, Luna decembrie 2024, Procente, 72
Fabricarea echipamentelor electrice, Luna ianuarie 2025, Procente, 82.5
Fabricarea echipamentelor electrice, Luna februarie 2025, Procente, 95.4
Fabricarea de masini   utilaje  si echipamente n.c.a, Luna ianuarie 2005, Procente, 47.5
Fabricarea de masini   utilaje  si echipamente n.c.a, Luna februarie 2005, Procente, 48.9
Fabricarea de masini   utilaje  si echipamente n.c.a, Luna martie 2005, Procente, 56.1
Fabricarea de masini   utilaje  si echipamente n.c.a, Luna aprilie 2005, Procente, 50.7
Fabricarea de masini   utilaje  si echipamente n.c.a, Luna mai 2005, Procente, 51.5
Fabricarea de masini   utilaje  si echipamente n.c.a, Luna iunie 2005, Procente, 53.3
Fabricarea de masini   utilaje  si echipamente n.c.a, Luna iulie 2005, Procente, 47.6
Fabricarea de masini   utilaje  si echipamente n.c.a, Luna august 2005, Procente, 48
Fabricarea de masini   utilaje  si echipamente n.c.a, Luna septembrie 2005, Procente, 52.3
Fabricarea de masini   utilaje  si echipamente n.c.a, Luna octombrie 2005, Procente, 48.2
Fabricarea de masini   utilaje  si echipamente n.c.a, Luna noiembrie 2005, Procente, 52.1
Fabricarea de masini   utilaje  si echipamente n.c.a, Luna decembrie 2005, Procente, 47.1
Fabricarea de masini   utilaje  si echipamente n.c.a, Luna ianuarie 2006, Procente, 43.4
Fabricarea de masini   utilaje  si echipamente n.c.a, Luna februarie 2006, Procente, 48.4
Fabricarea de masini   utilaje  si echipamente n.c.a, Luna martie 2006, Procente, 56.9
Fabricarea de masini   utilaje  si echipamente n.c.a, Luna aprilie 2006, Procente, 49.8
Fabricarea de masini   utilaje  si echipamente n.c.a, Luna mai 2006, Procente, 56.7
Fabricarea de masini   utilaje  si echipamente n.c.a, Luna iunie 2006, Procente, 56.7
Fabricarea de masini   utilaje  si echipamente n.c.a, Luna iulie 2006, Procente, 54.9
Fabricarea de masini   utilaje  si echipamente n.c.a, Luna august 2006, Procente, 49.3
Fabricarea de masini   utilaje  si echipamente n.c.a, Luna septembrie 2006, Procente, 52.6
Fabricarea de masini   utilaje  si echipamente n.c.a, Luna octombrie 2006, Procente, 54.7
Fabricarea de masini   utilaje  si echipamente n.c.a, Luna noiembrie 2006, Procente, 57.2
Fabricarea de masini   utilaje  si echipamente n.c.a, Luna decembrie 2006, Procente, 59.6
Fabricarea de masini   utilaje  si echipamente n.c.a, Luna ianuarie 2007, Procente, 60.5
Fabricarea de masini   utilaje  si echipamente n.c.a, Luna februarie 2007, Procente, 70.7
Fabricarea de masini   utilaje  si echipamente n.c.a, Luna martie 2007, Procente, 76.2
Fabricarea de masini   utilaje  si echipamente n.c.a, Luna aprilie 2007, Procente, 61.4
Fabricarea de masini   utilaje  si echipamente n.c.a, Luna mai 2007, Procente, 68.7
Fabricarea de masini   utilaje  si echipamente n.c.a, Luna iunie 2007, Procente, 66
Fabricarea de masini   utilaje  si echipamente n.c.a, Luna iulie 2007, Procente, 63.2
Fabricarea de masini   utilaje  si echipamente n.c.a, Luna august 2007, Procente, 68.1
Fabricarea de masini   utilaje  si echipamente n.c.a, Luna septembrie 2007, Procente, 68.8
Fabricarea de masini   utilaje  si echipamente n.c.a, Luna octombrie 2007, Procente, 75.3
Fabricarea de masini   utilaje  si echipamente n.c.a, Luna noiembrie 2007, Procente, 67
Fabricarea de masini   utilaje  si echipamente n.c.a, Luna decembrie 2007, Procente, 68.9
Fabricarea de masini   utilaje  si echipamente n.c.a, Luna ianuarie 2008, Procente, 56.5
Fabricarea de masini   utilaje  si echipamente n.c.a, Luna februarie 2008, Procente, 66.7
Fabricarea de masini   utilaje  si echipamente n.c.a, Luna martie 2008, Procente, 72.1
Fabricarea de masini   utilaje  si echipamente n.c.a, Luna aprilie 2008, Procente, 63.5
Fabricarea de masini   utilaje  si echipamente n.c.a, Luna mai 2008, Procente, 65.5
Fabricarea de masini   utilaje  si echipamente n.c.a, Luna iunie 2008, Procente, 70.6
Fabricarea de masini   utilaje  si echipamente n.c.a, Luna iulie 2008, Procente, 60.9
Fabricarea de masini   utilaje  si echipamente n.c.a, Luna august 2008, Procente, 57.2
Fabricarea de masini   utilaje  si echipamente n.c.a, Luna septembrie 2008, Procente, 69.6
Fabricarea de masini   utilaje  si echipamente n.c.a, Luna octombrie 2008, Procente, 67.4
Fabricarea de masini   utilaje  si echipamente n.c.a, Luna noiembrie 2008, Procente, 70.1
Fabricarea de masini   utilaje  si echipamente n.c.a, Luna decembrie 2008, Procente, 63.6
Fabricarea de masini   utilaje  si echipamente n.c.a, Luna ianuarie 2009, Procente, 56.5
Fabricarea de masini   utilaje  si echipamente n.c.a, Luna februarie 2009, Procente, 60.1
Fabricarea de masini   utilaje  si echipamente n.c.a, Luna martie 2009, Procente, 67.8
Fabricarea de masini   utilaje  si echipamente n.c.a, Luna aprilie 2009, Procente, 55
Fabricarea de masini   utilaje  si echipamente n.c.a, Luna mai 2009, Procente, 55.6
Fabricarea de masini   utilaje  si echipamente n.c.a, Luna iunie 2009, Procente, 58.1
Fabricarea de masini   utilaje  si echipamente n.c.a, Luna iulie 2009, Procente, 51.2
Fabricarea de masini   utilaje  si echipamente n.c.a, Luna august 2009, Procente, 50.2
Fabricarea de masini   utilaje  si echipamente n.c.a, Luna septembrie 2009, Procente, 49.8
Fabricarea de masini   utilaje  si echipamente n.c.a, Luna octombrie 2009, Procente, 49.2
Fabricarea de masini   utilaje  si echipamente n.c.a, Luna noiembrie 2009, Procente, 48.3
Fabricarea de masini   utilaje  si echipamente n.c.a, Luna decembrie 2009, Procente, 45.5
Fabricarea de masini   utilaje  si echipamente n.c.a, Luna ianuarie 2010, Procente, 42.3
Fabricarea de masini   utilaje  si echipamente n.c.a, Luna februarie 2010, Procente, 43.7
Fabricarea de masini   utilaje  si echipamente n.c.a, Luna martie 2010, Procente, 49.7
Fabricarea de masini   utilaje  si echipamente n.c.a, Luna aprilie 2010, Procente, 52.3
Fabricarea de masini   utilaje  si echipamente n.c.a, Luna mai 2010, Procente, 50.3
Fabricarea de masini   utilaje  si echipamente n.c.a, Luna iunie 2010, Procente, 55.8
Fabricarea de masini   utilaje  si echipamente n.c.a, Luna iulie 2010, Procente, 49.8
Fabricarea de masini   utilaje  si echipamente n.c.a, Luna august 2010, Procente, 44.7
Fabricarea de masini   utilaje  si echipamente n.c.a, Luna septembrie 2010, Procente, 53.9
Fabricarea de masini   utilaje  si echipamente n.c.a, Luna octombrie 2010, Procente, 52.8
Fabricarea de masini   utilaje  si echipamente n.c.a, Luna noiembrie 2010, Procente, 57.8
Fabricarea de masini   utilaje  si echipamente n.c.a, Luna decembrie 2010, Procente, 56.4
Fabricarea de masini   utilaje  si echipamente n.c.a, Luna ianuarie 2011, Procente, 50.8
Fabricarea de masini   utilaje  si echipamente n.c.a, Luna februarie 2011, Procente, 53.4
Fabricarea de masini   utilaje  si echipamente n.c.a, Luna martie 2011, Procente, 66.1
Fabricarea de masini   utilaje  si echipamente n.c.a, Luna aprilie 2011, Procente, 55.4
Fabricarea de masini   utilaje  si echipamente n.c.a, Luna mai 2011, Procente, 63.4
Fabricarea de masini   utilaje  si echipamente n.c.a, Luna iunie 2011, Procente, 61.6
Fabricarea de masini   utilaje  si echipamente n.c.a, Luna iulie 2011, Procente, 57.8
Fabricarea de masini   utilaje  si echipamente n.c.a, Luna august 2011, Procente, 56.1
Fabricarea de masini   utilaje  si echipamente n.c.a, Luna septembrie 2011, Procente, 65.6
Fabricarea de masini   utilaje  si echipamente n.c.a, Luna octombrie 2011, Procente, 66.8
Fabricarea de masini   utilaje  si echipamente n.c.a, Luna noiembrie 2011, Procente, 69.5
Fabricarea de masini   utilaje  si echipamente n.c.a, Luna decembrie 2011, Procente, 59.8
Fabricarea de masini   utilaje  si echipamente n.c.a, Luna ianuarie 2012, Procente, 60.6
Fabricarea de masini   utilaje  si echipamente n.c.a, Luna februarie 2012, Procente, 61.6
Fabricarea de masini   utilaje  si echipamente n.c.a, Luna martie 2012, Procente, 68.5
Fabricarea de masini   utilaje  si echipamente n.c.a, Luna aprilie 2012, Procente, 65.2
Fabricarea de masini   utilaje  si echipamente n.c.a, Luna mai 2012, Procente, 69.9
Fabricarea de masini   utilaje  si echipamente n.c.a, Luna iunie 2012, Procente, 68.8
Fabricarea de masini   utilaje  si echipamente n.c.a, Luna iulie 2012, Procente, 66.9
Fabricarea de masini   utilaje  si echipamente n.c.a, Luna august 2012, Procente, 59.1
Fabricarea de masini   utilaje  si echipamente n.c.a, Luna septembrie 2012, Procente, 68.4
Fabricarea de masini   utilaje  si echipamente n.c.a, Luna octombrie 2012, Procente, 65.8
Fabricarea de masini   utilaje  si echipamente n.c.a, Luna noiembrie 2012, Procente, 67.4
Fabricarea de masini   utilaje  si echipamente n.c.a, Luna decembrie 2012, Procente, 72.5
Fabricarea de masini   utilaje  si echipamente n.c.a, Luna ianuarie 2013, Procente, 58.2
Fabricarea de masini   utilaje  si echipamente n.c.a, Luna februarie 2013, Procente, 64.7
Fabricarea de masini   utilaje  si echipamente n.c.a, Luna martie 2013, Procente, 70
Fabricarea de masini   utilaje  si echipamente n.c.a, Luna aprilie 2013, Procente, 75.3
Fabricarea de masini   utilaje  si echipamente n.c.a, Luna mai 2013, Procente, 69.2
Fabricarea de masini   utilaje  si echipamente n.c.a, Luna iunie 2013, Procente, 78.1
Fabricarea de masini   utilaje  si echipamente n.c.a, Luna iulie 2013, Procente, 79.2
Fabricarea de masini   utilaje  si echipamente n.c.a, Luna august 2013, Procente, 66
Fabricarea de masini   utilaje  si echipamente n.c.a, Luna septembrie 2013, Procente, 84.1
Fabricarea de masini   utilaje  si echipamente n.c.a, Luna octombrie 2013, Procente, 80.4
Fabricarea de masini   utilaje  si echipamente n.c.a, Luna noiembrie 2013, Procente, 80.9
Fabricarea de masini   utilaje  si echipamente n.c.a, Luna decembrie 2013, Procente, 81
Fabricarea de masini   utilaje  si echipamente n.c.a, Luna ianuarie 2014, Procente, 71.4
Fabricarea de masini   utilaje  si echipamente n.c.a, Luna februarie 2014, Procente, 71.9
Fabricarea de masini   utilaje  si echipamente n.c.a, Luna martie 2014, Procente, 79.5
Fabricarea de masini   utilaje  si echipamente n.c.a, Luna aprilie 2014, Procente, 81.2
Fabricarea de masini   utilaje  si echipamente n.c.a, Luna mai 2014, Procente, 84.5
Fabricarea de masini   utilaje  si echipamente n.c.a, Luna iunie 2014, Procente, 80.2
Fabricarea de masini   utilaje  si echipamente n.c.a, Luna iulie 2014, Procente, 81.7
Fabricarea de masini   utilaje  si echipamente n.c.a, Luna august 2014, Procente, 64.7
Fabricarea de masini   utilaje  si echipamente n.c.a, Luna septembrie 2014, Procente, 77.6
Fabricarea de masini   utilaje  si echipamente n.c.a, Luna octombrie 2014, Procente, 80.6
Fabricarea de masini   utilaje  si echipamente n.c.a, Luna noiembrie 2014, Procente, 77.1
Fabricarea de masini   utilaje  si echipamente n.c.a, Luna decembrie 2014, Procente, 68.3
Fabricarea de masini   utilaje  si echipamente n.c.a, Luna ianuarie 2015, Procente, 63.8
Fabricarea de masini   utilaje  si echipamente n.c.a, Luna februarie 2015, Procente, 69.1
Fabricarea de masini   utilaje  si echipamente n.c.a, Luna martie 2015, Procente, 72.3
Fabricarea de masini   utilaje  si echipamente n.c.a, Luna aprilie 2015, Procente, 68.7
Fabricarea de masini   utilaje  si echipamente n.c.a, Luna mai 2015, Procente, 68.5
Fabricarea de masini   utilaje  si echipamente n.c.a, Luna iunie 2015, Procente, 70.7
Fabricarea de masini   utilaje  si echipamente n.c.a, Luna iulie 2015, Procente, 71.6
Fabricarea de masini   utilaje  si echipamente n.c.a, Luna august 2015, Procente, 53.2
Fabricarea de masini   utilaje  si echipamente n.c.a, Luna septembrie 2015, Procente, 70.2
Fabricarea de masini   utilaje  si echipamente n.c.a, Luna octombrie 2015, Procente, 65.5
Fabricarea de masini   utilaje  si echipamente n.c.a, Luna noiembrie 2015, Procente, 69
Fabricarea de masini   utilaje  si echipamente n.c.a, Luna decembrie 2015, Procente, 62.7
Fabricarea de masini   utilaje  si echipamente n.c.a, Luna ianuarie 2016, Procente, 61.3
Fabricarea de masini   utilaje  si echipamente n.c.a, Luna februarie 2016, Procente, 67.2
Fabricarea de masini   utilaje  si echipamente n.c.a, Luna martie 2016, Procente, 71.7
Fabricarea de masini   utilaje  si echipamente n.c.a, Luna aprilie 2016, Procente, 68.9
Fabricarea de masini   utilaje  si echipamente n.c.a, Luna mai 2016, Procente, 66.4
Fabricarea de masini   utilaje  si echipamente n.c.a, Luna iunie 2016, Procente, 76.7
Fabricarea de masini   utilaje  si echipamente n.c.a, Luna iulie 2016, Procente, 57
Fabricarea de masini   utilaje  si echipamente n.c.a, Luna august 2016, Procente, 62.9
Fabricarea de masini   utilaje  si echipamente n.c.a, Luna septembrie 2016, Procente, 69.9
Fabricarea de masini   utilaje  si echipamente n.c.a, Luna octombrie 2016, Procente, 68.1
Fabricarea de masini   utilaje  si echipamente n.c.a, Luna noiembrie 2016, Procente, 71.8
Fabricarea de masini   utilaje  si echipamente n.c.a, Luna decembrie 2016, Procente, 63.2
Fabricarea de masini   utilaje  si echipamente n.c.a, Luna ianuarie 2017, Procente, 65.1
Fabricarea de masini   utilaje  si echipamente n.c.a, Luna februarie 2017, Procente, 73.8
Fabricarea de masini   utilaje  si echipamente n.c.a, Luna martie 2017, Procente, 81.3
Fabricarea de masini   utilaje  si echipamente n.c.a, Luna aprilie 2017, Procente, 69.2
Fabricarea de masini   utilaje  si echipamente n.c.a, Luna mai 2017, Procente, 108.6
Fabricarea de masini   utilaje  si echipamente n.c.a, Luna iunie 2017, Procente, 110.9
Fabricarea de masini   utilaje  si echipamente n.c.a, Luna iulie 2017, Procente, 96.8
Fabricarea de masini   utilaje  si echipamente n.c.a, Luna august 2017, Procente, 84
Fabricarea de masini   utilaje  si echipamente n.c.a, Luna septembrie 2017, Procente, 110.2
Fabricarea de masini   utilaje  si echipamente n.c.a, Luna octombrie 2017, Procente, 108.5
Fabricarea de masini   utilaje  si echipamente n.c.a, Luna noiembrie 2017, Procente, 111.3
Fabricarea de masini   utilaje  si echipamente n.c.a, Luna decembrie 2017, Procente, 92.9
Fabricarea de masini   utilaje  si echipamente n.c.a, Luna ianuarie 2018, Procente, 99.1
Fabricarea de masini   utilaje  si echipamente n.c.a, Luna februarie 2018, Procente, 107.3
Fabricarea de masini   utilaje  si echipamente n.c.a, Luna martie 2018, Procente, 125.1
Fabricarea de masini   utilaje  si echipamente n.c.a, Luna aprilie 2018, Procente, 105.9
Fabricarea de masini   utilaje  si echipamente n.c.a, Luna mai 2018, Procente, 114
Fabricarea de masini   utilaje  si echipamente n.c.a, Luna iunie 2018, Procente, 108.8
Fabricarea de masini   utilaje  si echipamente n.c.a, Luna iulie 2018, Procente, 109.1
Fabricarea de masini   utilaje  si echipamente n.c.a, Luna august 2018, Procente, 90.3
Fabricarea de masini   utilaje  si echipamente n.c.a, Luna septembrie 2018, Procente, 115.7
Fabricarea de masini   utilaje  si echipamente n.c.a, Luna octombrie 2018, Procente, 117.3
Fabricarea de masini   utilaje  si echipamente n.c.a, Luna noiembrie 2018, Procente, 113.7
Fabricarea de masini   utilaje  si echipamente n.c.a, Luna decembrie 2018, Procente, 99.8
Fabricarea de masini   utilaje  si echipamente n.c.a, Luna ianuarie 2019, Procente, 93.8
Fabricarea de masini   utilaje  si echipamente n.c.a, Luna februarie 2019, Procente, 108.5
Fabricarea de masini   utilaje  si echipamente n.c.a, Luna martie 2019, Procente, 121.2
Fabricarea de masini   utilaje  si echipamente n.c.a, Luna aprilie 2019, Procente, 90.3
Fabricarea de masini   utilaje  si echipamente n.c.a, Luna mai 2019, Procente, 112.6
Fabricarea de masini   utilaje  si echipamente n.c.a, Luna iunie 2019, Procente, 109.6
Fabricarea de masini   utilaje  si echipamente n.c.a, Luna iulie 2019, Procente, 104
Fabricarea de masini   utilaje  si echipamente n.c.a, Luna august 2019, Procente, 85.3
Fabricarea de masini   utilaje  si echipamente n.c.a, Luna septembrie 2019, Procente, 115.8
Fabricarea de masini   utilaje  si echipamente n.c.a, Luna octombrie 2019, Procente, 112.2
Fabricarea de masini   utilaje  si echipamente n.c.a, Luna noiembrie 2019, Procente, 108.4
Fabricarea de masini   utilaje  si echipamente n.c.a, Luna decembrie 2019, Procente, 105.2
Fabricarea de masini   utilaje  si echipamente n.c.a, Luna ianuarie 2020, Procente, 89.7
Fabricarea de masini   utilaje  si echipamente n.c.a, Luna februarie 2020, Procente, 99.9
Fabricarea de masini   utilaje  si echipamente n.c.a, Luna martie 2020, Procente, 101.9
Fabricarea de masini   utilaje  si echipamente n.c.a, Luna aprilie 2020, Procente, 50.5
Fabricarea de masini   utilaje  si echipamente n.c.a, Luna mai 2020, Procente, 57.5
Fabricarea de masini   utilaje  si echipamente n.c.a, Luna iunie 2020, Procente, 87.9
Fabricarea de masini   utilaje  si echipamente n.c.a, Luna iulie 2020, Procente, 84.6
Fabricarea de masini   utilaje  si echipamente n.c.a, Luna august 2020, Procente, 72.8
Fabricarea de masini   utilaje  si echipamente n.c.a, Luna septembrie 2020, Procente, 107.8
Fabricarea de masini   utilaje  si echipamente n.c.a, Luna octombrie 2020, Procente, 101.2
Fabricarea de masini   utilaje  si echipamente n.c.a, Luna noiembrie 2020, Procente, 94.8
Fabricarea de masini   utilaje  si echipamente n.c.a, Luna decembrie 2020, Procente, 100.4
Fabricarea de masini   utilaje  si echipamente n.c.a, Luna ianuarie 2021, Procente, 96.6
Fabricarea de masini   utilaje  si echipamente n.c.a, Luna februarie 2021, Procente, 94.1
Fabricarea de masini   utilaje  si echipamente n.c.a, Luna martie 2021, Procente, 114.6
Fabricarea de masini   utilaje  si echipamente n.c.a, Luna aprilie 2021, Procente, 98.7
Fabricarea de masini   utilaje  si echipamente n.c.a, Luna mai 2021, Procente, 96.8
Fabricarea de masini   utilaje  si echipamente n.c.a, Luna iunie 2021, Procente, 105.1
Fabricarea de masini   utilaje  si echipamente n.c.a, Luna iulie 2021, Procente, 94
Fabricarea de masini   utilaje  si echipamente n.c.a, Luna august 2021, Procente, 81.6
Fabricarea de masini   utilaje  si echipamente n.c.a, Luna septembrie 2021, Procente, 101.6
Fabricarea de masini   utilaje  si echipamente n.c.a, Luna octombrie 2021, Procente, 105.4
Fabricarea de masini   utilaje  si echipamente n.c.a, Luna noiembrie 2021, Procente, 95.5
Fabricarea de masini   utilaje  si echipamente n.c.a, Luna decembrie 2021, Procente, 116.1
Fabricarea de masini   utilaje  si echipamente n.c.a, Luna ianuarie 2022, Procente, 99.2
Fabricarea de masini   utilaje  si echipamente n.c.a, Luna februarie 2022, Procente, 111.6
Fabricarea de masini   utilaje  si echipamente n.c.a, Luna martie 2022, Procente, 120.3
Fabricarea de masini   utilaje  si echipamente n.c.a, Luna aprilie 2022, Procente, 102.2
Fabricarea de masini   utilaje  si echipamente n.c.a, Luna mai 2022, Procente, 124.4
Fabricarea de masini   utilaje  si echipamente n.c.a, Luna iunie 2022, Procente, 108.2
Fabricarea de masini   utilaje  si echipamente n.c.a, Luna iulie 2022, Procente, 97.4
Fabricarea de masini   utilaje  si echipamente n.c.a, Luna august 2022, Procente, 103.3
Fabricarea de masini   utilaje  si echipamente n.c.a, Luna septembrie 2022, Procente, 117.7
Fabricarea de masini   utilaje  si echipamente n.c.a, Luna octombrie 2022, Procente, 103.1
Fabricarea de masini   utilaje  si echipamente n.c.a, Luna noiembrie 2022, Procente, 107.6
Fabricarea de masini   utilaje  si echipamente n.c.a, Luna decembrie 2022, Procente, 91.9
Fabricarea de masini   utilaje  si echipamente n.c.a, Luna ianuarie 2023, Procente, 98
Fabricarea de masini   utilaje  si echipamente n.c.a, Luna februarie 2023, Procente, 128.7
Fabricarea de masini   utilaje  si echipamente n.c.a, Luna martie 2023, Procente, 160
Fabricarea de masini   utilaje  si echipamente n.c.a, Luna aprilie 2023, Procente, 108.8
Fabricarea de masini   utilaje  si echipamente n.c.a, Luna mai 2023, Procente, 128.3
Fabricarea de masini   utilaje  si echipamente n.c.a, Luna iunie 2023, Procente, 133.1
Fabricarea de masini   utilaje  si echipamente n.c.a, Luna iulie 2023, Procente, 121.4
Fabricarea de masini   utilaje  si echipamente n.c.a, Luna august 2023, Procente, 90.8
Fabricarea de masini   utilaje  si echipamente n.c.a, Luna septembrie 2023, Procente, 136.8
Fabricarea de masini   utilaje  si echipamente n.c.a, Luna octombrie 2023, Procente, 105.3
Fabricarea de masini   utilaje  si echipamente n.c.a, Luna noiembrie 2023, Procente, 105.8
Fabricarea de masini   utilaje  si echipamente n.c.a, Luna decembrie 2023, Procente, 100.4
Fabricarea de masini   utilaje  si echipamente n.c.a, Luna ianuarie 2024, Procente, 89.3
Fabricarea de masini   utilaje  si echipamente n.c.a, Luna februarie 2024, Procente, 116.1
Fabricarea de masini   utilaje  si echipamente n.c.a, Luna martie 2024, Procente, 194
Fabricarea de masini   utilaje  si echipamente n.c.a, Luna aprilie 2024, Procente, 126.7
Fabricarea de masini   utilaje  si echipamente n.c.a, Luna mai 2024, Procente, 102.2
Fabricarea de masini   utilaje  si echipamente n.c.a, Luna iunie 2024, Procente, 106.9
Fabricarea de masini   utilaje  si echipamente n.c.a, Luna iulie 2024, Procente, 107.2
Fabricarea de masini   utilaje  si echipamente n.c.a, Luna august 2024, Procente, 89.8
Fabricarea de masini   utilaje  si echipamente n.c.a, Luna septembrie 2024, Procente, 105.3
Fabricarea de masini   utilaje  si echipamente n.c.a, Luna octombrie 2024, Procente, 107.3
Fabricarea de masini   utilaje  si echipamente n.c.a, Luna noiembrie 2024, Procente, 115.2
Fabricarea de masini   utilaje  si echipamente n.c.a, Luna decembrie 2024, Procente, 116.8
Fabricarea de masini   utilaje  si echipamente n.c.a, Luna ianuarie 2025, Procente, 80.9
Fabricarea de masini   utilaje  si echipamente n.c.a, Luna februarie 2025, Procente, 93.6
Fabricarea autovehiculelor de transport rutier  a remorcilor  si semiremorcilor, Luna ianuarie 2005, Procente, 21
Fabricarea autovehiculelor de transport rutier  a remorcilor  si semiremorcilor, Luna februarie 2005, Procente, 22.7
Fabricarea autovehiculelor de transport rutier  a remorcilor  si semiremorcilor, Luna martie 2005, Procente, 25.5
Fabricarea autovehiculelor de transport rutier  a remorcilor  si semiremorcilor, Luna aprilie 2005, Procente, 24
Fabricarea autovehiculelor de transport rutier  a remorcilor  si semiremorcilor, Luna mai 2005, Procente, 25.5
Fabricarea autovehiculelor de transport rutier  a remorcilor  si semiremorcilor, Luna iunie 2005, Procente, 28.7
Fabricarea autovehiculelor de transport rutier  a remorcilor  si semiremorcilor, Luna iulie 2005, Procente, 22.7
Fabricarea autovehiculelor de transport rutier  a remorcilor  si semiremorcilor, Luna august 2005, Procente, 16.2
Fabricarea autovehiculelor de transport rutier  a remorcilor  si semiremorcilor, Luna septembrie 2005, Procente, 28.5
Fabricarea autovehiculelor de transport rutier  a remorcilor  si semiremorcilor, Luna octombrie 2005, Procente, 28.2
Fabricarea autovehiculelor de transport rutier  a remorcilor  si semiremorcilor, Luna noiembrie 2005, Procente, 29.4
Fabricarea autovehiculelor de transport rutier  a remorcilor  si semiremorcilor, Luna decembrie 2005, Procente, 23.3
Fabricarea autovehiculelor de transport rutier  a remorcilor  si semiremorcilor, Luna ianuarie 2006, Procente, 27
Fabricarea autovehiculelor de transport rutier  a remorcilor  si semiremorcilor, Luna februarie 2006, Procente, 26.1
Fabricarea autovehiculelor de transport rutier  a remorcilor  si semiremorcilor, Luna martie 2006, Procente, 30.8
Fabricarea autovehiculelor de transport rutier  a remorcilor  si semiremorcilor, Luna aprilie 2006, Procente, 25
Fabricarea autovehiculelor de transport rutier  a remorcilor  si semiremorcilor, Luna mai 2006, Procente, 31.1
Fabricarea autovehiculelor de transport rutier  a remorcilor  si semiremorcilor, Luna iunie 2006, Procente, 32.4
Fabricarea autovehiculelor de transport rutier  a remorcilor  si semiremorcilor, Luna iulie 2006, Procente, 25.5
Fabricarea autovehiculelor de transport rutier  a remorcilor  si semiremorcilor, Luna august 2006, Procente, 18.3
Fabricarea autovehiculelor de transport rutier  a remorcilor  si semiremorcilor, Luna septembrie 2006, Procente, 34
Fabricarea autovehiculelor de transport rutier  a remorcilor  si semiremorcilor, Luna octombrie 2006, Procente, 33.3
Fabricarea autovehiculelor de transport rutier  a remorcilor  si semiremorcilor, Luna noiembrie 2006, Procente, 33.5
Fabricarea autovehiculelor de transport rutier  a remorcilor  si semiremorcilor, Luna decembrie 2006, Procente, 20.6
Fabricarea autovehiculelor de transport rutier  a remorcilor  si semiremorcilor, Luna ianuarie 2007, Procente, 28.2
Fabricarea autovehiculelor de transport rutier  a remorcilor  si semiremorcilor, Luna februarie 2007, Procente, 29.8
Fabricarea autovehiculelor de transport rutier  a remorcilor  si semiremorcilor, Luna martie 2007, Procente, 37.9
Fabricarea autovehiculelor de transport rutier  a remorcilor  si semiremorcilor, Luna aprilie 2007, Procente, 31.5
Fabricarea autovehiculelor de transport rutier  a remorcilor  si semiremorcilor, Luna mai 2007, Procente, 38.6
Fabricarea autovehiculelor de transport rutier  a remorcilor  si semiremorcilor, Luna iunie 2007, Procente, 38.4
Fabricarea autovehiculelor de transport rutier  a remorcilor  si semiremorcilor, Luna iulie 2007, Procente, 35.7
Fabricarea autovehiculelor de transport rutier  a remorcilor  si semiremorcilor, Luna august 2007, Procente, 19.4
Fabricarea autovehiculelor de transport rutier  a remorcilor  si semiremorcilor, Luna septembrie 2007, Procente, 34.6
Fabricarea autovehiculelor de transport rutier  a remorcilor  si semiremorcilor, Luna octombrie 2007, Procente, 42.8
Fabricarea autovehiculelor de transport rutier  a remorcilor  si semiremorcilor, Luna noiembrie 2007, Procente, 44
Fabricarea autovehiculelor de transport rutier  a remorcilor  si semiremorcilor, Luna decembrie 2007, Procente, 29.9
Fabricarea autovehiculelor de transport rutier  a remorcilor  si semiremorcilor, Luna ianuarie 2008, Procente, 41.3
Fabricarea autovehiculelor de transport rutier  a remorcilor  si semiremorcilor, Luna februarie 2008, Procente, 42.3
Fabricarea autovehiculelor de transport rutier  a remorcilor  si semiremorcilor, Luna martie 2008, Procente, 35.5
Fabricarea autovehiculelor de transport rutier  a remorcilor  si semiremorcilor, Luna aprilie 2008, Procente, 32.9
Fabricarea autovehiculelor de transport rutier  a remorcilor  si semiremorcilor, Luna mai 2008, Procente, 41.2
Fabricarea autovehiculelor de transport rutier  a remorcilor  si semiremorcilor, Luna iunie 2008, Procente, 40.7
Fabricarea autovehiculelor de transport rutier  a remorcilor  si semiremorcilor, Luna iulie 2008, Procente, 41.3
Fabricarea autovehiculelor de transport rutier  a remorcilor  si semiremorcilor, Luna august 2008, Procente, 20.7
Fabricarea autovehiculelor de transport rutier  a remorcilor  si semiremorcilor, Luna septembrie 2008, Procente, 44.2
Fabricarea autovehiculelor de transport rutier  a remorcilor  si semiremorcilor, Luna octombrie 2008, Procente, 41.8
Fabricarea autovehiculelor de transport rutier  a remorcilor  si semiremorcilor, Luna noiembrie 2008, Procente, 28
Fabricarea autovehiculelor de transport rutier  a remorcilor  si semiremorcilor, Luna decembrie 2008, Procente, 12.2
Fabricarea autovehiculelor de transport rutier  a remorcilor  si semiremorcilor, Luna ianuarie 2009, Procente, 23.3
Fabricarea autovehiculelor de transport rutier  a remorcilor  si semiremorcilor, Luna februarie 2009, Procente, 28.9
Fabricarea autovehiculelor de transport rutier  a remorcilor  si semiremorcilor, Luna martie 2009, Procente, 38.1
Fabricarea autovehiculelor de transport rutier  a remorcilor  si semiremorcilor, Luna aprilie 2009, Procente, 36.9
Fabricarea autovehiculelor de transport rutier  a remorcilor  si semiremorcilor, Luna mai 2009, Procente, 41.6
Fabricarea autovehiculelor de transport rutier  a remorcilor  si semiremorcilor, Luna iunie 2009, Procente, 46
Fabricarea autovehiculelor de transport rutier  a remorcilor  si semiremorcilor, Luna iulie 2009, Procente, 47.4
Fabricarea autovehiculelor de transport rutier  a remorcilor  si semiremorcilor, Luna august 2009, Procente, 19.5
Fabricarea autovehiculelor de transport rutier  a remorcilor  si semiremorcilor, Luna septembrie 2009, Procente, 49.2
Fabricarea autovehiculelor de transport rutier  a remorcilor  si semiremorcilor, Luna octombrie 2009, Procente, 51.9
Fabricarea autovehiculelor de transport rutier  a remorcilor  si semiremorcilor, Luna noiembrie 2009, Procente, 49.2
Fabricarea autovehiculelor de transport rutier  a remorcilor  si semiremorcilor, Luna decembrie 2009, Procente, 35.5
Fabricarea autovehiculelor de transport rutier  a remorcilor  si semiremorcilor, Luna ianuarie 2010, Procente, 43.7
Fabricarea autovehiculelor de transport rutier  a remorcilor  si semiremorcilor, Luna februarie 2010, Procente, 45.5
Fabricarea autovehiculelor de transport rutier  a remorcilor  si semiremorcilor, Luna martie 2010, Procente, 54.7
Fabricarea autovehiculelor de transport rutier  a remorcilor  si semiremorcilor, Luna aprilie 2010, Procente, 49.8
Fabricarea autovehiculelor de transport rutier  a remorcilor  si semiremorcilor, Luna mai 2010, Procente, 52.8
Fabricarea autovehiculelor de transport rutier  a remorcilor  si semiremorcilor, Luna iunie 2010, Procente, 58.1
Fabricarea autovehiculelor de transport rutier  a remorcilor  si semiremorcilor, Luna iulie 2010, Procente, 51.7
Fabricarea autovehiculelor de transport rutier  a remorcilor  si semiremorcilor, Luna august 2010, Procente, 25.3
Fabricarea autovehiculelor de transport rutier  a remorcilor  si semiremorcilor, Luna septembrie 2010, Procente, 57.8
Fabricarea autovehiculelor de transport rutier  a remorcilor  si semiremorcilor, Luna octombrie 2010, Procente, 58.9
Fabricarea autovehiculelor de transport rutier  a remorcilor  si semiremorcilor, Luna noiembrie 2010, Procente, 58.7
Fabricarea autovehiculelor de transport rutier  a remorcilor  si semiremorcilor, Luna decembrie 2010, Procente, 47
Fabricarea autovehiculelor de transport rutier  a remorcilor  si semiremorcilor, Luna ianuarie 2011, Procente, 54.7
Fabricarea autovehiculelor de transport rutier  a remorcilor  si semiremorcilor, Luna februarie 2011, Procente, 57.8
Fabricarea autovehiculelor de transport rutier  a remorcilor  si semiremorcilor, Luna martie 2011, Procente, 66.7
Fabricarea autovehiculelor de transport rutier  a remorcilor  si semiremorcilor, Luna aprilie 2011, Procente, 49.5
Fabricarea autovehiculelor de transport rutier  a remorcilor  si semiremorcilor, Luna mai 2011, Procente, 61
Fabricarea autovehiculelor de transport rutier  a remorcilor  si semiremorcilor, Luna iunie 2011, Procente, 62.1
Fabricarea autovehiculelor de transport rutier  a remorcilor  si semiremorcilor, Luna iulie 2011, Procente, 53.6
Fabricarea autovehiculelor de transport rutier  a remorcilor  si semiremorcilor, Luna august 2011, Procente, 40.4
Fabricarea autovehiculelor de transport rutier  a remorcilor  si semiremorcilor, Luna septembrie 2011, Procente, 66.2
Fabricarea autovehiculelor de transport rutier  a remorcilor  si semiremorcilor, Luna octombrie 2011, Procente, 66
Fabricarea autovehiculelor de transport rutier  a remorcilor  si semiremorcilor, Luna noiembrie 2011, Procente, 65.8
Fabricarea autovehiculelor de transport rutier  a remorcilor  si semiremorcilor, Luna decembrie 2011, Procente, 44.4
Fabricarea autovehiculelor de transport rutier  a remorcilor  si semiremorcilor, Luna ianuarie 2012, Procente, 58.4
Fabricarea autovehiculelor de transport rutier  a remorcilor  si semiremorcilor, Luna februarie 2012, Procente, 61.8
Fabricarea autovehiculelor de transport rutier  a remorcilor  si semiremorcilor, Luna martie 2012, Procente, 64.1
Fabricarea autovehiculelor de transport rutier  a remorcilor  si semiremorcilor, Luna aprilie 2012, Procente, 54.5
Fabricarea autovehiculelor de transport rutier  a remorcilor  si semiremorcilor, Luna mai 2012, Procente, 63.8
Fabricarea autovehiculelor de transport rutier  a remorcilor  si semiremorcilor, Luna iunie 2012, Procente, 57.7
Fabricarea autovehiculelor de transport rutier  a remorcilor  si semiremorcilor, Luna iulie 2012, Procente, 58.5
Fabricarea autovehiculelor de transport rutier  a remorcilor  si semiremorcilor, Luna august 2012, Procente, 39.3
Fabricarea autovehiculelor de transport rutier  a remorcilor  si semiremorcilor, Luna septembrie 2012, Procente, 61.9
Fabricarea autovehiculelor de transport rutier  a remorcilor  si semiremorcilor, Luna octombrie 2012, Procente, 67
Fabricarea autovehiculelor de transport rutier  a remorcilor  si semiremorcilor, Luna noiembrie 2012, Procente, 67.5
Fabricarea autovehiculelor de transport rutier  a remorcilor  si semiremorcilor, Luna decembrie 2012, Procente, 44.5
Fabricarea autovehiculelor de transport rutier  a remorcilor  si semiremorcilor, Luna ianuarie 2013, Procente, 63.3
Fabricarea autovehiculelor de transport rutier  a remorcilor  si semiremorcilor, Luna februarie 2013, Procente, 67.8
Fabricarea autovehiculelor de transport rutier  a remorcilor  si semiremorcilor, Luna martie 2013, Procente, 71
Fabricarea autovehiculelor de transport rutier  a remorcilor  si semiremorcilor, Luna aprilie 2013, Procente, 74.8
Fabricarea autovehiculelor de transport rutier  a remorcilor  si semiremorcilor, Luna mai 2013, Procente, 65.6
Fabricarea autovehiculelor de transport rutier  a remorcilor  si semiremorcilor, Luna iunie 2013, Procente, 67.9
Fabricarea autovehiculelor de transport rutier  a remorcilor  si semiremorcilor, Luna iulie 2013, Procente, 72.6
Fabricarea autovehiculelor de transport rutier  a remorcilor  si semiremorcilor, Luna august 2013, Procente, 43.7
Fabricarea autovehiculelor de transport rutier  a remorcilor  si semiremorcilor, Luna septembrie 2013, Procente, 70.5
Fabricarea autovehiculelor de transport rutier  a remorcilor  si semiremorcilor, Luna octombrie 2013, Procente, 77.5
Fabricarea autovehiculelor de transport rutier  a remorcilor  si semiremorcilor, Luna noiembrie 2013, Procente, 71.1
Fabricarea autovehiculelor de transport rutier  a remorcilor  si semiremorcilor, Luna decembrie 2013, Procente, 49.6
Fabricarea autovehiculelor de transport rutier  a remorcilor  si semiremorcilor, Luna ianuarie 2014, Procente, 67.7
Fabricarea autovehiculelor de transport rutier  a remorcilor  si semiremorcilor, Luna februarie 2014, Procente, 72
Fabricarea autovehiculelor de transport rutier  a remorcilor  si semiremorcilor, Luna martie 2014, Procente, 76.7
Fabricarea autovehiculelor de transport rutier  a remorcilor  si semiremorcilor, Luna aprilie 2014, Procente, 71.3
Fabricarea autovehiculelor de transport rutier  a remorcilor  si semiremorcilor, Luna mai 2014, Procente, 71.5
Fabricarea autovehiculelor de transport rutier  a remorcilor  si semiremorcilor, Luna iunie 2014, Procente, 71.7
Fabricarea autovehiculelor de transport rutier  a remorcilor  si semiremorcilor, Luna iulie 2014, Procente, 70.4
Fabricarea autovehiculelor de transport rutier  a remorcilor  si semiremorcilor, Luna august 2014, Procente, 39.4
Fabricarea autovehiculelor de transport rutier  a remorcilor  si semiremorcilor, Luna septembrie 2014, Procente, 76.8
Fabricarea autovehiculelor de transport rutier  a remorcilor  si semiremorcilor, Luna octombrie 2014, Procente, 79.5
Fabricarea autovehiculelor de transport rutier  a remorcilor  si semiremorcilor, Luna noiembrie 2014, Procente, 74.1
Fabricarea autovehiculelor de transport rutier  a remorcilor  si semiremorcilor, Luna decembrie 2014, Procente, 54.5
Fabricarea autovehiculelor de transport rutier  a remorcilor  si semiremorcilor, Luna ianuarie 2015, Procente, 72.6
Fabricarea autovehiculelor de transport rutier  a remorcilor  si semiremorcilor, Luna februarie 2015, Procente, 75
Fabricarea autovehiculelor de transport rutier  a remorcilor  si semiremorcilor, Luna martie 2015, Procente, 83.6
Fabricarea autovehiculelor de transport rutier  a remorcilor  si semiremorcilor, Luna aprilie 2015, Procente, 76
Fabricarea autovehiculelor de transport rutier  a remorcilor  si semiremorcilor, Luna mai 2015, Procente, 74
Fabricarea autovehiculelor de transport rutier  a remorcilor  si semiremorcilor, Luna iunie 2015, Procente, 81.1
Fabricarea autovehiculelor de transport rutier  a remorcilor  si semiremorcilor, Luna iulie 2015, Procente, 80.5
Fabricarea autovehiculelor de transport rutier  a remorcilor  si semiremorcilor, Luna august 2015, Procente, 51.8
Fabricarea autovehiculelor de transport rutier  a remorcilor  si semiremorcilor, Luna septembrie 2015, Procente, 84.5
Fabricarea autovehiculelor de transport rutier  a remorcilor  si semiremorcilor, Luna octombrie 2015, Procente, 88.2
Fabricarea autovehiculelor de transport rutier  a remorcilor  si semiremorcilor, Luna noiembrie 2015, Procente, 80.1
Fabricarea autovehiculelor de transport rutier  a remorcilor  si semiremorcilor, Luna decembrie 2015, Procente, 63.1
Fabricarea autovehiculelor de transport rutier  a remorcilor  si semiremorcilor, Luna ianuarie 2016, Procente, 76.5
Fabricarea autovehiculelor de transport rutier  a remorcilor  si semiremorcilor, Luna februarie 2016, Procente, 82.4
Fabricarea autovehiculelor de transport rutier  a remorcilor  si semiremorcilor, Luna martie 2016, Procente, 94.5
Fabricarea autovehiculelor de transport rutier  a remorcilor  si semiremorcilor, Luna aprilie 2016, Procente, 88.1
Fabricarea autovehiculelor de transport rutier  a remorcilor  si semiremorcilor, Luna mai 2016, Procente, 85
Fabricarea autovehiculelor de transport rutier  a remorcilor  si semiremorcilor, Luna iunie 2016, Procente, 89.2
Fabricarea autovehiculelor de transport rutier  a remorcilor  si semiremorcilor, Luna iulie 2016, Procente, 81.1
Fabricarea autovehiculelor de transport rutier  a remorcilor  si semiremorcilor, Luna august 2016, Procente, 65.4
Fabricarea autovehiculelor de transport rutier  a remorcilor  si semiremorcilor, Luna septembrie 2016, Procente, 96.9
Fabricarea autovehiculelor de transport rutier  a remorcilor  si semiremorcilor, Luna octombrie 2016, Procente, 92.6
Fabricarea autovehiculelor de transport rutier  a remorcilor  si semiremorcilor, Luna noiembrie 2016, Procente, 94.9
Fabricarea autovehiculelor de transport rutier  a remorcilor  si semiremorcilor, Luna decembrie 2016, Procente, 69
Fabricarea autovehiculelor de transport rutier  a remorcilor  si semiremorcilor, Luna ianuarie 2017, Procente, 92.5
Fabricarea autovehiculelor de transport rutier  a remorcilor  si semiremorcilor, Luna februarie 2017, Procente, 98.4
Fabricarea autovehiculelor de transport rutier  a remorcilor  si semiremorcilor, Luna martie 2017, Procente, 114.6
Fabricarea autovehiculelor de transport rutier  a remorcilor  si semiremorcilor, Luna aprilie 2017, Procente, 94
Fabricarea autovehiculelor de transport rutier  a remorcilor  si semiremorcilor, Luna mai 2017, Procente, 107.7
Fabricarea autovehiculelor de transport rutier  a remorcilor  si semiremorcilor, Luna iunie 2017, Procente, 102.5
Fabricarea autovehiculelor de transport rutier  a remorcilor  si semiremorcilor, Luna iulie 2017, Procente, 92.9
Fabricarea autovehiculelor de transport rutier  a remorcilor  si semiremorcilor, Luna august 2017, Procente, 79
Fabricarea autovehiculelor de transport rutier  a remorcilor  si semiremorcilor, Luna septembrie 2017, Procente, 104.3
Fabricarea autovehiculelor de transport rutier  a remorcilor  si semiremorcilor, Luna octombrie 2017, Procente, 107.6
Fabricarea autovehiculelor de transport rutier  a remorcilor  si semiremorcilor, Luna noiembrie 2017, Procente, 107.9
Fabricarea autovehiculelor de transport rutier  a remorcilor  si semiremorcilor, Luna decembrie 2017, Procente, 86.7
Fabricarea autovehiculelor de transport rutier  a remorcilor  si semiremorcilor, Luna ianuarie 2018, Procente, 106.3
Fabricarea autovehiculelor de transport rutier  a remorcilor  si semiremorcilor, Luna februarie 2018, Procente, 108.7
Fabricarea autovehiculelor de transport rutier  a remorcilor  si semiremorcilor, Luna martie 2018, Procente, 119.3
Fabricarea autovehiculelor de transport rutier  a remorcilor  si semiremorcilor, Luna aprilie 2018, Procente, 112.2
Fabricarea autovehiculelor de transport rutier  a remorcilor  si semiremorcilor, Luna mai 2018, Procente, 120.5
Fabricarea autovehiculelor de transport rutier  a remorcilor  si semiremorcilor, Luna iunie 2018, Procente, 121.8
Fabricarea autovehiculelor de transport rutier  a remorcilor  si semiremorcilor, Luna iulie 2018, Procente, 114.8
Fabricarea autovehiculelor de transport rutier  a remorcilor  si semiremorcilor, Luna august 2018, Procente, 89.4
Fabricarea autovehiculelor de transport rutier  a remorcilor  si semiremorcilor, Luna septembrie 2018, Procente, 116.5
Fabricarea autovehiculelor de transport rutier  a remorcilor  si semiremorcilor, Luna octombrie 2018, Procente, 125.6
Fabricarea autovehiculelor de transport rutier  a remorcilor  si semiremorcilor, Luna noiembrie 2018, Procente, 123.7
Fabricarea autovehiculelor de transport rutier  a remorcilor  si semiremorcilor, Luna decembrie 2018, Procente, 89.7
Fabricarea autovehiculelor de transport rutier  a remorcilor  si semiremorcilor, Luna ianuarie 2019, Procente, 115.4
Fabricarea autovehiculelor de transport rutier  a remorcilor  si semiremorcilor, Luna februarie 2019, Procente, 119.8
Fabricarea autovehiculelor de transport rutier  a remorcilor  si semiremorcilor, Luna martie 2019, Procente, 127.4
Fabricarea autovehiculelor de transport rutier  a remorcilor  si semiremorcilor, Luna aprilie 2019, Procente, 112.6
Fabricarea autovehiculelor de transport rutier  a remorcilor  si semiremorcilor, Luna mai 2019, Procente, 126
Fabricarea autovehiculelor de transport rutier  a remorcilor  si semiremorcilor, Luna iunie 2019, Procente, 109.6
Fabricarea autovehiculelor de transport rutier  a remorcilor  si semiremorcilor, Luna iulie 2019, Procente, 111.6
Fabricarea autovehiculelor de transport rutier  a remorcilor  si semiremorcilor, Luna august 2019, Procente, 86
Fabricarea autovehiculelor de transport rutier  a remorcilor  si semiremorcilor, Luna septembrie 2019, Procente, 115.8
Fabricarea autovehiculelor de transport rutier  a remorcilor  si semiremorcilor, Luna octombrie 2019, Procente, 125
Fabricarea autovehiculelor de transport rutier  a remorcilor  si semiremorcilor, Luna noiembrie 2019, Procente, 118.7
Fabricarea autovehiculelor de transport rutier  a remorcilor  si semiremorcilor, Luna decembrie 2019, Procente, 89.1
Fabricarea autovehiculelor de transport rutier  a remorcilor  si semiremorcilor, Luna ianuarie 2020, Procente, 110.4
Fabricarea autovehiculelor de transport rutier  a remorcilor  si semiremorcilor, Luna februarie 2020, Procente, 118.5
Fabricarea autovehiculelor de transport rutier  a remorcilor  si semiremorcilor, Luna martie 2020, Procente, 92.9
Fabricarea autovehiculelor de transport rutier  a remorcilor  si semiremorcilor, Luna aprilie 2020, Procente, 20.4
Fabricarea autovehiculelor de transport rutier  a remorcilor  si semiremorcilor, Luna mai 2020, Procente, 53.3
Fabricarea autovehiculelor de transport rutier  a remorcilor  si semiremorcilor, Luna iunie 2020, Procente, 83.1
Fabricarea autovehiculelor de transport rutier  a remorcilor  si semiremorcilor, Luna iulie 2020, Procente, 96.3
Fabricarea autovehiculelor de transport rutier  a remorcilor  si semiremorcilor, Luna august 2020, Procente, 81.5
Fabricarea autovehiculelor de transport rutier  a remorcilor  si semiremorcilor, Luna septembrie 2020, Procente, 126.5
Fabricarea autovehiculelor de transport rutier  a remorcilor  si semiremorcilor, Luna octombrie 2020, Procente, 131.5
Fabricarea autovehiculelor de transport rutier  a remorcilor  si semiremorcilor, Luna noiembrie 2020, Procente, 124.1
Fabricarea autovehiculelor de transport rutier  a remorcilor  si semiremorcilor, Luna decembrie 2020, Procente, 95.4
Fabricarea autovehiculelor de transport rutier  a remorcilor  si semiremorcilor, Luna ianuarie 2021, Procente, 108.2
Fabricarea autovehiculelor de transport rutier  a remorcilor  si semiremorcilor, Luna februarie 2021, Procente, 112.7
Fabricarea autovehiculelor de transport rutier  a remorcilor  si semiremorcilor, Luna martie 2021, Procente, 124.6
Fabricarea autovehiculelor de transport rutier  a remorcilor  si semiremorcilor, Luna aprilie 2021, Procente, 111.9
Fabricarea autovehiculelor de transport rutier  a remorcilor  si semiremorcilor, Luna mai 2021, Procente, 98.6
Fabricarea autovehiculelor de transport rutier  a remorcilor  si semiremorcilor, Luna iunie 2021, Procente, 104.5
Fabricarea autovehiculelor de transport rutier  a remorcilor  si semiremorcilor, Luna iulie 2021, Procente, 96.5
Fabricarea autovehiculelor de transport rutier  a remorcilor  si semiremorcilor, Luna august 2021, Procente, 71.8
Fabricarea autovehiculelor de transport rutier  a remorcilor  si semiremorcilor, Luna septembrie 2021, Procente, 89.3
Fabricarea autovehiculelor de transport rutier  a remorcilor  si semiremorcilor, Luna octombrie 2021, Procente, 81.9
Fabricarea autovehiculelor de transport rutier  a remorcilor  si semiremorcilor, Luna noiembrie 2021, Procente, 109.6
Fabricarea autovehiculelor de transport rutier  a remorcilor  si semiremorcilor, Luna decembrie 2021, Procente, 90.2
Fabricarea autovehiculelor de transport rutier  a remorcilor  si semiremorcilor, Luna ianuarie 2022, Procente, 101
Fabricarea autovehiculelor de transport rutier  a remorcilor  si semiremorcilor, Luna februarie 2022, Procente, 107.5
Fabricarea autovehiculelor de transport rutier  a remorcilor  si semiremorcilor, Luna martie 2022, Procente, 115.4
Fabricarea autovehiculelor de transport rutier  a remorcilor  si semiremorcilor, Luna aprilie 2022, Procente, 94.2
Fabricarea autovehiculelor de transport rutier  a remorcilor  si semiremorcilor, Luna mai 2022, Procente, 110.1
Fabricarea autovehiculelor de transport rutier  a remorcilor  si semiremorcilor, Luna iunie 2022, Procente, 108.6
Fabricarea autovehiculelor de transport rutier  a remorcilor  si semiremorcilor, Luna iulie 2022, Procente, 104.4
Fabricarea autovehiculelor de transport rutier  a remorcilor  si semiremorcilor, Luna august 2022, Procente, 82.4
Fabricarea autovehiculelor de transport rutier  a remorcilor  si semiremorcilor, Luna septembrie 2022, Procente, 119.4
Fabricarea autovehiculelor de transport rutier  a remorcilor  si semiremorcilor, Luna octombrie 2022, Procente, 114.2
Fabricarea autovehiculelor de transport rutier  a remorcilor  si semiremorcilor, Luna noiembrie 2022, Procente, 117.4
Fabricarea autovehiculelor de transport rutier  a remorcilor  si semiremorcilor, Luna decembrie 2022, Procente, 92.3
Fabricarea autovehiculelor de transport rutier  a remorcilor  si semiremorcilor, Luna ianuarie 2023, Procente, 113.4
Fabricarea autovehiculelor de transport rutier  a remorcilor  si semiremorcilor, Luna februarie 2023, Procente, 119.9
Fabricarea autovehiculelor de transport rutier  a remorcilor  si semiremorcilor, Luna martie 2023, Procente, 129.2
Fabricarea autovehiculelor de transport rutier  a remorcilor  si semiremorcilor, Luna aprilie 2023, Procente, 99.6
Fabricarea autovehiculelor de transport rutier  a remorcilor  si semiremorcilor, Luna mai 2023, Procente, 122
Fabricarea autovehiculelor de transport rutier  a remorcilor  si semiremorcilor, Luna iunie 2023, Procente, 111.9
Fabricarea autovehiculelor de transport rutier  a remorcilor  si semiremorcilor, Luna iulie 2023, Procente, 105.3
Fabricarea autovehiculelor de transport rutier  a remorcilor  si semiremorcilor, Luna august 2023, Procente, 83.3
Fabricarea autovehiculelor de transport rutier  a remorcilor  si semiremorcilor, Luna septembrie 2023, Procente, 118.6
Fabricarea autovehiculelor de transport rutier  a remorcilor  si semiremorcilor, Luna octombrie 2023, Procente, 121.5
Fabricarea autovehiculelor de transport rutier  a remorcilor  si semiremorcilor, Luna noiembrie 2023, Procente, 112.9
Fabricarea autovehiculelor de transport rutier  a remorcilor  si semiremorcilor, Luna decembrie 2023, Procente, 82
Fabricarea autovehiculelor de transport rutier  a remorcilor  si semiremorcilor, Luna ianuarie 2024, Procente, 100.2
Fabricarea autovehiculelor de transport rutier  a remorcilor  si semiremorcilor, Luna februarie 2024, Procente, 113.5
Fabricarea autovehiculelor de transport rutier  a remorcilor  si semiremorcilor, Luna martie 2024, Procente, 115.5
Fabricarea autovehiculelor de transport rutier  a remorcilor  si semiremorcilor, Luna aprilie 2024, Procente, 113.7
Fabricarea autovehiculelor de transport rutier  a remorcilor  si semiremorcilor, Luna mai 2024, Procente, 96.8
Fabricarea autovehiculelor de transport rutier  a remorcilor  si semiremorcilor, Luna iunie 2024, Procente, 109.2
Fabricarea autovehiculelor de transport rutier  a remorcilor  si semiremorcilor, Luna iulie 2024, Procente, 101.4
Fabricarea autovehiculelor de transport rutier  a remorcilor  si semiremorcilor, Luna august 2024, Procente, 75.1
Fabricarea autovehiculelor de transport rutier  a remorcilor  si semiremorcilor, Luna septembrie 2024, Procente, 109
Fabricarea autovehiculelor de transport rutier  a remorcilor  si semiremorcilor, Luna octombrie 2024, Procente, 116.8
Fabricarea autovehiculelor de transport rutier  a remorcilor  si semiremorcilor, Luna noiembrie 2024, Procente, 107.4
Fabricarea autovehiculelor de transport rutier  a remorcilor  si semiremorcilor, Luna decembrie 2024, Procente, 85
Fabricarea autovehiculelor de transport rutier  a remorcilor  si semiremorcilor, Luna ianuarie 2025, Procente, 87.9
Fabricarea autovehiculelor de transport rutier  a remorcilor  si semiremorcilor, Luna februarie 2025, Procente, 98.2
Fabricarea altor mijloace de transport, Luna ianuarie 2005, Procente, 82.3
Fabricarea altor mijloace de transport, Luna februarie 2005, Procente, 85.3
Fabricarea altor mijloace de transport, Luna martie 2005, Procente, 89.8
Fabricarea altor mijloace de transport, Luna aprilie 2005, Procente, 86.6
Fabricarea altor mijloace de transport, Luna mai 2005, Procente, 87.8
Fabricarea altor mijloace de transport, Luna iunie 2005, Procente, 88.4
Fabricarea altor mijloace de transport, Luna iulie 2005, Procente, 90.2
Fabricarea altor mijloace de transport, Luna august 2005, Procente, 86.2
Fabricarea altor mijloace de transport, Luna septembrie 2005, Procente, 94.3
Fabricarea altor mijloace de transport, Luna octombrie 2005, Procente, 93
Fabricarea altor mijloace de transport, Luna noiembrie 2005, Procente, 111.2
Fabricarea altor mijloace de transport, Luna decembrie 2005, Procente, 83
Fabricarea altor mijloace de transport, Luna ianuarie 2006, Procente, 77.6
Fabricarea altor mijloace de transport, Luna februarie 2006, Procente, 90.1
Fabricarea altor mijloace de transport, Luna martie 2006, Procente, 106.2
Fabricarea altor mijloace de transport, Luna aprilie 2006, Procente, 95.4
Fabricarea altor mijloace de transport, Luna mai 2006, Procente, 108.4
Fabricarea altor mijloace de transport, Luna iunie 2006, Procente, 102.3
Fabricarea altor mijloace de transport, Luna iulie 2006, Procente, 96
Fabricarea altor mijloace de transport, Luna august 2006, Procente, 102.6
Fabricarea altor mijloace de transport, Luna septembrie 2006, Procente, 115.9
Fabricarea altor mijloace de transport, Luna octombrie 2006, Procente, 115.4
Fabricarea altor mijloace de transport, Luna noiembrie 2006, Procente, 115.2
Fabricarea altor mijloace de transport, Luna decembrie 2006, Procente, 89
Fabricarea altor mijloace de transport, Luna ianuarie 2007, Procente, 109.3
Fabricarea altor mijloace de transport, Luna februarie 2007, Procente, 117.9
Fabricarea altor mijloace de transport, Luna martie 2007, Procente, 121.7
Fabricarea altor mijloace de transport, Luna aprilie 2007, Procente, 107.3
Fabricarea altor mijloace de transport, Luna mai 2007, Procente, 114
Fabricarea altor mijloace de transport, Luna iunie 2007, Procente, 115.2
Fabricarea altor mijloace de transport, Luna iulie 2007, Procente, 109.9
Fabricarea altor mijloace de transport, Luna august 2007, Procente, 121
Fabricarea altor mijloace de transport, Luna septembrie 2007, Procente, 106.3
Fabricarea altor mijloace de transport, Luna octombrie 2007, Procente, 126.5
Fabricarea altor mijloace de transport, Luna noiembrie 2007, Procente, 132.7
Fabricarea altor mijloace de transport, Luna decembrie 2007, Procente, 98.7
Fabricarea altor mijloace de transport, Luna ianuarie 2008, Procente, 104.2
Fabricarea altor mijloace de transport, Luna februarie 2008, Procente, 117.1
Fabricarea altor mijloace de transport, Luna martie 2008, Procente, 111.4
Fabricarea altor mijloace de transport, Luna aprilie 2008, Procente, 115.7
Fabricarea altor mijloace de transport, Luna mai 2008, Procente, 123.8
Fabricarea altor mijloace de transport, Luna iunie 2008, Procente, 117.3
Fabricarea altor mijloace de transport, Luna iulie 2008, Procente, 116.6
Fabricarea altor mijloace de transport, Luna august 2008, Procente, 103.2
Fabricarea altor mijloace de transport, Luna septembrie 2008, Procente, 127.2
Fabricarea altor mijloace de transport, Luna octombrie 2008, Procente, 134
Fabricarea altor mijloace de transport, Luna noiembrie 2008, Procente, 119.3
Fabricarea altor mijloace de transport, Luna decembrie 2008, Procente, 105.1
Fabricarea altor mijloace de transport, Luna ianuarie 2009, Procente, 103.6
Fabricarea altor mijloace de transport, Luna februarie 2009, Procente, 108.2
Fabricarea altor mijloace de transport, Luna martie 2009, Procente, 132.9
Fabricarea altor mijloace de transport, Luna aprilie 2009, Procente, 106.9
Fabricarea altor mijloace de transport, Luna mai 2009, Procente, 116.8
Fabricarea altor mijloace de transport, Luna iunie 2009, Procente, 94.7
Fabricarea altor mijloace de transport, Luna iulie 2009, Procente, 88.4
Fabricarea altor mijloace de transport, Luna august 2009, Procente, 72.8
Fabricarea altor mijloace de transport, Luna septembrie 2009, Procente, 79.9
Fabricarea altor mijloace de transport, Luna octombrie 2009, Procente, 85.3
Fabricarea altor mijloace de transport, Luna noiembrie 2009, Procente, 82
Fabricarea altor mijloace de transport, Luna decembrie 2009, Procente, 84.7
Fabricarea altor mijloace de transport, Luna ianuarie 2010, Procente, 68
Fabricarea altor mijloace de transport, Luna februarie 2010, Procente, 78.2
Fabricarea altor mijloace de transport, Luna martie 2010, Procente, 68.2
Fabricarea altor mijloace de transport, Luna aprilie 2010, Procente, 61.7
Fabricarea altor mijloace de transport, Luna mai 2010, Procente, 60.8
Fabricarea altor mijloace de transport, Luna iunie 2010, Procente, 65.6
Fabricarea altor mijloace de transport, Luna iulie 2010, Procente, 61.4
Fabricarea altor mijloace de transport, Luna august 2010, Procente, 53.8
Fabricarea altor mijloace de transport, Luna septembrie 2010, Procente, 70.7
Fabricarea altor mijloace de transport, Luna octombrie 2010, Procente, 54.5
Fabricarea altor mijloace de transport, Luna noiembrie 2010, Procente, 59.2
Fabricarea altor mijloace de transport, Luna decembrie 2010, Procente, 58
Fabricarea altor mijloace de transport, Luna ianuarie 2011, Procente, 46.2
Fabricarea altor mijloace de transport, Luna februarie 2011, Procente, 42
Fabricarea altor mijloace de transport, Luna martie 2011, Procente, 68.6
Fabricarea altor mijloace de transport, Luna aprilie 2011, Procente, 46.6
Fabricarea altor mijloace de transport, Luna mai 2011, Procente, 57.4
Fabricarea altor mijloace de transport, Luna iunie 2011, Procente, 42.6
Fabricarea altor mijloace de transport, Luna iulie 2011, Procente, 52.1
Fabricarea altor mijloace de transport, Luna august 2011, Procente, 72.1
Fabricarea altor mijloace de transport, Luna septembrie 2011, Procente, 59
Fabricarea altor mijloace de transport, Luna octombrie 2011, Procente, 75
Fabricarea altor mijloace de transport, Luna noiembrie 2011, Procente, 76.5
Fabricarea altor mijloace de transport, Luna decembrie 2011, Procente, 75.1
Fabricarea altor mijloace de transport, Luna ianuarie 2012, Procente, 58.6
Fabricarea altor mijloace de transport, Luna februarie 2012, Procente, 61.7
Fabricarea altor mijloace de transport, Luna martie 2012, Procente, 74.5
Fabricarea altor mijloace de transport, Luna aprilie 2012, Procente, 58.3
Fabricarea altor mijloace de transport, Luna mai 2012, Procente, 76
Fabricarea altor mijloace de transport, Luna iunie 2012, Procente, 77.1
Fabricarea altor mijloace de transport, Luna iulie 2012, Procente, 75.3
Fabricarea altor mijloace de transport, Luna august 2012, Procente, 71.5
Fabricarea altor mijloace de transport, Luna septembrie 2012, Procente, 62.2
Fabricarea altor mijloace de transport, Luna octombrie 2012, Procente, 83.8
Fabricarea altor mijloace de transport, Luna noiembrie 2012, Procente, 91.7
Fabricarea altor mijloace de transport, Luna decembrie 2012, Procente, 85.9
Fabricarea altor mijloace de transport, Luna ianuarie 2013, Procente, 77.6
Fabricarea altor mijloace de transport, Luna februarie 2013, Procente, 80.9
Fabricarea altor mijloace de transport, Luna martie 2013, Procente, 77.5
Fabricarea altor mijloace de transport, Luna aprilie 2013, Procente, 81.1
Fabricarea altor mijloace de transport, Luna mai 2013, Procente, 74
Fabricarea altor mijloace de transport, Luna iunie 2013, Procente, 70.2
Fabricarea altor mijloace de transport, Luna iulie 2013, Procente, 83.5
Fabricarea altor mijloace de transport, Luna august 2013, Procente, 74.3
Fabricarea altor mijloace de transport, Luna septembrie 2013, Procente, 76.8
Fabricarea altor mijloace de transport, Luna octombrie 2013, Procente, 107.6
Fabricarea altor mijloace de transport, Luna noiembrie 2013, Procente, 113.1
Fabricarea altor mijloace de transport, Luna decembrie 2013, Procente, 109
Fabricarea altor mijloace de transport, Luna ianuarie 2014, Procente, 97.7
Fabricarea altor mijloace de transport, Luna februarie 2014, Procente, 106.8
Fabricarea altor mijloace de transport, Luna martie 2014, Procente, 95.9
Fabricarea altor mijloace de transport, Luna aprilie 2014, Procente, 111
Fabricarea altor mijloace de transport, Luna mai 2014, Procente, 91.2
Fabricarea altor mijloace de transport, Luna iunie 2014, Procente, 106.6
Fabricarea altor mijloace de transport, Luna iulie 2014, Procente, 96.8
Fabricarea altor mijloace de transport, Luna august 2014, Procente, 82.4
Fabricarea altor mijloace de transport, Luna septembrie 2014, Procente, 97.9
Fabricarea altor mijloace de transport, Luna octombrie 2014, Procente, 118.6
Fabricarea altor mijloace de transport, Luna noiembrie 2014, Procente, 111.3
Fabricarea altor mijloace de transport, Luna decembrie 2014, Procente, 104.1
Fabricarea altor mijloace de transport, Luna ianuarie 2015, Procente, 92.9
Fabricarea altor mijloace de transport, Luna februarie 2015, Procente, 107
Fabricarea altor mijloace de transport, Luna martie 2015, Procente, 104.9
Fabricarea altor mijloace de transport, Luna aprilie 2015, Procente, 82.4
Fabricarea altor mijloace de transport, Luna mai 2015, Procente, 101.6
Fabricarea altor mijloace de transport, Luna iunie 2015, Procente, 102.9
Fabricarea altor mijloace de transport, Luna iulie 2015, Procente, 103.8
Fabricarea altor mijloace de transport, Luna august 2015, Procente, 85.2
Fabricarea altor mijloace de transport, Luna septembrie 2015, Procente, 105.1
Fabricarea altor mijloace de transport, Luna octombrie 2015, Procente, 113.2
Fabricarea altor mijloace de transport, Luna noiembrie 2015, Procente, 99.5
Fabricarea altor mijloace de transport, Luna decembrie 2015, Procente, 104.6
Fabricarea altor mijloace de transport, Luna ianuarie 2016, Procente, 72.3
Fabricarea altor mijloace de transport, Luna februarie 2016, Procente, 88.3
Fabricarea altor mijloace de transport, Luna martie 2016, Procente, 96.9
Fabricarea altor mijloace de transport, Luna aprilie 2016, Procente, 90.8
Fabricarea altor mijloace de transport, Luna mai 2016, Procente, 83.8
Fabricarea altor mijloace de transport, Luna iunie 2016, Procente, 87.4
Fabricarea altor mijloace de transport, Luna iulie 2016, Procente, 87
Fabricarea altor mijloace de transport, Luna august 2016, Procente, 77
Fabricarea altor mijloace de transport, Luna septembrie 2016, Procente, 86.5
Fabricarea altor mijloace de transport, Luna octombrie 2016, Procente, 91.9
Fabricarea altor mijloace de transport, Luna noiembrie 2016, Procente, 91.5
Fabricarea altor mijloace de transport, Luna decembrie 2016, Procente, 81.5
Fabricarea altor mijloace de transport, Luna ianuarie 2017, Procente, 70.8
Fabricarea altor mijloace de transport, Luna februarie 2017, Procente, 79
Fabricarea altor mijloace de transport, Luna martie 2017, Procente, 99.3
Fabricarea altor mijloace de transport, Luna aprilie 2017, Procente, 81.3
Fabricarea altor mijloace de transport, Luna mai 2017, Procente, 96
Fabricarea altor mijloace de transport, Luna iunie 2017, Procente, 89.2
Fabricarea altor mijloace de transport, Luna iulie 2017, Procente, 80.1
Fabricarea altor mijloace de transport, Luna august 2017, Procente, 75.2
Fabricarea altor mijloace de transport, Luna septembrie 2017, Procente, 83.5
Fabricarea altor mijloace de transport, Luna octombrie 2017, Procente, 98
Fabricarea altor mijloace de transport, Luna noiembrie 2017, Procente, 105.4
Fabricarea altor mijloace de transport, Luna decembrie 2017, Procente, 95
Fabricarea altor mijloace de transport, Luna ianuarie 2018, Procente, 82.4
Fabricarea altor mijloace de transport, Luna februarie 2018, Procente, 88.9
Fabricarea altor mijloace de transport, Luna martie 2018, Procente, 92.5
Fabricarea altor mijloace de transport, Luna aprilie 2018, Procente, 83.9
Fabricarea altor mijloace de transport, Luna mai 2018, Procente, 90.2
Fabricarea altor mijloace de transport, Luna iunie 2018, Procente, 72.6
Fabricarea altor mijloace de transport, Luna iulie 2018, Procente, 92.8
Fabricarea altor mijloace de transport, Luna august 2018, Procente, 92.1
Fabricarea altor mijloace de transport, Luna septembrie 2018, Procente, 86.7
Fabricarea altor mijloace de transport, Luna octombrie 2018, Procente, 95.8
Fabricarea altor mijloace de transport, Luna noiembrie 2018, Procente, 116.5
Fabricarea altor mijloace de transport, Luna decembrie 2018, Procente, 88.4
Fabricarea altor mijloace de transport, Luna ianuarie 2019, Procente, 78.4
Fabricarea altor mijloace de transport, Luna februarie 2019, Procente, 92.5
Fabricarea altor mijloace de transport, Luna martie 2019, Procente, 103.6
Fabricarea altor mijloace de transport, Luna aprilie 2019, Procente, 88.5
Fabricarea altor mijloace de transport, Luna mai 2019, Procente, 99.2
Fabricarea altor mijloace de transport, Luna iunie 2019, Procente, 97.2
Fabricarea altor mijloace de transport, Luna iulie 2019, Procente, 99.2
Fabricarea altor mijloace de transport, Luna august 2019, Procente, 86.4
Fabricarea altor mijloace de transport, Luna septembrie 2019, Procente, 109.1
Fabricarea altor mijloace de transport, Luna octombrie 2019, Procente, 117.4
Fabricarea altor mijloace de transport, Luna noiembrie 2019, Procente, 108
Fabricarea altor mijloace de transport, Luna decembrie 2019, Procente, 106.3
Fabricarea altor mijloace de transport, Luna ianuarie 2020, Procente, 87.2
Fabricarea altor mijloace de transport, Luna februarie 2020, Procente, 106
Fabricarea altor mijloace de transport, Luna martie 2020, Procente, 95.3
Fabricarea altor mijloace de transport, Luna aprilie 2020, Procente, 45.3
Fabricarea altor mijloace de transport, Luna mai 2020, Procente, 66.2
Fabricarea altor mijloace de transport, Luna iunie 2020, Procente, 85.7
Fabricarea altor mijloace de transport, Luna iulie 2020, Procente, 84.8
Fabricarea altor mijloace de transport, Luna august 2020, Procente, 97.8
Fabricarea altor mijloace de transport, Luna septembrie 2020, Procente, 89.8
Fabricarea altor mijloace de transport, Luna octombrie 2020, Procente, 105.2
Fabricarea altor mijloace de transport, Luna noiembrie 2020, Procente, 95.9
Fabricarea altor mijloace de transport, Luna decembrie 2020, Procente, 76.5
Fabricarea altor mijloace de transport, Luna ianuarie 2021, Procente, 80.7
Fabricarea altor mijloace de transport, Luna februarie 2021, Procente, 77.4
Fabricarea altor mijloace de transport, Luna martie 2021, Procente, 119.2
Fabricarea altor mijloace de transport, Luna aprilie 2021, Procente, 100.7
Fabricarea altor mijloace de transport, Luna mai 2021, Procente, 87.3
Fabricarea altor mijloace de transport, Luna iunie 2021, Procente, 102
Fabricarea altor mijloace de transport, Luna iulie 2021, Procente, 105.5
Fabricarea altor mijloace de transport, Luna august 2021, Procente, 103.7
Fabricarea altor mijloace de transport, Luna septembrie 2021, Procente, 98.6
Fabricarea altor mijloace de transport, Luna octombrie 2021, Procente, 99.4
Fabricarea altor mijloace de transport, Luna noiembrie 2021, Procente, 103.7
Fabricarea altor mijloace de transport, Luna decembrie 2021, Procente, 121.9
Fabricarea altor mijloace de transport, Luna ianuarie 2022, Procente, 95.4
Fabricarea altor mijloace de transport, Luna februarie 2022, Procente, 104.1
Fabricarea altor mijloace de transport, Luna martie 2022, Procente, 126.1
Fabricarea altor mijloace de transport, Luna aprilie 2022, Procente, 108.7
Fabricarea altor mijloace de transport, Luna mai 2022, Procente, 103.3
Fabricarea altor mijloace de transport, Luna iunie 2022, Procente, 104.8
Fabricarea altor mijloace de transport, Luna iulie 2022, Procente, 113.3
Fabricarea altor mijloace de transport, Luna august 2022, Procente, 101.5
Fabricarea altor mijloace de transport, Luna septembrie 2022, Procente, 108.6
Fabricarea altor mijloace de transport, Luna octombrie 2022, Procente, 103.5
Fabricarea altor mijloace de transport, Luna noiembrie 2022, Procente, 103
Fabricarea altor mijloace de transport, Luna decembrie 2022, Procente, 115.8
Fabricarea altor mijloace de transport, Luna ianuarie 2023, Procente, 86.8
Fabricarea altor mijloace de transport, Luna februarie 2023, Procente, 105.1
Fabricarea altor mijloace de transport, Luna martie 2023, Procente, 117.3
Fabricarea altor mijloace de transport, Luna aprilie 2023, Procente, 90.9
Fabricarea altor mijloace de transport, Luna mai 2023, Procente, 111.3
Fabricarea altor mijloace de transport, Luna iunie 2023, Procente, 103.7
Fabricarea altor mijloace de transport, Luna iulie 2023, Procente, 103.1
Fabricarea altor mijloace de transport, Luna august 2023, Procente, 102
Fabricarea altor mijloace de transport, Luna septembrie 2023, Procente, 101.5
Fabricarea altor mijloace de transport, Luna octombrie 2023, Procente, 107.4
Fabricarea altor mijloace de transport, Luna noiembrie 2023, Procente, 112.7
Fabricarea altor mijloace de transport, Luna decembrie 2023, Procente, 100.5
Fabricarea altor mijloace de transport, Luna ianuarie 2024, Procente, 103.4
Fabricarea altor mijloace de transport, Luna februarie 2024, Procente, 116.7
Fabricarea altor mijloace de transport, Luna martie 2024, Procente, 116.4
Fabricarea altor mijloace de transport, Luna aprilie 2024, Procente, 128.8
Fabricarea altor mijloace de transport, Luna mai 2024, Procente, 115
Fabricarea altor mijloace de transport, Luna iunie 2024, Procente, 106.4
Fabricarea altor mijloace de transport, Luna iulie 2024, Procente, 129.9
Fabricarea altor mijloace de transport, Luna august 2024, Procente, 100.8
Fabricarea altor mijloace de transport, Luna septembrie 2024, Procente, 122.1
Fabricarea altor mijloace de transport, Luna octombrie 2024, Procente, 119.3
Fabricarea altor mijloace de transport, Luna noiembrie 2024, Procente, 128.3
Fabricarea altor mijloace de transport, Luna decembrie 2024, Procente, 109.9
Fabricarea altor mijloace de transport, Luna ianuarie 2025, Procente, 109.4
Fabricarea altor mijloace de transport, Luna februarie 2025, Procente, 114
Fabricarea de mobila, Luna ianuarie 2005, Procente, 84.6
Fabricarea de mobila, Luna februarie 2005, Procente, 103.1
Fabricarea de mobila, Luna martie 2005, Procente, 101.1
Fabricarea de mobila, Luna aprilie 2005, Procente, 101.3
Fabricarea de mobila, Luna mai 2005, Procente, 90.3
Fabricarea de mobila, Luna iunie 2005, Procente, 90.2
Fabricarea de mobila, Luna iulie 2005, Procente, 75.9
Fabricarea de mobila, Luna august 2005, Procente, 84.7
Fabricarea de mobila, Luna septembrie 2005, Procente, 95.8
Fabricarea de mobila, Luna octombrie 2005, Procente, 93.3
Fabricarea de mobila, Luna noiembrie 2005, Procente, 96.9
Fabricarea de mobila, Luna decembrie 2005, Procente, 84.3
Fabricarea de mobila, Luna ianuarie 2006, Procente, 93.1
Fabricarea de mobila, Luna februarie 2006, Procente, 104.2
Fabricarea de mobila, Luna martie 2006, Procente, 111.2
Fabricarea de mobila, Luna aprilie 2006, Procente, 92.1
Fabricarea de mobila, Luna mai 2006, Procente, 107.8
Fabricarea de mobila, Luna iunie 2006, Procente, 107.3
Fabricarea de mobila, Luna iulie 2006, Procente, 96.9
Fabricarea de mobila, Luna august 2006, Procente, 95.9
Fabricarea de mobila, Luna septembrie 2006, Procente, 108.5
Fabricarea de mobila, Luna octombrie 2006, Procente, 110.9
Fabricarea de mobila, Luna noiembrie 2006, Procente, 117.4
Fabricarea de mobila, Luna decembrie 2006, Procente, 106.3
Fabricarea de mobila, Luna ianuarie 2007, Procente, 107.7
Fabricarea de mobila, Luna februarie 2007, Procente, 110.6
Fabricarea de mobila, Luna martie 2007, Procente, 121.3
Fabricarea de mobila, Luna aprilie 2007, Procente, 105.2
Fabricarea de mobila, Luna mai 2007, Procente, 119.8
Fabricarea de mobila, Luna iunie 2007, Procente, 101.1
Fabricarea de mobila, Luna iulie 2007, Procente, 92.8
Fabricarea de mobila, Luna august 2007, Procente, 101.6
Fabricarea de mobila, Luna septembrie 2007, Procente, 104.8
Fabricarea de mobila, Luna octombrie 2007, Procente, 117.5
Fabricarea de mobila, Luna noiembrie 2007, Procente, 119.5
Fabricarea de mobila, Luna decembrie 2007, Procente, 89.6
Fabricarea de mobila, Luna ianuarie 2008, Procente, 105.9
Fabricarea de mobila, Luna februarie 2008, Procente, 115.1
Fabricarea de mobila, Luna martie 2008, Procente, 112
Fabricarea de mobila, Luna aprilie 2008, Procente, 109.3
Fabricarea de mobila, Luna mai 2008, Procente, 111.3
Fabricarea de mobila, Luna iunie 2008, Procente, 107
Fabricarea de mobila, Luna iulie 2008, Procente, 100.7
Fabricarea de mobila, Luna august 2008, Procente, 85.2
Fabricarea de mobila, Luna septembrie 2008, Procente, 104.8
Fabricarea de mobila, Luna octombrie 2008, Procente, 109.1
Fabricarea de mobila, Luna noiembrie 2008, Procente, 99.8
Fabricarea de mobila, Luna decembrie 2008, Procente, 86.8
Fabricarea de mobila, Luna ianuarie 2009, Procente, 85.5
Fabricarea de mobila, Luna februarie 2009, Procente, 92.1
Fabricarea de mobila, Luna martie 2009, Procente, 101.5
Fabricarea de mobila, Luna aprilie 2009, Procente, 90.7
Fabricarea de mobila, Luna mai 2009, Procente, 92.3
Fabricarea de mobila, Luna iunie 2009, Procente, 89.1
Fabricarea de mobila, Luna iulie 2009, Procente, 83.7
Fabricarea de mobila, Luna august 2009, Procente, 80.5
Fabricarea de mobila, Luna septembrie 2009, Procente, 94.7
Fabricarea de mobila, Luna octombrie 2009, Procente, 91.5
Fabricarea de mobila, Luna noiembrie 2009, Procente, 88.9
Fabricarea de mobila, Luna decembrie 2009, Procente, 75.8
Fabricarea de mobila, Luna ianuarie 2010, Procente, 73.3
Fabricarea de mobila, Luna februarie 2010, Procente, 75.5
Fabricarea de mobila, Luna martie 2010, Procente, 93.7
Fabricarea de mobila, Luna aprilie 2010, Procente, 82.6
Fabricarea de mobila, Luna mai 2010, Procente, 84.1
Fabricarea de mobila, Luna iunie 2010, Procente, 88.5
Fabricarea de mobila, Luna iulie 2010, Procente, 78.7
Fabricarea de mobila, Luna august 2010, Procente, 84.2
Fabricarea de mobila, Luna septembrie 2010, Procente, 101.9
Fabricarea de mobila, Luna octombrie 2010, Procente, 100.6
Fabricarea de mobila, Luna noiembrie 2010, Procente, 102.8
Fabricarea de mobila, Luna decembrie 2010, Procente, 84.1
Fabricarea de mobila, Luna ianuarie 2011, Procente, 83.4
Fabricarea de mobila, Luna februarie 2011, Procente, 89.5
Fabricarea de mobila, Luna martie 2011, Procente, 94.1
Fabricarea de mobila, Luna aprilie 2011, Procente, 84.5
Fabricarea de mobila, Luna mai 2011, Procente, 87.3
Fabricarea de mobila, Luna iunie 2011, Procente, 85.4
Fabricarea de mobila, Luna iulie 2011, Procente, 78.7
Fabricarea de mobila, Luna august 2011, Procente, 85.8
Fabricarea de mobila, Luna septembrie 2011, Procente, 91.8
Fabricarea de mobila, Luna octombrie 2011, Procente, 87.4
Fabricarea de mobila, Luna noiembrie 2011, Procente, 92.3
Fabricarea de mobila, Luna decembrie 2011, Procente, 81.1
Fabricarea de mobila, Luna ianuarie 2012, Procente, 83.3
Fabricarea de mobila, Luna februarie 2012, Procente, 84.2
Fabricarea de mobila, Luna martie 2012, Procente, 90.6
Fabricarea de mobila, Luna aprilie 2012, Procente, 84.4
Fabricarea de mobila, Luna mai 2012, Procente, 89.5
Fabricarea de mobila, Luna iunie 2012, Procente, 84.8
Fabricarea de mobila, Luna iulie 2012, Procente, 84.5
Fabricarea de mobila, Luna august 2012, Procente, 86.9
Fabricarea de mobila, Luna septembrie 2012, Procente, 95.3
Fabricarea de mobila, Luna octombrie 2012, Procente, 110.4
Fabricarea de mobila, Luna noiembrie 2012, Procente, 105.7
Fabricarea de mobila, Luna decembrie 2012, Procente, 76.3
Fabricarea de mobila, Luna ianuarie 2013, Procente, 90.2
Fabricarea de mobila, Luna februarie 2013, Procente, 91.5
Fabricarea de mobila, Luna martie 2013, Procente, 99.5
Fabricarea de mobila, Luna aprilie 2013, Procente, 102.2
Fabricarea de mobila, Luna mai 2013, Procente, 97.9
Fabricarea de mobila, Luna iunie 2013, Procente, 87.5
Fabricarea de mobila, Luna iulie 2013, Procente, 94.4
Fabricarea de mobila, Luna august 2013, Procente, 96
Fabricarea de mobila, Luna septembrie 2013, Procente, 109.7
Fabricarea de mobila, Luna octombrie 2013, Procente, 117.3
Fabricarea de mobila, Luna noiembrie 2013, Procente, 116.5
Fabricarea de mobila, Luna decembrie 2013, Procente, 89.7
Fabricarea de mobila, Luna ianuarie 2014, Procente, 101.1
Fabricarea de mobila, Luna februarie 2014, Procente, 108.6
Fabricarea de mobila, Luna martie 2014, Procente, 104.9
Fabricarea de mobila, Luna aprilie 2014, Procente, 102.8
Fabricarea de mobila, Luna mai 2014, Procente, 104.1
Fabricarea de mobila, Luna iunie 2014, Procente, 99.1
Fabricarea de mobila, Luna iulie 2014, Procente, 93.1
Fabricarea de mobila, Luna august 2014, Procente, 91.9
Fabricarea de mobila, Luna septembrie 2014, Procente, 111
Fabricarea de mobila, Luna octombrie 2014, Procente, 115
Fabricarea de mobila, Luna noiembrie 2014, Procente, 108.2
Fabricarea de mobila, Luna decembrie 2014, Procente, 86.7
Fabricarea de mobila, Luna ianuarie 2015, Procente, 101.2
Fabricarea de mobila, Luna februarie 2015, Procente, 108.1
Fabricarea de mobila, Luna martie 2015, Procente, 117.1
Fabricarea de mobila, Luna aprilie 2015, Procente, 104.4
Fabricarea de mobila, Luna mai 2015, Procente, 107.3
Fabricarea de mobila, Luna iunie 2015, Procente, 108.4
Fabricarea de mobila, Luna iulie 2015, Procente, 108.2
Fabricarea de mobila, Luna august 2015, Procente, 105.9
Fabricarea de mobila, Luna septembrie 2015, Procente, 121
Fabricarea de mobila, Luna octombrie 2015, Procente, 121
Fabricarea de mobila, Luna noiembrie 2015, Procente, 119.7
Fabricarea de mobila, Luna decembrie 2015, Procente, 100.9
Fabricarea de mobila, Luna ianuarie 2016, Procente, 117
Fabricarea de mobila, Luna februarie 2016, Procente, 127.1
Fabricarea de mobila, Luna martie 2016, Procente, 133.7
Fabricarea de mobila, Luna aprilie 2016, Procente, 122.4
Fabricarea de mobila, Luna mai 2016, Procente, 126.8
Fabricarea de mobila, Luna iunie 2016, Procente, 122.4
Fabricarea de mobila, Luna iulie 2016, Procente, 114.8
Fabricarea de mobila, Luna august 2016, Procente, 120.5
Fabricarea de mobila, Luna septembrie 2016, Procente, 133.1
Fabricarea de mobila, Luna octombrie 2016, Procente, 132.3
Fabricarea de mobila, Luna noiembrie 2016, Procente, 138.1
Fabricarea de mobila, Luna decembrie 2016, Procente, 108.5
Fabricarea de mobila, Luna ianuarie 2017, Procente, 113.9
Fabricarea de mobila, Luna februarie 2017, Procente, 123.7
Fabricarea de mobila, Luna martie 2017, Procente, 135.1
Fabricarea de mobila, Luna aprilie 2017, Procente, 114.2
Fabricarea de mobila, Luna mai 2017, Procente, 133.2
Fabricarea de mobila, Luna iunie 2017, Procente, 112.5
Fabricarea de mobila, Luna iulie 2017, Procente, 103.1
Fabricarea de mobila, Luna august 2017, Procente, 115.6
Fabricarea de mobila, Luna septembrie 2017, Procente, 125
Fabricarea de mobila, Luna octombrie 2017, Procente, 132.7
Fabricarea de mobila, Luna noiembrie 2017, Procente, 145
Fabricarea de mobila, Luna decembrie 2017, Procente, 112.3
Fabricarea de mobila, Luna ianuarie 2018, Procente, 123.3
Fabricarea de mobila, Luna februarie 2018, Procente, 123
Fabricarea de mobila, Luna martie 2018, Procente, 124.2
Fabricarea de mobila, Luna aprilie 2018, Procente, 111.4
Fabricarea de mobila, Luna mai 2018, Procente, 124.8
Fabricarea de mobila, Luna iunie 2018, Procente, 115.2
Fabricarea de mobila, Luna iulie 2018, Procente, 108.9
Fabricarea de mobila, Luna august 2018, Procente, 114.8
Fabricarea de mobila, Luna septembrie 2018, Procente, 112.7
Fabricarea de mobila, Luna octombrie 2018, Procente, 133.8
Fabricarea de mobila, Luna noiembrie 2018, Procente, 127.3
Fabricarea de mobila, Luna decembrie 2018, Procente, 92.8
Fabricarea de mobila, Luna ianuarie 2019, Procente, 106.9
Fabricarea de mobila, Luna februarie 2019, Procente, 107.1
Fabricarea de mobila, Luna martie 2019, Procente, 113
Fabricarea de mobila, Luna aprilie 2019, Procente, 101.8
Fabricarea de mobila, Luna mai 2019, Procente, 114.9
Fabricarea de mobila, Luna iunie 2019, Procente, 106.9
Fabricarea de mobila, Luna iulie 2019, Procente, 109.7
Fabricarea de mobila, Luna august 2019, Procente, 104.3
Fabricarea de mobila, Luna septembrie 2019, Procente, 117.9
Fabricarea de mobila, Luna octombrie 2019, Procente, 124.8
Fabricarea de mobila, Luna noiembrie 2019, Procente, 126.4
Fabricarea de mobila, Luna decembrie 2019, Procente, 95
Fabricarea de mobila, Luna ianuarie 2020, Procente, 98.2
Fabricarea de mobila, Luna februarie 2020, Procente, 106.8
Fabricarea de mobila, Luna martie 2020, Procente, 80.9
Fabricarea de mobila, Luna aprilie 2020, Procente, 30.1
Fabricarea de mobila, Luna mai 2020, Procente, 60.7
Fabricarea de mobila, Luna iunie 2020, Procente, 97.2
Fabricarea de mobila, Luna iulie 2020, Procente, 107.4
Fabricarea de mobila, Luna august 2020, Procente, 95.9
Fabricarea de mobila, Luna septembrie 2020, Procente, 114.5
Fabricarea de mobila, Luna octombrie 2020, Procente, 114.3
Fabricarea de mobila, Luna noiembrie 2020, Procente, 107.1
Fabricarea de mobila, Luna decembrie 2020, Procente, 97.4
Fabricarea de mobila, Luna ianuarie 2021, Procente, 113.8
Fabricarea de mobila, Luna februarie 2021, Procente, 106
Fabricarea de mobila, Luna martie 2021, Procente, 114
Fabricarea de mobila, Luna aprilie 2021, Procente, 95
Fabricarea de mobila, Luna mai 2021, Procente, 92
Fabricarea de mobila, Luna iunie 2021, Procente, 91.4
Fabricarea de mobila, Luna iulie 2021, Procente, 89.3
Fabricarea de mobila, Luna august 2021, Procente, 94.6
Fabricarea de mobila, Luna septembrie 2021, Procente, 102.8
Fabricarea de mobila, Luna octombrie 2021, Procente, 103
Fabricarea de mobila, Luna noiembrie 2021, Procente, 105.3
Fabricarea de mobila, Luna decembrie 2021, Procente, 92.8
Fabricarea de mobila, Luna ianuarie 2022, Procente, 90.6
Fabricarea de mobila, Luna februarie 2022, Procente, 95.5
Fabricarea de mobila, Luna martie 2022, Procente, 121
Fabricarea de mobila, Luna aprilie 2022, Procente, 99.6
Fabricarea de mobila, Luna mai 2022, Procente, 113.4
Fabricarea de mobila, Luna iunie 2022, Procente, 102.5
Fabricarea de mobila, Luna iulie 2022, Procente, 91.8
Fabricarea de mobila, Luna august 2022, Procente, 94.7
Fabricarea de mobila, Luna septembrie 2022, Procente, 103.9
Fabricarea de mobila, Luna octombrie 2022, Procente, 105.3
Fabricarea de mobila, Luna noiembrie 2022, Procente, 112.2
Fabricarea de mobila, Luna decembrie 2022, Procente, 90.7
Fabricarea de mobila, Luna ianuarie 2023, Procente, 94.2
Fabricarea de mobila, Luna februarie 2023, Procente, 92.1
Fabricarea de mobila, Luna martie 2023, Procente, 101.5
Fabricarea de mobila, Luna aprilie 2023, Procente, 82.2
Fabricarea de mobila, Luna mai 2023, Procente, 97.1
Fabricarea de mobila, Luna iunie 2023, Procente, 86.3
Fabricarea de mobila, Luna iulie 2023, Procente, 73.7
Fabricarea de mobila, Luna august 2023, Procente, 76.5
Fabricarea de mobila, Luna septembrie 2023, Procente, 91.4
Fabricarea de mobila, Luna octombrie 2023, Procente, 93.8
Fabricarea de mobila, Luna noiembrie 2023, Procente, 98.3
Fabricarea de mobila, Luna decembrie 2023, Procente, 84.6
Fabricarea de mobila, Luna ianuarie 2024, Procente, 90.7
Fabricarea de mobila, Luna februarie 2024, Procente, 91.6
Fabricarea de mobila, Luna martie 2024, Procente, 93.5
Fabricarea de mobila, Luna aprilie 2024, Procente, 96.8
Fabricarea de mobila, Luna mai 2024, Procente, 83.1
Fabricarea de mobila, Luna iunie 2024, Procente, 81.7
Fabricarea de mobila, Luna iulie 2024, Procente, 81
Fabricarea de mobila, Luna august 2024, Procente, 78.9
Fabricarea de mobila, Luna septembrie 2024, Procente, 87.7
Fabricarea de mobila, Luna octombrie 2024, Procente, 92.6
Fabricarea de mobila, Luna noiembrie 2024, Procente, 100.3
Fabricarea de mobila, Luna decembrie 2024, Procente, 89.3
Fabricarea de mobila, Luna ianuarie 2025, Procente, 92.3
Fabricarea de mobila, Luna februarie 2025, Procente, 99.7
Alte activitati industriale n.c.a, Luna ianuarie 2005, Procente, 81.5
Alte activitati industriale n.c.a, Luna februarie 2005, Procente, 87.7
Alte activitati industriale n.c.a, Luna martie 2005, Procente, 100
Alte activitati industriale n.c.a, Luna aprilie 2005, Procente, 105.1
Alte activitati industriale n.c.a, Luna mai 2005, Procente, 98.4
Alte activitati industriale n.c.a, Luna iunie 2005, Procente, 91.5
Alte activitati industriale n.c.a, Luna iulie 2005, Procente, 105.7
Alte activitati industriale n.c.a, Luna august 2005, Procente, 93.9
Alte activitati industriale n.c.a, Luna septembrie 2005, Procente, 116.7
Alte activitati industriale n.c.a, Luna octombrie 2005, Procente, 110
Alte activitati industriale n.c.a, Luna noiembrie 2005, Procente, 97.5
Alte activitati industriale n.c.a, Luna decembrie 2005, Procente, 69.9
Alte activitati industriale n.c.a, Luna ianuarie 2006, Procente, 79.2
Alte activitati industriale n.c.a, Luna februarie 2006, Procente, 90.1
Alte activitati industriale n.c.a, Luna martie 2006, Procente, 115.9
Alte activitati industriale n.c.a, Luna aprilie 2006, Procente, 160
Alte activitati industriale n.c.a, Luna mai 2006, Procente, 101.9
Alte activitati industriale n.c.a, Luna iunie 2006, Procente, 97.8
Alte activitati industriale n.c.a, Luna iulie 2006, Procente, 90.5
Alte activitati industriale n.c.a, Luna august 2006, Procente, 81.8
Alte activitati industriale n.c.a, Luna septembrie 2006, Procente, 108.1
Alte activitati industriale n.c.a, Luna octombrie 2006, Procente, 103.9
Alte activitati industriale n.c.a, Luna noiembrie 2006, Procente, 114.9
Alte activitati industriale n.c.a, Luna decembrie 2006, Procente, 82.9
Alte activitati industriale n.c.a, Luna ianuarie 2007, Procente, 108.8
Alte activitati industriale n.c.a, Luna februarie 2007, Procente, 140.3
Alte activitati industriale n.c.a, Luna martie 2007, Procente, 146
Alte activitati industriale n.c.a, Luna aprilie 2007, Procente, 110.9
Alte activitati industriale n.c.a, Luna mai 2007, Procente, 130.2
Alte activitati industriale n.c.a, Luna iunie 2007, Procente, 109
Alte activitati industriale n.c.a, Luna iulie 2007, Procente, 108
Alte activitati industriale n.c.a, Luna august 2007, Procente, 84.3
Alte activitati industriale n.c.a, Luna septembrie 2007, Procente, 84.5
Alte activitati industriale n.c.a, Luna octombrie 2007, Procente, 94.4
Alte activitati industriale n.c.a, Luna noiembrie 2007, Procente, 115.5
Alte activitati industriale n.c.a, Luna decembrie 2007, Procente, 104.7
Alte activitati industriale n.c.a, Luna ianuarie 2008, Procente, 64.3
Alte activitati industriale n.c.a, Luna februarie 2008, Procente, 78.6
Alte activitati industriale n.c.a, Luna martie 2008, Procente, 83.9
Alte activitati industriale n.c.a, Luna aprilie 2008, Procente, 71.1
Alte activitati industriale n.c.a, Luna mai 2008, Procente, 95.9
Alte activitati industriale n.c.a, Luna iunie 2008, Procente, 83.4
Alte activitati industriale n.c.a, Luna iulie 2008, Procente, 86.5
Alte activitati industriale n.c.a, Luna august 2008, Procente, 83.8
Alte activitati industriale n.c.a, Luna septembrie 2008, Procente, 78.7
Alte activitati industriale n.c.a, Luna octombrie 2008, Procente, 90.1
Alte activitati industriale n.c.a, Luna noiembrie 2008, Procente, 83.6
Alte activitati industriale n.c.a, Luna decembrie 2008, Procente, 66.6
Alte activitati industriale n.c.a, Luna ianuarie 2009, Procente, 58.6
Alte activitati industriale n.c.a, Luna februarie 2009, Procente, 63.7
Alte activitati industriale n.c.a, Luna martie 2009, Procente, 77.3
Alte activitati industriale n.c.a, Luna aprilie 2009, Procente, 90.5
Alte activitati industriale n.c.a, Luna mai 2009, Procente, 83.3
Alte activitati industriale n.c.a, Luna iunie 2009, Procente, 88.3
Alte activitati industriale n.c.a, Luna iulie 2009, Procente, 89.3
Alte activitati industriale n.c.a, Luna august 2009, Procente, 53
Alte activitati industriale n.c.a, Luna septembrie 2009, Procente, 62.5
Alte activitati industriale n.c.a, Luna octombrie 2009, Procente, 72.7
Alte activitati industriale n.c.a, Luna noiembrie 2009, Procente, 68.8
Alte activitati industriale n.c.a, Luna decembrie 2009, Procente, 49.7
Alte activitati industriale n.c.a, Luna ianuarie 2010, Procente, 53
Alte activitati industriale n.c.a, Luna februarie 2010, Procente, 49.6
Alte activitati industriale n.c.a, Luna martie 2010, Procente, 64.7
Alte activitati industriale n.c.a, Luna aprilie 2010, Procente, 67.2
Alte activitati industriale n.c.a, Luna mai 2010, Procente, 64.5
Alte activitati industriale n.c.a, Luna iunie 2010, Procente, 66.9
Alte activitati industriale n.c.a, Luna iulie 2010, Procente, 58.3
Alte activitati industriale n.c.a, Luna august 2010, Procente, 53.5
Alte activitati industriale n.c.a, Luna septembrie 2010, Procente, 73.8
Alte activitati industriale n.c.a, Luna octombrie 2010, Procente, 69.9
Alte activitati industriale n.c.a, Luna noiembrie 2010, Procente, 73.6
Alte activitati industriale n.c.a, Luna decembrie 2010, Procente, 72
Alte activitati industriale n.c.a, Luna ianuarie 2011, Procente, 78.7
Alte activitati industriale n.c.a, Luna februarie 2011, Procente, 70.7
Alte activitati industriale n.c.a, Luna martie 2011, Procente, 80.7
Alte activitati industriale n.c.a, Luna aprilie 2011, Procente, 70.2
Alte activitati industriale n.c.a, Luna mai 2011, Procente, 85.9
Alte activitati industriale n.c.a, Luna iunie 2011, Procente, 72.5
Alte activitati industriale n.c.a, Luna iulie 2011, Procente, 69.4
Alte activitati industriale n.c.a, Luna august 2011, Procente, 61.2
Alte activitati industriale n.c.a, Luna septembrie 2011, Procente, 68.9
Alte activitati industriale n.c.a, Luna octombrie 2011, Procente, 78.1
Alte activitati industriale n.c.a, Luna noiembrie 2011, Procente, 65.6
Alte activitati industriale n.c.a, Luna decembrie 2011, Procente, 58.1
Alte activitati industriale n.c.a, Luna ianuarie 2012, Procente, 73.2
Alte activitati industriale n.c.a, Luna februarie 2012, Procente, 80.9
Alte activitati industriale n.c.a, Luna martie 2012, Procente, 90.9
Alte activitati industriale n.c.a, Luna aprilie 2012, Procente, 78.5
Alte activitati industriale n.c.a, Luna mai 2012, Procente, 84
Alte activitati industriale n.c.a, Luna iunie 2012, Procente, 83.1
Alte activitati industriale n.c.a, Luna iulie 2012, Procente, 82.5
Alte activitati industriale n.c.a, Luna august 2012, Procente, 66.9
Alte activitati industriale n.c.a, Luna septembrie 2012, Procente, 73.1
Alte activitati industriale n.c.a, Luna octombrie 2012, Procente, 83.4
Alte activitati industriale n.c.a, Luna noiembrie 2012, Procente, 78.2
Alte activitati industriale n.c.a, Luna decembrie 2012, Procente, 60.7
Alte activitati industriale n.c.a, Luna ianuarie 2013, Procente, 69.8
Alte activitati industriale n.c.a, Luna februarie 2013, Procente, 70.5
Alte activitati industriale n.c.a, Luna martie 2013, Procente, 91.2
Alte activitati industriale n.c.a, Luna aprilie 2013, Procente, 91.5
Alte activitati industriale n.c.a, Luna mai 2013, Procente, 82.5
Alte activitati industriale n.c.a, Luna iunie 2013, Procente, 83.4
Alte activitati industriale n.c.a, Luna iulie 2013, Procente, 90.3
Alte activitati industriale n.c.a, Luna august 2013, Procente, 65.4
Alte activitati industriale n.c.a, Luna septembrie 2013, Procente, 84.4
Alte activitati industriale n.c.a, Luna octombrie 2013, Procente, 83.8
Alte activitati industriale n.c.a, Luna noiembrie 2013, Procente, 82.7
Alte activitati industriale n.c.a, Luna decembrie 2013, Procente, 64.2
Alte activitati industriale n.c.a, Luna ianuarie 2014, Procente, 70.8
Alte activitati industriale n.c.a, Luna februarie 2014, Procente, 75.8
Alte activitati industriale n.c.a, Luna martie 2014, Procente, 89.2
Alte activitati industriale n.c.a, Luna aprilie 2014, Procente, 92.4
Alte activitati industriale n.c.a, Luna mai 2014, Procente, 100.1
Alte activitati industriale n.c.a, Luna iunie 2014, Procente, 95.7
Alte activitati industriale n.c.a, Luna iulie 2014, Procente, 103.5
Alte activitati industriale n.c.a, Luna august 2014, Procente, 75.7
Alte activitati industriale n.c.a, Luna septembrie 2014, Procente, 98
Alte activitati industriale n.c.a, Luna octombrie 2014, Procente, 112.4
Alte activitati industriale n.c.a, Luna noiembrie 2014, Procente, 106.4
Alte activitati industriale n.c.a, Luna decembrie 2014, Procente, 100.3
Alte activitati industriale n.c.a, Luna ianuarie 2015, Procente, 72.9
Alte activitati industriale n.c.a, Luna februarie 2015, Procente, 81.9
Alte activitati industriale n.c.a, Luna martie 2015, Procente, 83.4
Alte activitati industriale n.c.a, Luna aprilie 2015, Procente, 83.6
Alte activitati industriale n.c.a, Luna mai 2015, Procente, 84.3
Alte activitati industriale n.c.a, Luna iunie 2015, Procente, 87.3
Alte activitati industriale n.c.a, Luna iulie 2015, Procente, 92.7
Alte activitati industriale n.c.a, Luna august 2015, Procente, 56.2
Alte activitati industriale n.c.a, Luna septembrie 2015, Procente, 90.1
Alte activitati industriale n.c.a, Luna octombrie 2015, Procente, 87.2
Alte activitati industriale n.c.a, Luna noiembrie 2015, Procente, 89.9
Alte activitati industriale n.c.a, Luna decembrie 2015, Procente, 78.6
Alte activitati industriale n.c.a, Luna ianuarie 2016, Procente, 76.5
Alte activitati industriale n.c.a, Luna februarie 2016, Procente, 85.9
Alte activitati industriale n.c.a, Luna martie 2016, Procente, 91.9
Alte activitati industriale n.c.a, Luna aprilie 2016, Procente, 91.6
Alte activitati industriale n.c.a, Luna mai 2016, Procente, 88.6
Alte activitati industriale n.c.a, Luna iunie 2016, Procente, 89.7
Alte activitati industriale n.c.a, Luna iulie 2016, Procente, 90.2
Alte activitati industriale n.c.a, Luna august 2016, Procente, 66.2
Alte activitati industriale n.c.a, Luna septembrie 2016, Procente, 94.7
Alte activitati industriale n.c.a, Luna octombrie 2016, Procente, 86.4
Alte activitati industriale n.c.a, Luna noiembrie 2016, Procente, 84.1
Alte activitati industriale n.c.a, Luna decembrie 2016, Procente, 64.6
Alte activitati industriale n.c.a, Luna ianuarie 2017, Procente, 76.5
Alte activitati industriale n.c.a, Luna februarie 2017, Procente, 89.6
Alte activitati industriale n.c.a, Luna martie 2017, Procente, 103.9
Alte activitati industriale n.c.a, Luna aprilie 2017, Procente, 89.7
Alte activitati industriale n.c.a, Luna mai 2017, Procente, 104.2
Alte activitati industriale n.c.a, Luna iunie 2017, Procente, 99.2
Alte activitati industriale n.c.a, Luna iulie 2017, Procente, 96.6
Alte activitati industriale n.c.a, Luna august 2017, Procente, 69.7
Alte activitati industriale n.c.a, Luna septembrie 2017, Procente, 97
Alte activitati industriale n.c.a, Luna octombrie 2017, Procente, 99.9
Alte activitati industriale n.c.a, Luna noiembrie 2017, Procente, 99.2
Alte activitati industriale n.c.a, Luna decembrie 2017, Procente, 73.2
Alte activitati industriale n.c.a, Luna ianuarie 2018, Procente, 82.2
Alte activitati industriale n.c.a, Luna februarie 2018, Procente, 94
Alte activitati industriale n.c.a, Luna martie 2018, Procente, 93.2
Alte activitati industriale n.c.a, Luna aprilie 2018, Procente, 91.2
Alte activitati industriale n.c.a, Luna mai 2018, Procente, 97.1
Alte activitati industriale n.c.a, Luna iunie 2018, Procente, 93.9
Alte activitati industriale n.c.a, Luna iulie 2018, Procente, 96.8
Alte activitati industriale n.c.a, Luna august 2018, Procente, 69.2
Alte activitati industriale n.c.a, Luna septembrie 2018, Procente, 93.7
Alte activitati industriale n.c.a, Luna octombrie 2018, Procente, 102.7
Alte activitati industriale n.c.a, Luna noiembrie 2018, Procente, 104.9
Alte activitati industriale n.c.a, Luna decembrie 2018, Procente, 71
Alte activitati industriale n.c.a, Luna ianuarie 2019, Procente, 80.2
Alte activitati industriale n.c.a, Luna februarie 2019, Procente, 93.6
Alte activitati industriale n.c.a, Luna martie 2019, Procente, 105.8
Alte activitati industriale n.c.a, Luna aprilie 2019, Procente, 100.1
Alte activitati industriale n.c.a, Luna mai 2019, Procente, 112.7
Alte activitati industriale n.c.a, Luna iunie 2019, Procente, 93.3
Alte activitati industriale n.c.a, Luna iulie 2019, Procente, 122.8
Alte activitati industriale n.c.a, Luna august 2019, Procente, 69.1
Alte activitati industriale n.c.a, Luna septembrie 2019, Procente, 99.9
Alte activitati industriale n.c.a, Luna octombrie 2019, Procente, 108.9
Alte activitati industriale n.c.a, Luna noiembrie 2019, Procente, 102.4
Alte activitati industriale n.c.a, Luna decembrie 2019, Procente, 80.6
Alte activitati industriale n.c.a, Luna ianuarie 2020, Procente, 90.9
Alte activitati industriale n.c.a, Luna februarie 2020, Procente, 99.4
Alte activitati industriale n.c.a, Luna martie 2020, Procente, 96.6
Alte activitati industriale n.c.a, Luna aprilie 2020, Procente, 54.4
Alte activitati industriale n.c.a, Luna mai 2020, Procente, 78.2
Alte activitati industriale n.c.a, Luna iunie 2020, Procente, 103.1
Alte activitati industriale n.c.a, Luna iulie 2020, Procente, 110.9
Alte activitati industriale n.c.a, Luna august 2020, Procente, 79.3
Alte activitati industriale n.c.a, Luna septembrie 2020, Procente, 107.7
Alte activitati industriale n.c.a, Luna octombrie 2020, Procente, 120.6
Alte activitati industriale n.c.a, Luna noiembrie 2020, Procente, 103.6
Alte activitati industriale n.c.a, Luna decembrie 2020, Procente, 82.1
Alte activitati industriale n.c.a, Luna ianuarie 2021, Procente, 89.3
Alte activitati industriale n.c.a, Luna februarie 2021, Procente, 91.4
Alte activitati industriale n.c.a, Luna martie 2021, Procente, 106.8
Alte activitati industriale n.c.a, Luna aprilie 2021, Procente, 105.7
Alte activitati industriale n.c.a, Luna mai 2021, Procente, 96.9
Alte activitati industriale n.c.a, Luna iunie 2021, Procente, 94.2
Alte activitati industriale n.c.a, Luna iulie 2021, Procente, 108
Alte activitati industriale n.c.a, Luna august 2021, Procente, 79.1
Alte activitati industriale n.c.a, Luna septembrie 2021, Procente, 112.6
Alte activitati industriale n.c.a, Luna octombrie 2021, Procente, 110.7
Alte activitati industriale n.c.a, Luna noiembrie 2021, Procente, 112.6
Alte activitati industriale n.c.a, Luna decembrie 2021, Procente, 92.6
Alte activitati industriale n.c.a, Luna ianuarie 2022, Procente, 98.1
Alte activitati industriale n.c.a, Luna februarie 2022, Procente, 115.9
Alte activitati industriale n.c.a, Luna martie 2022, Procente, 126.9
Alte activitati industriale n.c.a, Luna aprilie 2022, Procente, 107.9
Alte activitati industriale n.c.a, Luna mai 2022, Procente, 124
Alte activitati industriale n.c.a, Luna iunie 2022, Procente, 118.7
Alte activitati industriale n.c.a, Luna iulie 2022, Procente, 110.3
Alte activitati industriale n.c.a, Luna august 2022, Procente, 89.4
Alte activitati industriale n.c.a, Luna septembrie 2022, Procente, 122.6
Alte activitati industriale n.c.a, Luna octombrie 2022, Procente, 121.2
Alte activitati industriale n.c.a, Luna noiembrie 2022, Procente, 122
Alte activitati industriale n.c.a, Luna decembrie 2022, Procente, 103.7
Alte activitati industriale n.c.a, Luna ianuarie 2023, Procente, 95
Alte activitati industriale n.c.a, Luna februarie 2023, Procente, 110.4
Alte activitati industriale n.c.a, Luna martie 2023, Procente, 125.5
Alte activitati industriale n.c.a, Luna aprilie 2023, Procente, 95.4
Alte activitati industriale n.c.a, Luna mai 2023, Procente, 128.2
Alte activitati industriale n.c.a, Luna iunie 2023, Procente, 119.7
Alte activitati industriale n.c.a, Luna iulie 2023, Procente, 129.8
Alte activitati industriale n.c.a, Luna august 2023, Procente, 95.6
Alte activitati industriale n.c.a, Luna septembrie 2023, Procente, 132.8
Alte activitati industriale n.c.a, Luna octombrie 2023, Procente, 133.8
Alte activitati industriale n.c.a, Luna noiembrie 2023, Procente, 129.3
Alte activitati industriale n.c.a, Luna decembrie 2023, Procente, 107.1
Alte activitati industriale n.c.a, Luna ianuarie 2024, Procente, 101.7
Alte activitati industriale n.c.a, Luna februarie 2024, Procente, 118.7
Alte activitati industriale n.c.a, Luna martie 2024, Procente, 127.3
Alte activitati industriale n.c.a, Luna aprilie 2024, Procente, 132.1
Alte activitati industriale n.c.a, Luna mai 2024, Procente, 118.7
Alte activitati industriale n.c.a, Luna iunie 2024, Procente, 122.2
Alte activitati industriale n.c.a, Luna iulie 2024, Procente, 132.5
Alte activitati industriale n.c.a, Luna august 2024, Procente, 99.2
Alte activitati industriale n.c.a, Luna septembrie 2024, Procente, 125.9
Alte activitati industriale n.c.a, Luna octombrie 2024, Procente, 134.9
Alte activitati industriale n.c.a, Luna noiembrie 2024, Procente, 135.3
Alte activitati industriale n.c.a, Luna decembrie 2024, Procente, 107.7
Alte activitati industriale n.c.a, Luna ianuarie 2025, Procente, 114.9
Alte activitati industriale n.c.a, Luna februarie 2025, Procente, 129.9
Repararea  intretinerea si instalarea masinilor si echipamentelor, Luna ianuarie 2005, Procente, 115.2
Repararea  intretinerea si instalarea masinilor si echipamentelor, Luna februarie 2005, Procente, 113.3
Repararea  intretinerea si instalarea masinilor si echipamentelor, Luna martie 2005, Procente, 133.1
Repararea  intretinerea si instalarea masinilor si echipamentelor, Luna aprilie 2005, Procente, 123.9
Repararea  intretinerea si instalarea masinilor si echipamentelor, Luna mai 2005, Procente, 125.4
Repararea  intretinerea si instalarea masinilor si echipamentelor, Luna iunie 2005, Procente, 158.3
Repararea  intretinerea si instalarea masinilor si echipamentelor, Luna iulie 2005, Procente, 121.4
Repararea  intretinerea si instalarea masinilor si echipamentelor, Luna august 2005, Procente, 135.4
Repararea  intretinerea si instalarea masinilor si echipamentelor, Luna septembrie 2005, Procente, 130.8
Repararea  intretinerea si instalarea masinilor si echipamentelor, Luna octombrie 2005, Procente, 133.9
Repararea  intretinerea si instalarea masinilor si echipamentelor, Luna noiembrie 2005, Procente, 186.5
Repararea  intretinerea si instalarea masinilor si echipamentelor, Luna decembrie 2005, Procente, 135.8
Repararea  intretinerea si instalarea masinilor si echipamentelor, Luna ianuarie 2006, Procente, 114.3
Repararea  intretinerea si instalarea masinilor si echipamentelor, Luna februarie 2006, Procente, 141.5
Repararea  intretinerea si instalarea masinilor si echipamentelor, Luna martie 2006, Procente, 132.3
Repararea  intretinerea si instalarea masinilor si echipamentelor, Luna aprilie 2006, Procente, 135.7
Repararea  intretinerea si instalarea masinilor si echipamentelor, Luna mai 2006, Procente, 140.4
Repararea  intretinerea si instalarea masinilor si echipamentelor, Luna iunie 2006, Procente, 134.5
Repararea  intretinerea si instalarea masinilor si echipamentelor, Luna iulie 2006, Procente, 134
Repararea  intretinerea si instalarea masinilor si echipamentelor, Luna august 2006, Procente, 142.3
Repararea  intretinerea si instalarea masinilor si echipamentelor, Luna septembrie 2006, Procente, 143.3
Repararea  intretinerea si instalarea masinilor si echipamentelor, Luna octombrie 2006, Procente, 152.7
Repararea  intretinerea si instalarea masinilor si echipamentelor, Luna noiembrie 2006, Procente, 135.7
Repararea  intretinerea si instalarea masinilor si echipamentelor, Luna decembrie 2006, Procente, 164
Repararea  intretinerea si instalarea masinilor si echipamentelor, Luna ianuarie 2007, Procente, 127.7
Repararea  intretinerea si instalarea masinilor si echipamentelor, Luna februarie 2007, Procente, 141.5
Repararea  intretinerea si instalarea masinilor si echipamentelor, Luna martie 2007, Procente, 158
Repararea  intretinerea si instalarea masinilor si echipamentelor, Luna aprilie 2007, Procente, 157.4
Repararea  intretinerea si instalarea masinilor si echipamentelor, Luna mai 2007, Procente, 157.8
Repararea  intretinerea si instalarea masinilor si echipamentelor, Luna iunie 2007, Procente, 143.2
Repararea  intretinerea si instalarea masinilor si echipamentelor, Luna iulie 2007, Procente, 158.1
Repararea  intretinerea si instalarea masinilor si echipamentelor, Luna august 2007, Procente, 150.4
Repararea  intretinerea si instalarea masinilor si echipamentelor, Luna septembrie 2007, Procente, 145.7
Repararea  intretinerea si instalarea masinilor si echipamentelor, Luna octombrie 2007, Procente, 155.1
Repararea  intretinerea si instalarea masinilor si echipamentelor, Luna noiembrie 2007, Procente, 142.9
Repararea  intretinerea si instalarea masinilor si echipamentelor, Luna decembrie 2007, Procente, 158.5
Repararea  intretinerea si instalarea masinilor si echipamentelor, Luna ianuarie 2008, Procente, 112.4
Repararea  intretinerea si instalarea masinilor si echipamentelor, Luna februarie 2008, Procente, 127.1
Repararea  intretinerea si instalarea masinilor si echipamentelor, Luna martie 2008, Procente, 131.2
Repararea  intretinerea si instalarea masinilor si echipamentelor, Luna aprilie 2008, Procente, 120.8
Repararea  intretinerea si instalarea masinilor si echipamentelor, Luna mai 2008, Procente, 120.2
Repararea  intretinerea si instalarea masinilor si echipamentelor, Luna iunie 2008, Procente, 119.2
Repararea  intretinerea si instalarea masinilor si echipamentelor, Luna iulie 2008, Procente, 126.5
Repararea  intretinerea si instalarea masinilor si echipamentelor, Luna august 2008, Procente, 118.4
Repararea  intretinerea si instalarea masinilor si echipamentelor, Luna septembrie 2008, Procente, 119.5
Repararea  intretinerea si instalarea masinilor si echipamentelor, Luna octombrie 2008, Procente, 122.9
Repararea  intretinerea si instalarea masinilor si echipamentelor, Luna noiembrie 2008, Procente, 122.8
Repararea  intretinerea si instalarea masinilor si echipamentelor, Luna decembrie 2008, Procente, 133
Repararea  intretinerea si instalarea masinilor si echipamentelor, Luna ianuarie 2009, Procente, 121.3
Repararea  intretinerea si instalarea masinilor si echipamentelor, Luna februarie 2009, Procente, 110.7
Repararea  intretinerea si instalarea masinilor si echipamentelor, Luna martie 2009, Procente, 110.7
Repararea  intretinerea si instalarea masinilor si echipamentelor, Luna aprilie 2009, Procente, 119.9
Repararea  intretinerea si instalarea masinilor si echipamentelor, Luna mai 2009, Procente, 116.6
Repararea  intretinerea si instalarea masinilor si echipamentelor, Luna iunie 2009, Procente, 125.4
Repararea  intretinerea si instalarea masinilor si echipamentelor, Luna iulie 2009, Procente, 135.6
Repararea  intretinerea si instalarea masinilor si echipamentelor, Luna august 2009, Procente, 120.5
Repararea  intretinerea si instalarea masinilor si echipamentelor, Luna septembrie 2009, Procente, 123.8
Repararea  intretinerea si instalarea masinilor si echipamentelor, Luna octombrie 2009, Procente, 134.4
Repararea  intretinerea si instalarea masinilor si echipamentelor, Luna noiembrie 2009, Procente, 138.8
Repararea  intretinerea si instalarea masinilor si echipamentelor, Luna decembrie 2009, Procente, 129.6
Repararea  intretinerea si instalarea masinilor si echipamentelor, Luna ianuarie 2010, Procente, 99.1
Repararea  intretinerea si instalarea masinilor si echipamentelor, Luna februarie 2010, Procente, 122.2
Repararea  intretinerea si instalarea masinilor si echipamentelor, Luna martie 2010, Procente, 113.1
Repararea  intretinerea si instalarea masinilor si echipamentelor, Luna aprilie 2010, Procente, 118.3
Repararea  intretinerea si instalarea masinilor si echipamentelor, Luna mai 2010, Procente, 134.6
Repararea  intretinerea si instalarea masinilor si echipamentelor, Luna iunie 2010, Procente, 146
Repararea  intretinerea si instalarea masinilor si echipamentelor, Luna iulie 2010, Procente, 132.6
Repararea  intretinerea si instalarea masinilor si echipamentelor, Luna august 2010, Procente, 136.5
Repararea  intretinerea si instalarea masinilor si echipamentelor, Luna septembrie 2010, Procente, 140.7
Repararea  intretinerea si instalarea masinilor si echipamentelor, Luna octombrie 2010, Procente, 149.7
Repararea  intretinerea si instalarea masinilor si echipamentelor, Luna noiembrie 2010, Procente, 156.9
Repararea  intretinerea si instalarea masinilor si echipamentelor, Luna decembrie 2010, Procente, 158.2
Repararea  intretinerea si instalarea masinilor si echipamentelor, Luna ianuarie 2011, Procente, 125.7
Repararea  intretinerea si instalarea masinilor si echipamentelor, Luna februarie 2011, Procente, 132.8
Repararea  intretinerea si instalarea masinilor si echipamentelor, Luna martie 2011, Procente, 155.8
Repararea  intretinerea si instalarea masinilor si echipamentelor, Luna aprilie 2011, Procente, 133.4
Repararea  intretinerea si instalarea masinilor si echipamentelor, Luna mai 2011, Procente, 147.1
Repararea  intretinerea si instalarea masinilor si echipamentelor, Luna iunie 2011, Procente, 149.8
Repararea  intretinerea si instalarea masinilor si echipamentelor, Luna iulie 2011, Procente, 151.5
Repararea  intretinerea si instalarea masinilor si echipamentelor, Luna august 2011, Procente, 154.9
Repararea  intretinerea si instalarea masinilor si echipamentelor, Luna septembrie 2011, Procente, 167.4
Repararea  intretinerea si instalarea masinilor si echipamentelor, Luna octombrie 2011, Procente, 150.2
Repararea  intretinerea si instalarea masinilor si echipamentelor, Luna noiembrie 2011, Procente, 162.4
Repararea  intretinerea si instalarea masinilor si echipamentelor, Luna decembrie 2011, Procente, 185.6
Repararea  intretinerea si instalarea masinilor si echipamentelor, Luna ianuarie 2012, Procente, 128.4
Repararea  intretinerea si instalarea masinilor si echipamentelor, Luna februarie 2012, Procente, 128.9
Repararea  intretinerea si instalarea masinilor si echipamentelor, Luna martie 2012, Procente, 158.5
Repararea  intretinerea si instalarea masinilor si echipamentelor, Luna aprilie 2012, Procente, 172
Repararea  intretinerea si instalarea masinilor si echipamentelor, Luna mai 2012, Procente, 179.9
Repararea  intretinerea si instalarea masinilor si echipamentelor, Luna iunie 2012, Procente, 213
Repararea  intretinerea si instalarea masinilor si echipamentelor, Luna iulie 2012, Procente, 203
Repararea  intretinerea si instalarea masinilor si echipamentelor, Luna august 2012, Procente, 174.6
Repararea  intretinerea si instalarea masinilor si echipamentelor, Luna septembrie 2012, Procente, 187.1
Repararea  intretinerea si instalarea masinilor si echipamentelor, Luna octombrie 2012, Procente, 216.5
Repararea  intretinerea si instalarea masinilor si echipamentelor, Luna noiembrie 2012, Procente, 225.4
Repararea  intretinerea si instalarea masinilor si echipamentelor, Luna decembrie 2012, Procente, 232.5
Repararea  intretinerea si instalarea masinilor si echipamentelor, Luna ianuarie 2013, Procente, 175.6
Repararea  intretinerea si instalarea masinilor si echipamentelor, Luna februarie 2013, Procente, 191.3
Repararea  intretinerea si instalarea masinilor si echipamentelor, Luna martie 2013, Procente, 181.3
Repararea  intretinerea si instalarea masinilor si echipamentelor, Luna aprilie 2013, Procente, 194.9
Repararea  intretinerea si instalarea masinilor si echipamentelor, Luna mai 2013, Procente, 191
Repararea  intretinerea si instalarea masinilor si echipamentelor, Luna iunie 2013, Procente, 203.3
Repararea  intretinerea si instalarea masinilor si echipamentelor, Luna iulie 2013, Procente, 184
Repararea  intretinerea si instalarea masinilor si echipamentelor, Luna august 2013, Procente, 202
Repararea  intretinerea si instalarea masinilor si echipamentelor, Luna septembrie 2013, Procente, 207
Repararea  intretinerea si instalarea masinilor si echipamentelor, Luna octombrie 2013, Procente, 223.3
Repararea  intretinerea si instalarea masinilor si echipamentelor, Luna noiembrie 2013, Procente, 233.2
Repararea  intretinerea si instalarea masinilor si echipamentelor, Luna decembrie 2013, Procente, 261.3
Repararea  intretinerea si instalarea masinilor si echipamentelor, Luna ianuarie 2014, Procente, 206.1
Repararea  intretinerea si instalarea masinilor si echipamentelor, Luna februarie 2014, Procente, 203.7
Repararea  intretinerea si instalarea masinilor si echipamentelor, Luna martie 2014, Procente, 198.9
Repararea  intretinerea si instalarea masinilor si echipamentelor, Luna aprilie 2014, Procente, 197.8
Repararea  intretinerea si instalarea masinilor si echipamentelor, Luna mai 2014, Procente, 185.1
Repararea  intretinerea si instalarea masinilor si echipamentelor, Luna iunie 2014, Procente, 196.6
Repararea  intretinerea si instalarea masinilor si echipamentelor, Luna iulie 2014, Procente, 179.4
Repararea  intretinerea si instalarea masinilor si echipamentelor, Luna august 2014, Procente, 197.8
Repararea  intretinerea si instalarea masinilor si echipamentelor, Luna septembrie 2014, Procente, 190.7
Repararea  intretinerea si instalarea masinilor si echipamentelor, Luna octombrie 2014, Procente, 208.3
Repararea  intretinerea si instalarea masinilor si echipamentelor, Luna noiembrie 2014, Procente, 183.6
Repararea  intretinerea si instalarea masinilor si echipamentelor, Luna decembrie 2014, Procente, 226
Repararea  intretinerea si instalarea masinilor si echipamentelor, Luna ianuarie 2015, Procente, 137.9
Repararea  intretinerea si instalarea masinilor si echipamentelor, Luna februarie 2015, Procente, 186.1
Repararea  intretinerea si instalarea masinilor si echipamentelor, Luna martie 2015, Procente, 159
Repararea  intretinerea si instalarea masinilor si echipamentelor, Luna aprilie 2015, Procente, 183.3
Repararea  intretinerea si instalarea masinilor si echipamentelor, Luna mai 2015, Procente, 172.8
Repararea  intretinerea si instalarea masinilor si echipamentelor, Luna iunie 2015, Procente, 184.6
Repararea  intretinerea si instalarea masinilor si echipamentelor, Luna iulie 2015, Procente, 203.7
Repararea  intretinerea si instalarea masinilor si echipamentelor, Luna august 2015, Procente, 165
Repararea  intretinerea si instalarea masinilor si echipamentelor, Luna septembrie 2015, Procente, 193.4
Repararea  intretinerea si instalarea masinilor si echipamentelor, Luna octombrie 2015, Procente, 206.9
Repararea  intretinerea si instalarea masinilor si echipamentelor, Luna noiembrie 2015, Procente, 203.7
Repararea  intretinerea si instalarea masinilor si echipamentelor, Luna decembrie 2015, Procente, 235.2
Repararea  intretinerea si instalarea masinilor si echipamentelor, Luna ianuarie 2016, Procente, 132.8
Repararea  intretinerea si instalarea masinilor si echipamentelor, Luna februarie 2016, Procente, 177.9
Repararea  intretinerea si instalarea masinilor si echipamentelor, Luna martie 2016, Procente, 173.6
Repararea  intretinerea si instalarea masinilor si echipamentelor, Luna aprilie 2016, Procente, 178.2
Repararea  intretinerea si instalarea masinilor si echipamentelor, Luna mai 2016, Procente, 164.6
Repararea  intretinerea si instalarea masinilor si echipamentelor, Luna iunie 2016, Procente, 186.1
Repararea  intretinerea si instalarea masinilor si echipamentelor, Luna iulie 2016, Procente, 181.1
Repararea  intretinerea si instalarea masinilor si echipamentelor, Luna august 2016, Procente, 181.6
Repararea  intretinerea si instalarea masinilor si echipamentelor, Luna septembrie 2016, Procente, 176.6
Repararea  intretinerea si instalarea masinilor si echipamentelor, Luna octombrie 2016, Procente, 196
Repararea  intretinerea si instalarea masinilor si echipamentelor, Luna noiembrie 2016, Procente, 180.9
Repararea  intretinerea si instalarea masinilor si echipamentelor, Luna decembrie 2016, Procente, 229.6
Repararea  intretinerea si instalarea masinilor si echipamentelor, Luna ianuarie 2017, Procente, 142.7
Repararea  intretinerea si instalarea masinilor si echipamentelor, Luna februarie 2017, Procente, 159.6
Repararea  intretinerea si instalarea masinilor si echipamentelor, Luna martie 2017, Procente, 238.1
Repararea  intretinerea si instalarea masinilor si echipamentelor, Luna aprilie 2017, Procente, 186.7
Repararea  intretinerea si instalarea masinilor si echipamentelor, Luna mai 2017, Procente, 172.5
Repararea  intretinerea si instalarea masinilor si echipamentelor, Luna iunie 2017, Procente, 180.5
Repararea  intretinerea si instalarea masinilor si echipamentelor, Luna iulie 2017, Procente, 208.2
Repararea  intretinerea si instalarea masinilor si echipamentelor, Luna august 2017, Procente, 155.7
Repararea  intretinerea si instalarea masinilor si echipamentelor, Luna septembrie 2017, Procente, 182.9
Repararea  intretinerea si instalarea masinilor si echipamentelor, Luna octombrie 2017, Procente, 186
Repararea  intretinerea si instalarea masinilor si echipamentelor, Luna noiembrie 2017, Procente, 172.9
Repararea  intretinerea si instalarea masinilor si echipamentelor, Luna decembrie 2017, Procente, 189.6
Repararea  intretinerea si instalarea masinilor si echipamentelor, Luna ianuarie 2018, Procente, 117.2
Repararea  intretinerea si instalarea masinilor si echipamentelor, Luna februarie 2018, Procente, 110.3
Repararea  intretinerea si instalarea masinilor si echipamentelor, Luna martie 2018, Procente, 136.9
Repararea  intretinerea si instalarea masinilor si echipamentelor, Luna aprilie 2018, Procente, 121.1
Repararea  intretinerea si instalarea masinilor si echipamentelor, Luna mai 2018, Procente, 162.7
Repararea  intretinerea si instalarea masinilor si echipamentelor, Luna iunie 2018, Procente, 151.7
Repararea  intretinerea si instalarea masinilor si echipamentelor, Luna iulie 2018, Procente, 132.2
Repararea  intretinerea si instalarea masinilor si echipamentelor, Luna august 2018, Procente, 137.1
Repararea  intretinerea si instalarea masinilor si echipamentelor, Luna septembrie 2018, Procente, 157.1
Repararea  intretinerea si instalarea masinilor si echipamentelor, Luna octombrie 2018, Procente, 158.1
Repararea  intretinerea si instalarea masinilor si echipamentelor, Luna noiembrie 2018, Procente, 146.6
Repararea  intretinerea si instalarea masinilor si echipamentelor, Luna decembrie 2018, Procente, 173.5
Repararea  intretinerea si instalarea masinilor si echipamentelor, Luna ianuarie 2019, Procente, 97.5
Repararea  intretinerea si instalarea masinilor si echipamentelor, Luna februarie 2019, Procente, 117.6
Repararea  intretinerea si instalarea masinilor si echipamentelor, Luna martie 2019, Procente, 154.6
Repararea  intretinerea si instalarea masinilor si echipamentelor, Luna aprilie 2019, Procente, 154.8
Repararea  intretinerea si instalarea masinilor si echipamentelor, Luna mai 2019, Procente, 162.3
Repararea  intretinerea si instalarea masinilor si echipamentelor, Luna iunie 2019, Procente, 139.9
Repararea  intretinerea si instalarea masinilor si echipamentelor, Luna iulie 2019, Procente, 156.2
Repararea  intretinerea si instalarea masinilor si echipamentelor, Luna august 2019, Procente, 118.6
Repararea  intretinerea si instalarea masinilor si echipamentelor, Luna septembrie 2019, Procente, 140.5
Repararea  intretinerea si instalarea masinilor si echipamentelor, Luna octombrie 2019, Procente, 141.3
Repararea  intretinerea si instalarea masinilor si echipamentelor, Luna noiembrie 2019, Procente, 170.9
Repararea  intretinerea si instalarea masinilor si echipamentelor, Luna decembrie 2019, Procente, 184.2
Repararea  intretinerea si instalarea masinilor si echipamentelor, Luna ianuarie 2020, Procente, 80.9
Repararea  intretinerea si instalarea masinilor si echipamentelor, Luna februarie 2020, Procente, 82.6
Repararea  intretinerea si instalarea masinilor si echipamentelor, Luna martie 2020, Procente, 108.4
Repararea  intretinerea si instalarea masinilor si echipamentelor, Luna aprilie 2020, Procente, 85.9
Repararea  intretinerea si instalarea masinilor si echipamentelor, Luna mai 2020, Procente, 91.7
Repararea  intretinerea si instalarea masinilor si echipamentelor, Luna iunie 2020, Procente, 94.1
Repararea  intretinerea si instalarea masinilor si echipamentelor, Luna iulie 2020, Procente, 107.6
Repararea  intretinerea si instalarea masinilor si echipamentelor, Luna august 2020, Procente, 95.7
Repararea  intretinerea si instalarea masinilor si echipamentelor, Luna septembrie 2020, Procente, 100.4
Repararea  intretinerea si instalarea masinilor si echipamentelor, Luna octombrie 2020, Procente, 107.9
Repararea  intretinerea si instalarea masinilor si echipamentelor, Luna noiembrie 2020, Procente, 116.7
Repararea  intretinerea si instalarea masinilor si echipamentelor, Luna decembrie 2020, Procente, 163.2
Repararea  intretinerea si instalarea masinilor si echipamentelor, Luna ianuarie 2021, Procente, 63.9
Repararea  intretinerea si instalarea masinilor si echipamentelor, Luna februarie 2021, Procente, 76.7
Repararea  intretinerea si instalarea masinilor si echipamentelor, Luna martie 2021, Procente, 86.2
Repararea  intretinerea si instalarea masinilor si echipamentelor, Luna aprilie 2021, Procente, 101
Repararea  intretinerea si instalarea masinilor si echipamentelor, Luna mai 2021, Procente, 97
Repararea  intretinerea si instalarea masinilor si echipamentelor, Luna iunie 2021, Procente, 113.5
Repararea  intretinerea si instalarea masinilor si echipamentelor, Luna iulie 2021, Procente, 93.2
Repararea  intretinerea si instalarea masinilor si echipamentelor, Luna august 2021, Procente, 110.2
Repararea  intretinerea si instalarea masinilor si echipamentelor, Luna septembrie 2021, Procente, 114
Repararea  intretinerea si instalarea masinilor si echipamentelor, Luna octombrie 2021, Procente, 99.8
Repararea  intretinerea si instalarea masinilor si echipamentelor, Luna noiembrie 2021, Procente, 113.7
Repararea  intretinerea si instalarea masinilor si echipamentelor, Luna decembrie 2021, Procente, 130.7
Repararea  intretinerea si instalarea masinilor si echipamentelor, Luna ianuarie 2022, Procente, 78.8
Repararea  intretinerea si instalarea masinilor si echipamentelor, Luna februarie 2022, Procente, 89.9
Repararea  intretinerea si instalarea masinilor si echipamentelor, Luna martie 2022, Procente, 127.8
Repararea  intretinerea si instalarea masinilor si echipamentelor, Luna aprilie 2022, Procente, 114.8
Repararea  intretinerea si instalarea masinilor si echipamentelor, Luna mai 2022, Procente, 110.5
Repararea  intretinerea si instalarea masinilor si echipamentelor, Luna iunie 2022, Procente, 122.7
Repararea  intretinerea si instalarea masinilor si echipamentelor, Luna iulie 2022, Procente, 125.2
Repararea  intretinerea si instalarea masinilor si echipamentelor, Luna august 2022, Procente, 125.4
Repararea  intretinerea si instalarea masinilor si echipamentelor, Luna septembrie 2022, Procente, 118.4
Repararea  intretinerea si instalarea masinilor si echipamentelor, Luna octombrie 2022, Procente, 143.4
Repararea  intretinerea si instalarea masinilor si echipamentelor, Luna noiembrie 2022, Procente, 138.1
Repararea  intretinerea si instalarea masinilor si echipamentelor, Luna decembrie 2022, Procente, 145.8
Repararea  intretinerea si instalarea masinilor si echipamentelor, Luna ianuarie 2023, Procente, 99.5
Repararea  intretinerea si instalarea masinilor si echipamentelor, Luna februarie 2023, Procente, 111
Repararea  intretinerea si instalarea masinilor si echipamentelor, Luna martie 2023, Procente, 126.1
Repararea  intretinerea si instalarea masinilor si echipamentelor, Luna aprilie 2023, Procente, 107.2
Repararea  intretinerea si instalarea masinilor si echipamentelor, Luna mai 2023, Procente, 130.8
Repararea  intretinerea si instalarea masinilor si echipamentelor, Luna iunie 2023, Procente, 133.3
Repararea  intretinerea si instalarea masinilor si echipamentelor, Luna iulie 2023, Procente, 133.5
Repararea  intretinerea si instalarea masinilor si echipamentelor, Luna august 2023, Procente, 135.6
Repararea  intretinerea si instalarea masinilor si echipamentelor, Luna septembrie 2023, Procente, 127.3
Repararea  intretinerea si instalarea masinilor si echipamentelor, Luna octombrie 2023, Procente, 130.4
Repararea  intretinerea si instalarea masinilor si echipamentelor, Luna noiembrie 2023, Procente, 127.4
Repararea  intretinerea si instalarea masinilor si echipamentelor, Luna decembrie 2023, Procente, 138.3
Repararea  intretinerea si instalarea masinilor si echipamentelor, Luna ianuarie 2024, Procente, 69.3
Repararea  intretinerea si instalarea masinilor si echipamentelor, Luna februarie 2024, Procente, 94.7
Repararea  intretinerea si instalarea masinilor si echipamentelor, Luna martie 2024, Procente, 98.4
Repararea  intretinerea si instalarea masinilor si echipamentelor, Luna aprilie 2024, Procente, 112.9
Repararea  intretinerea si instalarea masinilor si echipamentelor, Luna mai 2024, Procente, 100.8
Repararea  intretinerea si instalarea masinilor si echipamentelor, Luna iunie 2024, Procente, 111.7
Repararea  intretinerea si instalarea masinilor si echipamentelor, Luna iulie 2024, Procente, 96.7
Repararea  intretinerea si instalarea masinilor si echipamentelor, Luna august 2024, Procente, 87.8
Repararea  intretinerea si instalarea masinilor si echipamentelor, Luna septembrie 2024, Procente, 121.6
Repararea  intretinerea si instalarea masinilor si echipamentelor, Luna octombrie 2024, Procente, 114.2
Repararea  intretinerea si instalarea masinilor si echipamentelor, Luna noiembrie 2024, Procente, 124.8
Repararea  intretinerea si instalarea masinilor si echipamentelor, Luna decembrie 2024, Procente, 146.2
Repararea  intretinerea si instalarea masinilor si echipamentelor, Luna ianuarie 2025, Procente, 62.5
Repararea  intretinerea si instalarea masinilor si echipamentelor, Luna februarie 2025, Procente, 82.6
PRODUCTIA SI FURNIZAREA DE ENERGIE ELECTRICA SI TERMICA  GAZE  APA CALDA SI AER CONDITIONAT, Luna ianuarie 2005, Procente, 92.8
PRODUCTIA SI FURNIZAREA DE ENERGIE ELECTRICA SI TERMICA  GAZE  APA CALDA SI AER CONDITIONAT, Luna februarie 2005, Procente, 90.2
PRODUCTIA SI FURNIZAREA DE ENERGIE ELECTRICA SI TERMICA  GAZE  APA CALDA SI AER CONDITIONAT, Luna martie 2005, Procente, 91
PRODUCTIA SI FURNIZAREA DE ENERGIE ELECTRICA SI TERMICA  GAZE  APA CALDA SI AER CONDITIONAT, Luna aprilie 2005, Procente, 80.2
PRODUCTIA SI FURNIZAREA DE ENERGIE ELECTRICA SI TERMICA  GAZE  APA CALDA SI AER CONDITIONAT, Luna mai 2005, Procente, 73.9
PRODUCTIA SI FURNIZAREA DE ENERGIE ELECTRICA SI TERMICA  GAZE  APA CALDA SI AER CONDITIONAT, Luna iunie 2005, Procente, 72.6
PRODUCTIA SI FURNIZAREA DE ENERGIE ELECTRICA SI TERMICA  GAZE  APA CALDA SI AER CONDITIONAT, Luna iulie 2005, Procente, 71.4
PRODUCTIA SI FURNIZAREA DE ENERGIE ELECTRICA SI TERMICA  GAZE  APA CALDA SI AER CONDITIONAT, Luna august 2005, Procente, 74.1
PRODUCTIA SI FURNIZAREA DE ENERGIE ELECTRICA SI TERMICA  GAZE  APA CALDA SI AER CONDITIONAT, Luna septembrie 2005, Procente, 73.8
PRODUCTIA SI FURNIZAREA DE ENERGIE ELECTRICA SI TERMICA  GAZE  APA CALDA SI AER CONDITIONAT, Luna octombrie 2005, Procente, 80
PRODUCTIA SI FURNIZAREA DE ENERGIE ELECTRICA SI TERMICA  GAZE  APA CALDA SI AER CONDITIONAT, Luna noiembrie 2005, Procente, 90.1
PRODUCTIA SI FURNIZAREA DE ENERGIE ELECTRICA SI TERMICA  GAZE  APA CALDA SI AER CONDITIONAT, Luna decembrie 2005, Procente, 93.5
PRODUCTIA SI FURNIZAREA DE ENERGIE ELECTRICA SI TERMICA  GAZE  APA CALDA SI AER CONDITIONAT, Luna ianuarie 2006, Procente, 85.8
PRODUCTIA SI FURNIZAREA DE ENERGIE ELECTRICA SI TERMICA  GAZE  APA CALDA SI AER CONDITIONAT, Luna februarie 2006, Procente, 79.7
PRODUCTIA SI FURNIZAREA DE ENERGIE ELECTRICA SI TERMICA  GAZE  APA CALDA SI AER CONDITIONAT, Luna martie 2006, Procente, 82.7
PRODUCTIA SI FURNIZAREA DE ENERGIE ELECTRICA SI TERMICA  GAZE  APA CALDA SI AER CONDITIONAT, Luna aprilie 2006, Procente, 71.3
PRODUCTIA SI FURNIZAREA DE ENERGIE ELECTRICA SI TERMICA  GAZE  APA CALDA SI AER CONDITIONAT, Luna mai 2006, Procente, 71.1
PRODUCTIA SI FURNIZAREA DE ENERGIE ELECTRICA SI TERMICA  GAZE  APA CALDA SI AER CONDITIONAT, Luna iunie 2006, Procente, 68
PRODUCTIA SI FURNIZAREA DE ENERGIE ELECTRICA SI TERMICA  GAZE  APA CALDA SI AER CONDITIONAT, Luna iulie 2006, Procente, 70.4
PRODUCTIA SI FURNIZAREA DE ENERGIE ELECTRICA SI TERMICA  GAZE  APA CALDA SI AER CONDITIONAT, Luna august 2006, Procente, 71.8
PRODUCTIA SI FURNIZAREA DE ENERGIE ELECTRICA SI TERMICA  GAZE  APA CALDA SI AER CONDITIONAT, Luna septembrie 2006, Procente, 69.3
PRODUCTIA SI FURNIZAREA DE ENERGIE ELECTRICA SI TERMICA  GAZE  APA CALDA SI AER CONDITIONAT, Luna octombrie 2006, Procente, 74.9
PRODUCTIA SI FURNIZAREA DE ENERGIE ELECTRICA SI TERMICA  GAZE  APA CALDA SI AER CONDITIONAT, Luna noiembrie 2006, Procente, 81.2
PRODUCTIA SI FURNIZAREA DE ENERGIE ELECTRICA SI TERMICA  GAZE  APA CALDA SI AER CONDITIONAT, Luna decembrie 2006, Procente, 81.8
PRODUCTIA SI FURNIZAREA DE ENERGIE ELECTRICA SI TERMICA  GAZE  APA CALDA SI AER CONDITIONAT, Luna ianuarie 2007, Procente, 87.1
PRODUCTIA SI FURNIZAREA DE ENERGIE ELECTRICA SI TERMICA  GAZE  APA CALDA SI AER CONDITIONAT, Luna februarie 2007, Procente, 83
PRODUCTIA SI FURNIZAREA DE ENERGIE ELECTRICA SI TERMICA  GAZE  APA CALDA SI AER CONDITIONAT, Luna martie 2007, Procente, 87.2
PRODUCTIA SI FURNIZAREA DE ENERGIE ELECTRICA SI TERMICA  GAZE  APA CALDA SI AER CONDITIONAT, Luna aprilie 2007, Procente, 69.8
PRODUCTIA SI FURNIZAREA DE ENERGIE ELECTRICA SI TERMICA  GAZE  APA CALDA SI AER CONDITIONAT, Luna mai 2007, Procente, 72.5
PRODUCTIA SI FURNIZAREA DE ENERGIE ELECTRICA SI TERMICA  GAZE  APA CALDA SI AER CONDITIONAT, Luna iunie 2007, Procente, 74.1
PRODUCTIA SI FURNIZAREA DE ENERGIE ELECTRICA SI TERMICA  GAZE  APA CALDA SI AER CONDITIONAT, Luna iulie 2007, Procente, 78.8
PRODUCTIA SI FURNIZAREA DE ENERGIE ELECTRICA SI TERMICA  GAZE  APA CALDA SI AER CONDITIONAT, Luna august 2007, Procente, 71.3
PRODUCTIA SI FURNIZAREA DE ENERGIE ELECTRICA SI TERMICA  GAZE  APA CALDA SI AER CONDITIONAT, Luna septembrie 2007, Procente, 68.1
PRODUCTIA SI FURNIZAREA DE ENERGIE ELECTRICA SI TERMICA  GAZE  APA CALDA SI AER CONDITIONAT, Luna octombrie 2007, Procente, 76.9
PRODUCTIA SI FURNIZAREA DE ENERGIE ELECTRICA SI TERMICA  GAZE  APA CALDA SI AER CONDITIONAT, Luna noiembrie 2007, Procente, 87.6
PRODUCTIA SI FURNIZAREA DE ENERGIE ELECTRICA SI TERMICA  GAZE  APA CALDA SI AER CONDITIONAT, Luna decembrie 2007, Procente, 90.8
PRODUCTIA SI FURNIZAREA DE ENERGIE ELECTRICA SI TERMICA  GAZE  APA CALDA SI AER CONDITIONAT, Luna ianuarie 2008, Procente, 94.9
PRODUCTIA SI FURNIZAREA DE ENERGIE ELECTRICA SI TERMICA  GAZE  APA CALDA SI AER CONDITIONAT, Luna februarie 2008, Procente, 89.2
PRODUCTIA SI FURNIZAREA DE ENERGIE ELECTRICA SI TERMICA  GAZE  APA CALDA SI AER CONDITIONAT, Luna martie 2008, Procente, 87.2
PRODUCTIA SI FURNIZAREA DE ENERGIE ELECTRICA SI TERMICA  GAZE  APA CALDA SI AER CONDITIONAT, Luna aprilie 2008, Procente, 74.4
PRODUCTIA SI FURNIZAREA DE ENERGIE ELECTRICA SI TERMICA  GAZE  APA CALDA SI AER CONDITIONAT, Luna mai 2008, Procente, 72.8
PRODUCTIA SI FURNIZAREA DE ENERGIE ELECTRICA SI TERMICA  GAZE  APA CALDA SI AER CONDITIONAT, Luna iunie 2008, Procente, 71.5
PRODUCTIA SI FURNIZAREA DE ENERGIE ELECTRICA SI TERMICA  GAZE  APA CALDA SI AER CONDITIONAT, Luna iulie 2008, Procente, 73.1
PRODUCTIA SI FURNIZAREA DE ENERGIE ELECTRICA SI TERMICA  GAZE  APA CALDA SI AER CONDITIONAT, Luna august 2008, Procente, 66.2
PRODUCTIA SI FURNIZAREA DE ENERGIE ELECTRICA SI TERMICA  GAZE  APA CALDA SI AER CONDITIONAT, Luna septembrie 2008, Procente, 72.3
PRODUCTIA SI FURNIZAREA DE ENERGIE ELECTRICA SI TERMICA  GAZE  APA CALDA SI AER CONDITIONAT, Luna octombrie 2008, Procente, 79.4
PRODUCTIA SI FURNIZAREA DE ENERGIE ELECTRICA SI TERMICA  GAZE  APA CALDA SI AER CONDITIONAT, Luna noiembrie 2008, Procente, 83
PRODUCTIA SI FURNIZAREA DE ENERGIE ELECTRICA SI TERMICA  GAZE  APA CALDA SI AER CONDITIONAT, Luna decembrie 2008, Procente, 86.6
PRODUCTIA SI FURNIZAREA DE ENERGIE ELECTRICA SI TERMICA  GAZE  APA CALDA SI AER CONDITIONAT, Luna ianuarie 2009, Procente, 92.4
PRODUCTIA SI FURNIZAREA DE ENERGIE ELECTRICA SI TERMICA  GAZE  APA CALDA SI AER CONDITIONAT, Luna februarie 2009, Procente, 87
PRODUCTIA SI FURNIZAREA DE ENERGIE ELECTRICA SI TERMICA  GAZE  APA CALDA SI AER CONDITIONAT, Luna martie 2009, Procente, 87.2
PRODUCTIA SI FURNIZAREA DE ENERGIE ELECTRICA SI TERMICA  GAZE  APA CALDA SI AER CONDITIONAT, Luna aprilie 2009, Procente, 72.1
PRODUCTIA SI FURNIZAREA DE ENERGIE ELECTRICA SI TERMICA  GAZE  APA CALDA SI AER CONDITIONAT, Luna mai 2009, Procente, 75.9
PRODUCTIA SI FURNIZAREA DE ENERGIE ELECTRICA SI TERMICA  GAZE  APA CALDA SI AER CONDITIONAT, Luna iunie 2009, Procente, 79.1
PRODUCTIA SI FURNIZAREA DE ENERGIE ELECTRICA SI TERMICA  GAZE  APA CALDA SI AER CONDITIONAT, Luna iulie 2009, Procente, 81.5
PRODUCTIA SI FURNIZAREA DE ENERGIE ELECTRICA SI TERMICA  GAZE  APA CALDA SI AER CONDITIONAT, Luna august 2009, Procente, 79.6
PRODUCTIA SI FURNIZAREA DE ENERGIE ELECTRICA SI TERMICA  GAZE  APA CALDA SI AER CONDITIONAT, Luna septembrie 2009, Procente, 81.2
PRODUCTIA SI FURNIZAREA DE ENERGIE ELECTRICA SI TERMICA  GAZE  APA CALDA SI AER CONDITIONAT, Luna octombrie 2009, Procente, 87.2
PRODUCTIA SI FURNIZAREA DE ENERGIE ELECTRICA SI TERMICA  GAZE  APA CALDA SI AER CONDITIONAT, Luna noiembrie 2009, Procente, 92
PRODUCTIA SI FURNIZAREA DE ENERGIE ELECTRICA SI TERMICA  GAZE  APA CALDA SI AER CONDITIONAT, Luna decembrie 2009, Procente, 101.9
PRODUCTIA SI FURNIZAREA DE ENERGIE ELECTRICA SI TERMICA  GAZE  APA CALDA SI AER CONDITIONAT, Luna ianuarie 2010, Procente, 105.5
PRODUCTIA SI FURNIZAREA DE ENERGIE ELECTRICA SI TERMICA  GAZE  APA CALDA SI AER CONDITIONAT, Luna februarie 2010, Procente, 98
PRODUCTIA SI FURNIZAREA DE ENERGIE ELECTRICA SI TERMICA  GAZE  APA CALDA SI AER CONDITIONAT, Luna martie 2010, Procente, 99.5
PRODUCTIA SI FURNIZAREA DE ENERGIE ELECTRICA SI TERMICA  GAZE  APA CALDA SI AER CONDITIONAT, Luna aprilie 2010, Procente, 84.6
PRODUCTIA SI FURNIZAREA DE ENERGIE ELECTRICA SI TERMICA  GAZE  APA CALDA SI AER CONDITIONAT, Luna mai 2010, Procente, 81.1
PRODUCTIA SI FURNIZAREA DE ENERGIE ELECTRICA SI TERMICA  GAZE  APA CALDA SI AER CONDITIONAT, Luna iunie 2010, Procente, 80.8
PRODUCTIA SI FURNIZAREA DE ENERGIE ELECTRICA SI TERMICA  GAZE  APA CALDA SI AER CONDITIONAT, Luna iulie 2010, Procente, 84.5
PRODUCTIA SI FURNIZAREA DE ENERGIE ELECTRICA SI TERMICA  GAZE  APA CALDA SI AER CONDITIONAT, Luna august 2010, Procente, 86
PRODUCTIA SI FURNIZAREA DE ENERGIE ELECTRICA SI TERMICA  GAZE  APA CALDA SI AER CONDITIONAT, Luna septembrie 2010, Procente, 83.9
PRODUCTIA SI FURNIZAREA DE ENERGIE ELECTRICA SI TERMICA  GAZE  APA CALDA SI AER CONDITIONAT, Luna octombrie 2010, Procente, 94
PRODUCTIA SI FURNIZAREA DE ENERGIE ELECTRICA SI TERMICA  GAZE  APA CALDA SI AER CONDITIONAT, Luna noiembrie 2010, Procente, 94.4
PRODUCTIA SI FURNIZAREA DE ENERGIE ELECTRICA SI TERMICA  GAZE  APA CALDA SI AER CONDITIONAT, Luna decembrie 2010, Procente, 107.7
PRODUCTIA SI FURNIZAREA DE ENERGIE ELECTRICA SI TERMICA  GAZE  APA CALDA SI AER CONDITIONAT, Luna ianuarie 2011, Procente, 110.1
PRODUCTIA SI FURNIZAREA DE ENERGIE ELECTRICA SI TERMICA  GAZE  APA CALDA SI AER CONDITIONAT, Luna februarie 2011, Procente, 102.8
PRODUCTIA SI FURNIZAREA DE ENERGIE ELECTRICA SI TERMICA  GAZE  APA CALDA SI AER CONDITIONAT, Luna martie 2011, Procente, 104.6
PRODUCTIA SI FURNIZAREA DE ENERGIE ELECTRICA SI TERMICA  GAZE  APA CALDA SI AER CONDITIONAT, Luna aprilie 2011, Procente, 91.9
PRODUCTIA SI FURNIZAREA DE ENERGIE ELECTRICA SI TERMICA  GAZE  APA CALDA SI AER CONDITIONAT, Luna mai 2011, Procente, 87.7
PRODUCTIA SI FURNIZAREA DE ENERGIE ELECTRICA SI TERMICA  GAZE  APA CALDA SI AER CONDITIONAT, Luna iunie 2011, Procente, 83.2
PRODUCTIA SI FURNIZAREA DE ENERGIE ELECTRICA SI TERMICA  GAZE  APA CALDA SI AER CONDITIONAT, Luna iulie 2011, Procente, 85.2
PRODUCTIA SI FURNIZAREA DE ENERGIE ELECTRICA SI TERMICA  GAZE  APA CALDA SI AER CONDITIONAT, Luna august 2011, Procente, 86.6
PRODUCTIA SI FURNIZAREA DE ENERGIE ELECTRICA SI TERMICA  GAZE  APA CALDA SI AER CONDITIONAT, Luna septembrie 2011, Procente, 87.7
PRODUCTIA SI FURNIZAREA DE ENERGIE ELECTRICA SI TERMICA  GAZE  APA CALDA SI AER CONDITIONAT, Luna octombrie 2011, Procente, 94.8
PRODUCTIA SI FURNIZAREA DE ENERGIE ELECTRICA SI TERMICA  GAZE  APA CALDA SI AER CONDITIONAT, Luna noiembrie 2011, Procente, 104.8
PRODUCTIA SI FURNIZAREA DE ENERGIE ELECTRICA SI TERMICA  GAZE  APA CALDA SI AER CONDITIONAT, Luna decembrie 2011, Procente, 111.4
PRODUCTIA SI FURNIZAREA DE ENERGIE ELECTRICA SI TERMICA  GAZE  APA CALDA SI AER CONDITIONAT, Luna ianuarie 2012, Procente, 107.7
PRODUCTIA SI FURNIZAREA DE ENERGIE ELECTRICA SI TERMICA  GAZE  APA CALDA SI AER CONDITIONAT, Luna februarie 2012, Procente, 114
PRODUCTIA SI FURNIZAREA DE ENERGIE ELECTRICA SI TERMICA  GAZE  APA CALDA SI AER CONDITIONAT, Luna martie 2012, Procente, 105.7
PRODUCTIA SI FURNIZAREA DE ENERGIE ELECTRICA SI TERMICA  GAZE  APA CALDA SI AER CONDITIONAT, Luna aprilie 2012, Procente, 92.9
PRODUCTIA SI FURNIZAREA DE ENERGIE ELECTRICA SI TERMICA  GAZE  APA CALDA SI AER CONDITIONAT, Luna mai 2012, Procente, 94.1
PRODUCTIA SI FURNIZAREA DE ENERGIE ELECTRICA SI TERMICA  GAZE  APA CALDA SI AER CONDITIONAT, Luna iunie 2012, Procente, 85.7
PRODUCTIA SI FURNIZAREA DE ENERGIE ELECTRICA SI TERMICA  GAZE  APA CALDA SI AER CONDITIONAT, Luna iulie 2012, Procente, 90.1
PRODUCTIA SI FURNIZAREA DE ENERGIE ELECTRICA SI TERMICA  GAZE  APA CALDA SI AER CONDITIONAT, Luna august 2012, Procente, 90.1
PRODUCTIA SI FURNIZAREA DE ENERGIE ELECTRICA SI TERMICA  GAZE  APA CALDA SI AER CONDITIONAT, Luna septembrie 2012, Procente, 86.7
PRODUCTIA SI FURNIZAREA DE ENERGIE ELECTRICA SI TERMICA  GAZE  APA CALDA SI AER CONDITIONAT, Luna octombrie 2012, Procente, 91.4
PRODUCTIA SI FURNIZAREA DE ENERGIE ELECTRICA SI TERMICA  GAZE  APA CALDA SI AER CONDITIONAT, Luna noiembrie 2012, Procente, 100.2
PRODUCTIA SI FURNIZAREA DE ENERGIE ELECTRICA SI TERMICA  GAZE  APA CALDA SI AER CONDITIONAT, Luna decembrie 2012, Procente, 110.2
PRODUCTIA SI FURNIZAREA DE ENERGIE ELECTRICA SI TERMICA  GAZE  APA CALDA SI AER CONDITIONAT, Luna ianuarie 2013, Procente, 109.8
PRODUCTIA SI FURNIZAREA DE ENERGIE ELECTRICA SI TERMICA  GAZE  APA CALDA SI AER CONDITIONAT, Luna februarie 2013, Procente, 97.4
PRODUCTIA SI FURNIZAREA DE ENERGIE ELECTRICA SI TERMICA  GAZE  APA CALDA SI AER CONDITIONAT, Luna martie 2013, Procente, 103
PRODUCTIA SI FURNIZAREA DE ENERGIE ELECTRICA SI TERMICA  GAZE  APA CALDA SI AER CONDITIONAT, Luna aprilie 2013, Procente, 89.8
PRODUCTIA SI FURNIZAREA DE ENERGIE ELECTRICA SI TERMICA  GAZE  APA CALDA SI AER CONDITIONAT, Luna mai 2013, Procente, 82.3
PRODUCTIA SI FURNIZAREA DE ENERGIE ELECTRICA SI TERMICA  GAZE  APA CALDA SI AER CONDITIONAT, Luna iunie 2013, Procente, 82
PRODUCTIA SI FURNIZAREA DE ENERGIE ELECTRICA SI TERMICA  GAZE  APA CALDA SI AER CONDITIONAT, Luna iulie 2013, Procente, 88.9
PRODUCTIA SI FURNIZAREA DE ENERGIE ELECTRICA SI TERMICA  GAZE  APA CALDA SI AER CONDITIONAT, Luna august 2013, Procente, 91.4
PRODUCTIA SI FURNIZAREA DE ENERGIE ELECTRICA SI TERMICA  GAZE  APA CALDA SI AER CONDITIONAT, Luna septembrie 2013, Procente, 87.9
PRODUCTIA SI FURNIZAREA DE ENERGIE ELECTRICA SI TERMICA  GAZE  APA CALDA SI AER CONDITIONAT, Luna octombrie 2013, Procente, 101.7
PRODUCTIA SI FURNIZAREA DE ENERGIE ELECTRICA SI TERMICA  GAZE  APA CALDA SI AER CONDITIONAT, Luna noiembrie 2013, Procente, 104.4
PRODUCTIA SI FURNIZAREA DE ENERGIE ELECTRICA SI TERMICA  GAZE  APA CALDA SI AER CONDITIONAT, Luna decembrie 2013, Procente, 114.3
PRODUCTIA SI FURNIZAREA DE ENERGIE ELECTRICA SI TERMICA  GAZE  APA CALDA SI AER CONDITIONAT, Luna ianuarie 2014, Procente, 111.7
PRODUCTIA SI FURNIZAREA DE ENERGIE ELECTRICA SI TERMICA  GAZE  APA CALDA SI AER CONDITIONAT, Luna februarie 2014, Procente, 103.6
PRODUCTIA SI FURNIZAREA DE ENERGIE ELECTRICA SI TERMICA  GAZE  APA CALDA SI AER CONDITIONAT, Luna martie 2014, Procente, 98.7
PRODUCTIA SI FURNIZAREA DE ENERGIE ELECTRICA SI TERMICA  GAZE  APA CALDA SI AER CONDITIONAT, Luna aprilie 2014, Procente, 81.7
PRODUCTIA SI FURNIZAREA DE ENERGIE ELECTRICA SI TERMICA  GAZE  APA CALDA SI AER CONDITIONAT, Luna mai 2014, Procente, 80.6
PRODUCTIA SI FURNIZAREA DE ENERGIE ELECTRICA SI TERMICA  GAZE  APA CALDA SI AER CONDITIONAT, Luna iunie 2014, Procente, 76.8
PRODUCTIA SI FURNIZAREA DE ENERGIE ELECTRICA SI TERMICA  GAZE  APA CALDA SI AER CONDITIONAT, Luna iulie 2014, Procente, 83.7
PRODUCTIA SI FURNIZAREA DE ENERGIE ELECTRICA SI TERMICA  GAZE  APA CALDA SI AER CONDITIONAT, Luna august 2014, Procente, 84
PRODUCTIA SI FURNIZAREA DE ENERGIE ELECTRICA SI TERMICA  GAZE  APA CALDA SI AER CONDITIONAT, Luna septembrie 2014, Procente, 82.3
PRODUCTIA SI FURNIZAREA DE ENERGIE ELECTRICA SI TERMICA  GAZE  APA CALDA SI AER CONDITIONAT, Luna octombrie 2014, Procente, 91.7
PRODUCTIA SI FURNIZAREA DE ENERGIE ELECTRICA SI TERMICA  GAZE  APA CALDA SI AER CONDITIONAT, Luna noiembrie 2014, Procente, 97.4
PRODUCTIA SI FURNIZAREA DE ENERGIE ELECTRICA SI TERMICA  GAZE  APA CALDA SI AER CONDITIONAT, Luna decembrie 2014, Procente, 106.2
PRODUCTIA SI FURNIZAREA DE ENERGIE ELECTRICA SI TERMICA  GAZE  APA CALDA SI AER CONDITIONAT, Luna ianuarie 2015, Procente, 116.8
PRODUCTIA SI FURNIZAREA DE ENERGIE ELECTRICA SI TERMICA  GAZE  APA CALDA SI AER CONDITIONAT, Luna februarie 2015, Procente, 106.5
PRODUCTIA SI FURNIZAREA DE ENERGIE ELECTRICA SI TERMICA  GAZE  APA CALDA SI AER CONDITIONAT, Luna martie 2015, Procente, 98.6
PRODUCTIA SI FURNIZAREA DE ENERGIE ELECTRICA SI TERMICA  GAZE  APA CALDA SI AER CONDITIONAT, Luna aprilie 2015, Procente, 87.6
PRODUCTIA SI FURNIZAREA DE ENERGIE ELECTRICA SI TERMICA  GAZE  APA CALDA SI AER CONDITIONAT, Luna mai 2015, Procente, 74.6
PRODUCTIA SI FURNIZAREA DE ENERGIE ELECTRICA SI TERMICA  GAZE  APA CALDA SI AER CONDITIONAT, Luna iunie 2015, Procente, 76.1
PRODUCTIA SI FURNIZAREA DE ENERGIE ELECTRICA SI TERMICA  GAZE  APA CALDA SI AER CONDITIONAT, Luna iulie 2015, Procente, 87.7
PRODUCTIA SI FURNIZAREA DE ENERGIE ELECTRICA SI TERMICA  GAZE  APA CALDA SI AER CONDITIONAT, Luna august 2015, Procente, 86.6
PRODUCTIA SI FURNIZAREA DE ENERGIE ELECTRICA SI TERMICA  GAZE  APA CALDA SI AER CONDITIONAT, Luna septembrie 2015, Procente, 83.4
PRODUCTIA SI FURNIZAREA DE ENERGIE ELECTRICA SI TERMICA  GAZE  APA CALDA SI AER CONDITIONAT, Luna octombrie 2015, Procente, 93
PRODUCTIA SI FURNIZAREA DE ENERGIE ELECTRICA SI TERMICA  GAZE  APA CALDA SI AER CONDITIONAT, Luna noiembrie 2015, Procente, 97.2
PRODUCTIA SI FURNIZAREA DE ENERGIE ELECTRICA SI TERMICA  GAZE  APA CALDA SI AER CONDITIONAT, Luna decembrie 2015, Procente, 105.1
PRODUCTIA SI FURNIZAREA DE ENERGIE ELECTRICA SI TERMICA  GAZE  APA CALDA SI AER CONDITIONAT, Luna ianuarie 2016, Procente, 113.4
PRODUCTIA SI FURNIZAREA DE ENERGIE ELECTRICA SI TERMICA  GAZE  APA CALDA SI AER CONDITIONAT, Luna februarie 2016, Procente, 97.1
PRODUCTIA SI FURNIZAREA DE ENERGIE ELECTRICA SI TERMICA  GAZE  APA CALDA SI AER CONDITIONAT, Luna martie 2016, Procente, 97.4
PRODUCTIA SI FURNIZAREA DE ENERGIE ELECTRICA SI TERMICA  GAZE  APA CALDA SI AER CONDITIONAT, Luna aprilie 2016, Procente, 83.3
PRODUCTIA SI FURNIZAREA DE ENERGIE ELECTRICA SI TERMICA  GAZE  APA CALDA SI AER CONDITIONAT, Luna mai 2016, Procente, 80.2
PRODUCTIA SI FURNIZAREA DE ENERGIE ELECTRICA SI TERMICA  GAZE  APA CALDA SI AER CONDITIONAT, Luna iunie 2016, Procente, 82.7
PRODUCTIA SI FURNIZAREA DE ENERGIE ELECTRICA SI TERMICA  GAZE  APA CALDA SI AER CONDITIONAT, Luna iulie 2016, Procente, 84.8
PRODUCTIA SI FURNIZAREA DE ENERGIE ELECTRICA SI TERMICA  GAZE  APA CALDA SI AER CONDITIONAT, Luna august 2016, Procente, 86.5
PRODUCTIA SI FURNIZAREA DE ENERGIE ELECTRICA SI TERMICA  GAZE  APA CALDA SI AER CONDITIONAT, Luna septembrie 2016, Procente, 81.9
PRODUCTIA SI FURNIZAREA DE ENERGIE ELECTRICA SI TERMICA  GAZE  APA CALDA SI AER CONDITIONAT, Luna octombrie 2016, Procente, 92.9
PRODUCTIA SI FURNIZAREA DE ENERGIE ELECTRICA SI TERMICA  GAZE  APA CALDA SI AER CONDITIONAT, Luna noiembrie 2016, Procente, 103.2
PRODUCTIA SI FURNIZAREA DE ENERGIE ELECTRICA SI TERMICA  GAZE  APA CALDA SI AER CONDITIONAT, Luna decembrie 2016, Procente, 114.9
PRODUCTIA SI FURNIZAREA DE ENERGIE ELECTRICA SI TERMICA  GAZE  APA CALDA SI AER CONDITIONAT, Luna ianuarie 2017, Procente, 120.3
PRODUCTIA SI FURNIZAREA DE ENERGIE ELECTRICA SI TERMICA  GAZE  APA CALDA SI AER CONDITIONAT, Luna februarie 2017, Procente, 105.8
PRODUCTIA SI FURNIZAREA DE ENERGIE ELECTRICA SI TERMICA  GAZE  APA CALDA SI AER CONDITIONAT, Luna martie 2017, Procente, 105
PRODUCTIA SI FURNIZAREA DE ENERGIE ELECTRICA SI TERMICA  GAZE  APA CALDA SI AER CONDITIONAT, Luna aprilie 2017, Procente, 91.6
PRODUCTIA SI FURNIZAREA DE ENERGIE ELECTRICA SI TERMICA  GAZE  APA CALDA SI AER CONDITIONAT, Luna mai 2017, Procente, 84.5
PRODUCTIA SI FURNIZAREA DE ENERGIE ELECTRICA SI TERMICA  GAZE  APA CALDA SI AER CONDITIONAT, Luna iunie 2017, Procente, 84.2
PRODUCTIA SI FURNIZAREA DE ENERGIE ELECTRICA SI TERMICA  GAZE  APA CALDA SI AER CONDITIONAT, Luna iulie 2017, Procente, 86.7
PRODUCTIA SI FURNIZAREA DE ENERGIE ELECTRICA SI TERMICA  GAZE  APA CALDA SI AER CONDITIONAT, Luna august 2017, Procente, 86.6
PRODUCTIA SI FURNIZAREA DE ENERGIE ELECTRICA SI TERMICA  GAZE  APA CALDA SI AER CONDITIONAT, Luna septembrie 2017, Procente, 84.5
PRODUCTIA SI FURNIZAREA DE ENERGIE ELECTRICA SI TERMICA  GAZE  APA CALDA SI AER CONDITIONAT, Luna octombrie 2017, Procente, 92.3
PRODUCTIA SI FURNIZAREA DE ENERGIE ELECTRICA SI TERMICA  GAZE  APA CALDA SI AER CONDITIONAT, Luna noiembrie 2017, Procente, 100.9
PRODUCTIA SI FURNIZAREA DE ENERGIE ELECTRICA SI TERMICA  GAZE  APA CALDA SI AER CONDITIONAT, Luna decembrie 2017, Procente, 114.1
PRODUCTIA SI FURNIZAREA DE ENERGIE ELECTRICA SI TERMICA  GAZE  APA CALDA SI AER CONDITIONAT, Luna ianuarie 2018, Procente, 109.8
PRODUCTIA SI FURNIZAREA DE ENERGIE ELECTRICA SI TERMICA  GAZE  APA CALDA SI AER CONDITIONAT, Luna februarie 2018, Procente, 106.9
PRODUCTIA SI FURNIZAREA DE ENERGIE ELECTRICA SI TERMICA  GAZE  APA CALDA SI AER CONDITIONAT, Luna martie 2018, Procente, 111.5
PRODUCTIA SI FURNIZAREA DE ENERGIE ELECTRICA SI TERMICA  GAZE  APA CALDA SI AER CONDITIONAT, Luna aprilie 2018, Procente, 87.9
PRODUCTIA SI FURNIZAREA DE ENERGIE ELECTRICA SI TERMICA  GAZE  APA CALDA SI AER CONDITIONAT, Luna mai 2018, Procente, 82.1
PRODUCTIA SI FURNIZAREA DE ENERGIE ELECTRICA SI TERMICA  GAZE  APA CALDA SI AER CONDITIONAT, Luna iunie 2018, Procente, 83.6
PRODUCTIA SI FURNIZAREA DE ENERGIE ELECTRICA SI TERMICA  GAZE  APA CALDA SI AER CONDITIONAT, Luna iulie 2018, Procente, 89.2
PRODUCTIA SI FURNIZAREA DE ENERGIE ELECTRICA SI TERMICA  GAZE  APA CALDA SI AER CONDITIONAT, Luna august 2018, Procente, 90.5
PRODUCTIA SI FURNIZAREA DE ENERGIE ELECTRICA SI TERMICA  GAZE  APA CALDA SI AER CONDITIONAT, Luna septembrie 2018, Procente, 84.3
PRODUCTIA SI FURNIZAREA DE ENERGIE ELECTRICA SI TERMICA  GAZE  APA CALDA SI AER CONDITIONAT, Luna octombrie 2018, Procente, 94.1
PRODUCTIA SI FURNIZAREA DE ENERGIE ELECTRICA SI TERMICA  GAZE  APA CALDA SI AER CONDITIONAT, Luna noiembrie 2018, Procente, 101.1
PRODUCTIA SI FURNIZAREA DE ENERGIE ELECTRICA SI TERMICA  GAZE  APA CALDA SI AER CONDITIONAT, Luna decembrie 2018, Procente, 115.8
PRODUCTIA SI FURNIZAREA DE ENERGIE ELECTRICA SI TERMICA  GAZE  APA CALDA SI AER CONDITIONAT, Luna ianuarie 2019, Procente, 113.6
PRODUCTIA SI FURNIZAREA DE ENERGIE ELECTRICA SI TERMICA  GAZE  APA CALDA SI AER CONDITIONAT, Luna februarie 2019, Procente, 103.7
PRODUCTIA SI FURNIZAREA DE ENERGIE ELECTRICA SI TERMICA  GAZE  APA CALDA SI AER CONDITIONAT, Luna martie 2019, Procente, 102
PRODUCTIA SI FURNIZAREA DE ENERGIE ELECTRICA SI TERMICA  GAZE  APA CALDA SI AER CONDITIONAT, Luna aprilie 2019, Procente, 86.3
PRODUCTIA SI FURNIZAREA DE ENERGIE ELECTRICA SI TERMICA  GAZE  APA CALDA SI AER CONDITIONAT, Luna mai 2019, Procente, 86.8
PRODUCTIA SI FURNIZAREA DE ENERGIE ELECTRICA SI TERMICA  GAZE  APA CALDA SI AER CONDITIONAT, Luna iunie 2019, Procente, 85.9
PRODUCTIA SI FURNIZAREA DE ENERGIE ELECTRICA SI TERMICA  GAZE  APA CALDA SI AER CONDITIONAT, Luna iulie 2019, Procente, 84.2
PRODUCTIA SI FURNIZAREA DE ENERGIE ELECTRICA SI TERMICA  GAZE  APA CALDA SI AER CONDITIONAT, Luna august 2019, Procente, 82.5
PRODUCTIA SI FURNIZAREA DE ENERGIE ELECTRICA SI TERMICA  GAZE  APA CALDA SI AER CONDITIONAT, Luna septembrie 2019, Procente, 80.7
PRODUCTIA SI FURNIZAREA DE ENERGIE ELECTRICA SI TERMICA  GAZE  APA CALDA SI AER CONDITIONAT, Luna octombrie 2019, Procente, 85.5
PRODUCTIA SI FURNIZAREA DE ENERGIE ELECTRICA SI TERMICA  GAZE  APA CALDA SI AER CONDITIONAT, Luna noiembrie 2019, Procente, 91.4
PRODUCTIA SI FURNIZAREA DE ENERGIE ELECTRICA SI TERMICA  GAZE  APA CALDA SI AER CONDITIONAT, Luna decembrie 2019, Procente, 105.3
PRODUCTIA SI FURNIZAREA DE ENERGIE ELECTRICA SI TERMICA  GAZE  APA CALDA SI AER CONDITIONAT, Luna ianuarie 2020, Procente, 107.3
PRODUCTIA SI FURNIZAREA DE ENERGIE ELECTRICA SI TERMICA  GAZE  APA CALDA SI AER CONDITIONAT, Luna februarie 2020, Procente, 98.4
PRODUCTIA SI FURNIZAREA DE ENERGIE ELECTRICA SI TERMICA  GAZE  APA CALDA SI AER CONDITIONAT, Luna martie 2020, Procente, 98.3
PRODUCTIA SI FURNIZAREA DE ENERGIE ELECTRICA SI TERMICA  GAZE  APA CALDA SI AER CONDITIONAT, Luna aprilie 2020, Procente, 81.9
PRODUCTIA SI FURNIZAREA DE ENERGIE ELECTRICA SI TERMICA  GAZE  APA CALDA SI AER CONDITIONAT, Luna mai 2020, Procente, 76.8
PRODUCTIA SI FURNIZAREA DE ENERGIE ELECTRICA SI TERMICA  GAZE  APA CALDA SI AER CONDITIONAT, Luna iunie 2020, Procente, 76.3
PRODUCTIA SI FURNIZAREA DE ENERGIE ELECTRICA SI TERMICA  GAZE  APA CALDA SI AER CONDITIONAT, Luna iulie 2020, Procente, 82.9
PRODUCTIA SI FURNIZAREA DE ENERGIE ELECTRICA SI TERMICA  GAZE  APA CALDA SI AER CONDITIONAT, Luna august 2020, Procente, 83.8
PRODUCTIA SI FURNIZAREA DE ENERGIE ELECTRICA SI TERMICA  GAZE  APA CALDA SI AER CONDITIONAT, Luna septembrie 2020, Procente, 81.2
PRODUCTIA SI FURNIZAREA DE ENERGIE ELECTRICA SI TERMICA  GAZE  APA CALDA SI AER CONDITIONAT, Luna octombrie 2020, Procente, 86.3
PRODUCTIA SI FURNIZAREA DE ENERGIE ELECTRICA SI TERMICA  GAZE  APA CALDA SI AER CONDITIONAT, Luna noiembrie 2020, Procente, 96.1
PRODUCTIA SI FURNIZAREA DE ENERGIE ELECTRICA SI TERMICA  GAZE  APA CALDA SI AER CONDITIONAT, Luna decembrie 2020, Procente, 109.3
PRODUCTIA SI FURNIZAREA DE ENERGIE ELECTRICA SI TERMICA  GAZE  APA CALDA SI AER CONDITIONAT, Luna ianuarie 2021, Procente, 109.8
PRODUCTIA SI FURNIZAREA DE ENERGIE ELECTRICA SI TERMICA  GAZE  APA CALDA SI AER CONDITIONAT, Luna februarie 2021, Procente, 104.9
PRODUCTIA SI FURNIZAREA DE ENERGIE ELECTRICA SI TERMICA  GAZE  APA CALDA SI AER CONDITIONAT, Luna martie 2021, Procente, 111.5
PRODUCTIA SI FURNIZAREA DE ENERGIE ELECTRICA SI TERMICA  GAZE  APA CALDA SI AER CONDITIONAT, Luna aprilie 2021, Procente, 97.7
PRODUCTIA SI FURNIZAREA DE ENERGIE ELECTRICA SI TERMICA  GAZE  APA CALDA SI AER CONDITIONAT, Luna mai 2021, Procente, 90.5
PRODUCTIA SI FURNIZAREA DE ENERGIE ELECTRICA SI TERMICA  GAZE  APA CALDA SI AER CONDITIONAT, Luna iunie 2021, Procente, 92.2
PRODUCTIA SI FURNIZAREA DE ENERGIE ELECTRICA SI TERMICA  GAZE  APA CALDA SI AER CONDITIONAT, Luna iulie 2021, Procente, 95.8
PRODUCTIA SI FURNIZAREA DE ENERGIE ELECTRICA SI TERMICA  GAZE  APA CALDA SI AER CONDITIONAT, Luna august 2021, Procente, 91.6
PRODUCTIA SI FURNIZAREA DE ENERGIE ELECTRICA SI TERMICA  GAZE  APA CALDA SI AER CONDITIONAT, Luna septembrie 2021, Procente, 87.3
PRODUCTIA SI FURNIZAREA DE ENERGIE ELECTRICA SI TERMICA  GAZE  APA CALDA SI AER CONDITIONAT, Luna octombrie 2021, Procente, 99.5
PRODUCTIA SI FURNIZAREA DE ENERGIE ELECTRICA SI TERMICA  GAZE  APA CALDA SI AER CONDITIONAT, Luna noiembrie 2021, Procente, 102
PRODUCTIA SI FURNIZAREA DE ENERGIE ELECTRICA SI TERMICA  GAZE  APA CALDA SI AER CONDITIONAT, Luna decembrie 2021, Procente, 117.3
PRODUCTIA SI FURNIZAREA DE ENERGIE ELECTRICA SI TERMICA  GAZE  APA CALDA SI AER CONDITIONAT, Luna ianuarie 2022, Procente, 112.1
PRODUCTIA SI FURNIZAREA DE ENERGIE ELECTRICA SI TERMICA  GAZE  APA CALDA SI AER CONDITIONAT, Luna februarie 2022, Procente, 99.1
PRODUCTIA SI FURNIZAREA DE ENERGIE ELECTRICA SI TERMICA  GAZE  APA CALDA SI AER CONDITIONAT, Luna martie 2022, Procente, 102.5
PRODUCTIA SI FURNIZAREA DE ENERGIE ELECTRICA SI TERMICA  GAZE  APA CALDA SI AER CONDITIONAT, Luna aprilie 2022, Procente, 87.7
PRODUCTIA SI FURNIZAREA DE ENERGIE ELECTRICA SI TERMICA  GAZE  APA CALDA SI AER CONDITIONAT, Luna mai 2022, Procente, 88.2
PRODUCTIA SI FURNIZAREA DE ENERGIE ELECTRICA SI TERMICA  GAZE  APA CALDA SI AER CONDITIONAT, Luna iunie 2022, Procente, 84.2
PRODUCTIA SI FURNIZAREA DE ENERGIE ELECTRICA SI TERMICA  GAZE  APA CALDA SI AER CONDITIONAT, Luna iulie 2022, Procente, 90.5
PRODUCTIA SI FURNIZAREA DE ENERGIE ELECTRICA SI TERMICA  GAZE  APA CALDA SI AER CONDITIONAT, Luna august 2022, Procente, 85.1
PRODUCTIA SI FURNIZAREA DE ENERGIE ELECTRICA SI TERMICA  GAZE  APA CALDA SI AER CONDITIONAT, Luna septembrie 2022, Procente, 83.1
PRODUCTIA SI FURNIZAREA DE ENERGIE ELECTRICA SI TERMICA  GAZE  APA CALDA SI AER CONDITIONAT, Luna octombrie 2022, Procente, 84.2
PRODUCTIA SI FURNIZAREA DE ENERGIE ELECTRICA SI TERMICA  GAZE  APA CALDA SI AER CONDITIONAT, Luna noiembrie 2022, Procente, 88.8
PRODUCTIA SI FURNIZAREA DE ENERGIE ELECTRICA SI TERMICA  GAZE  APA CALDA SI AER CONDITIONAT, Luna decembrie 2022, Procente, 99.1
PRODUCTIA SI FURNIZAREA DE ENERGIE ELECTRICA SI TERMICA  GAZE  APA CALDA SI AER CONDITIONAT, Luna ianuarie 2023, Procente, 99.8
PRODUCTIA SI FURNIZAREA DE ENERGIE ELECTRICA SI TERMICA  GAZE  APA CALDA SI AER CONDITIONAT, Luna februarie 2023, Procente, 92.2
PRODUCTIA SI FURNIZAREA DE ENERGIE ELECTRICA SI TERMICA  GAZE  APA CALDA SI AER CONDITIONAT, Luna martie 2023, Procente, 90.3
PRODUCTIA SI FURNIZAREA DE ENERGIE ELECTRICA SI TERMICA  GAZE  APA CALDA SI AER CONDITIONAT, Luna aprilie 2023, Procente, 86.9
PRODUCTIA SI FURNIZAREA DE ENERGIE ELECTRICA SI TERMICA  GAZE  APA CALDA SI AER CONDITIONAT, Luna mai 2023, Procente, 80.1
PRODUCTIA SI FURNIZAREA DE ENERGIE ELECTRICA SI TERMICA  GAZE  APA CALDA SI AER CONDITIONAT, Luna iunie 2023, Procente, 78.5
PRODUCTIA SI FURNIZAREA DE ENERGIE ELECTRICA SI TERMICA  GAZE  APA CALDA SI AER CONDITIONAT, Luna iulie 2023, Procente, 82.3
PRODUCTIA SI FURNIZAREA DE ENERGIE ELECTRICA SI TERMICA  GAZE  APA CALDA SI AER CONDITIONAT, Luna august 2023, Procente, 79.7
PRODUCTIA SI FURNIZAREA DE ENERGIE ELECTRICA SI TERMICA  GAZE  APA CALDA SI AER CONDITIONAT, Luna septembrie 2023, Procente, 75
PRODUCTIA SI FURNIZAREA DE ENERGIE ELECTRICA SI TERMICA  GAZE  APA CALDA SI AER CONDITIONAT, Luna octombrie 2023, Procente, 80.6
PRODUCTIA SI FURNIZAREA DE ENERGIE ELECTRICA SI TERMICA  GAZE  APA CALDA SI AER CONDITIONAT, Luna noiembrie 2023, Procente, 88.1
PRODUCTIA SI FURNIZAREA DE ENERGIE ELECTRICA SI TERMICA  GAZE  APA CALDA SI AER CONDITIONAT, Luna decembrie 2023, Procente, 96.6
PRODUCTIA SI FURNIZAREA DE ENERGIE ELECTRICA SI TERMICA  GAZE  APA CALDA SI AER CONDITIONAT, Luna ianuarie 2024, Procente, 97.6
PRODUCTIA SI FURNIZAREA DE ENERGIE ELECTRICA SI TERMICA  GAZE  APA CALDA SI AER CONDITIONAT, Luna februarie 2024, Procente, 88.8
PRODUCTIA SI FURNIZAREA DE ENERGIE ELECTRICA SI TERMICA  GAZE  APA CALDA SI AER CONDITIONAT, Luna martie 2024, Procente, 88.9
PRODUCTIA SI FURNIZAREA DE ENERGIE ELECTRICA SI TERMICA  GAZE  APA CALDA SI AER CONDITIONAT, Luna aprilie 2024, Procente, 74.3
PRODUCTIA SI FURNIZAREA DE ENERGIE ELECTRICA SI TERMICA  GAZE  APA CALDA SI AER CONDITIONAT, Luna mai 2024, Procente, 70.3
PRODUCTIA SI FURNIZAREA DE ENERGIE ELECTRICA SI TERMICA  GAZE  APA CALDA SI AER CONDITIONAT, Luna iunie 2024, Procente, 74.3
PRODUCTIA SI FURNIZAREA DE ENERGIE ELECTRICA SI TERMICA  GAZE  APA CALDA SI AER CONDITIONAT, Luna iulie 2024, Procente, 82.2
PRODUCTIA SI FURNIZAREA DE ENERGIE ELECTRICA SI TERMICA  GAZE  APA CALDA SI AER CONDITIONAT, Luna august 2024, Procente, 76.1
PRODUCTIA SI FURNIZAREA DE ENERGIE ELECTRICA SI TERMICA  GAZE  APA CALDA SI AER CONDITIONAT, Luna septembrie 2024, Procente, 72.5
PRODUCTIA SI FURNIZAREA DE ENERGIE ELECTRICA SI TERMICA  GAZE  APA CALDA SI AER CONDITIONAT, Luna octombrie 2024, Procente, 78.6
PRODUCTIA SI FURNIZAREA DE ENERGIE ELECTRICA SI TERMICA  GAZE  APA CALDA SI AER CONDITIONAT, Luna noiembrie 2024, Procente, 86.4
PRODUCTIA SI FURNIZAREA DE ENERGIE ELECTRICA SI TERMICA  GAZE  APA CALDA SI AER CONDITIONAT, Luna decembrie 2024, Procente, 92.2
PRODUCTIA SI FURNIZAREA DE ENERGIE ELECTRICA SI TERMICA  GAZE  APA CALDA SI AER CONDITIONAT, Luna ianuarie 2025, Procente, 93.5
PRODUCTIA SI FURNIZAREA DE ENERGIE ELECTRICA SI TERMICA  GAZE  APA CALDA SI AER CONDITIONAT, Luna februarie 2025, Procente, 89.6
Productia si furnizarea de energie electrica si termica  gaze  apa calda si aer conditionat, Luna ianuarie 2005, Procente, 92.8
Productia si furnizarea de energie electrica si termica  gaze  apa calda si aer conditionat, Luna februarie 2005, Procente, 90.2
Productia si furnizarea de energie electrica si termica  gaze  apa calda si aer conditionat, Luna martie 2005, Procente, 91
Productia si furnizarea de energie electrica si termica  gaze  apa calda si aer conditionat, Luna aprilie 2005, Procente, 80.2
Productia si furnizarea de energie electrica si termica  gaze  apa calda si aer conditionat, Luna mai 2005, Procente, 73.9
Productia si furnizarea de energie electrica si termica  gaze  apa calda si aer conditionat, Luna iunie 2005, Procente, 72.6
Productia si furnizarea de energie electrica si termica  gaze  apa calda si aer conditionat, Luna iulie 2005, Procente, 71.4
Productia si furnizarea de energie electrica si termica  gaze  apa calda si aer conditionat, Luna august 2005, Procente, 74.1
Productia si furnizarea de energie electrica si termica  gaze  apa calda si aer conditionat, Luna septembrie 2005, Procente, 73.8
Productia si furnizarea de energie electrica si termica  gaze  apa calda si aer conditionat, Luna octombrie 2005, Procente, 80
Productia si furnizarea de energie electrica si termica  gaze  apa calda si aer conditionat, Luna noiembrie 2005, Procente, 90.1
Productia si furnizarea de energie electrica si termica  gaze  apa calda si aer conditionat, Luna decembrie 2005, Procente, 93.5
Productia si furnizarea de energie electrica si termica  gaze  apa calda si aer conditionat, Luna ianuarie 2006, Procente, 85.8
Productia si furnizarea de energie electrica si termica  gaze  apa calda si aer conditionat, Luna februarie 2006, Procente, 79.7
Productia si furnizarea de energie electrica si termica  gaze  apa calda si aer conditionat, Luna martie 2006, Procente, 82.7
Productia si furnizarea de energie electrica si termica  gaze  apa calda si aer conditionat, Luna aprilie 2006, Procente, 71.3
Productia si furnizarea de energie electrica si termica  gaze  apa calda si aer conditionat, Luna mai 2006, Procente, 71.1
Productia si furnizarea de energie electrica si termica  gaze  apa calda si aer conditionat, Luna iunie 2006, Procente, 68
Productia si furnizarea de energie electrica si termica  gaze  apa calda si aer conditionat, Luna iulie 2006, Procente, 70.4
Productia si furnizarea de energie electrica si termica  gaze  apa calda si aer conditionat, Luna august 2006, Procente, 71.8
Productia si furnizarea de energie electrica si termica  gaze  apa calda si aer conditionat, Luna septembrie 2006, Procente, 69.3
Productia si furnizarea de energie electrica si termica  gaze  apa calda si aer conditionat, Luna octombrie 2006, Procente, 74.9
Productia si furnizarea de energie electrica si termica  gaze  apa calda si aer conditionat, Luna noiembrie 2006, Procente, 81.2
Productia si furnizarea de energie electrica si termica  gaze  apa calda si aer conditionat, Luna decembrie 2006, Procente, 81.8
Productia si furnizarea de energie electrica si termica  gaze  apa calda si aer conditionat, Luna ianuarie 2007, Procente, 87.1
Productia si furnizarea de energie electrica si termica  gaze  apa calda si aer conditionat, Luna februarie 2007, Procente, 83
Productia si furnizarea de energie electrica si termica  gaze  apa calda si aer conditionat, Luna martie 2007, Procente, 87.2
Productia si furnizarea de energie electrica si termica  gaze  apa calda si aer conditionat, Luna aprilie 2007, Procente, 69.8
Productia si furnizarea de energie electrica si termica  gaze  apa calda si aer conditionat, Luna mai 2007, Procente, 72.5
Productia si furnizarea de energie electrica si termica  gaze  apa calda si aer conditionat, Luna iunie 2007, Procente, 74.1
Productia si furnizarea de energie electrica si termica  gaze  apa calda si aer conditionat, Luna iulie 2007, Procente, 78.8
Productia si furnizarea de energie electrica si termica  gaze  apa calda si aer conditionat, Luna august 2007, Procente, 71.3
Productia si furnizarea de energie electrica si termica  gaze  apa calda si aer conditionat, Luna septembrie 2007, Procente, 68.1
Productia si furnizarea de energie electrica si termica  gaze  apa calda si aer conditionat, Luna octombrie 2007, Procente, 76.9
Productia si furnizarea de energie electrica si termica  gaze  apa calda si aer conditionat, Luna noiembrie 2007, Procente, 87.6
Productia si furnizarea de energie electrica si termica  gaze  apa calda si aer conditionat, Luna decembrie 2007, Procente, 90.8
Productia si furnizarea de energie electrica si termica  gaze  apa calda si aer conditionat, Luna ianuarie 2008, Procente, 94.9
Productia si furnizarea de energie electrica si termica  gaze  apa calda si aer conditionat, Luna februarie 2008, Procente, 89.2
Productia si furnizarea de energie electrica si termica  gaze  apa calda si aer conditionat, Luna martie 2008, Procente, 87.2
Productia si furnizarea de energie electrica si termica  gaze  apa calda si aer conditionat, Luna aprilie 2008, Procente, 74.4
Productia si furnizarea de energie electrica si termica  gaze  apa calda si aer conditionat, Luna mai 2008, Procente, 72.8
Productia si furnizarea de energie electrica si termica  gaze  apa calda si aer conditionat, Luna iunie 2008, Procente, 71.5
Productia si furnizarea de energie electrica si termica  gaze  apa calda si aer conditionat, Luna iulie 2008, Procente, 73.1
Productia si furnizarea de energie electrica si termica  gaze  apa calda si aer conditionat, Luna august 2008, Procente, 66.2
Productia si furnizarea de energie electrica si termica  gaze  apa calda si aer conditionat, Luna septembrie 2008, Procente, 72.3
Productia si furnizarea de energie electrica si termica  gaze  apa calda si aer conditionat, Luna octombrie 2008, Procente, 79.4
Productia si furnizarea de energie electrica si termica  gaze  apa calda si aer conditionat, Luna noiembrie 2008, Procente, 83
Productia si furnizarea de energie electrica si termica  gaze  apa calda si aer conditionat, Luna decembrie 2008, Procente, 86.6
Productia si furnizarea de energie electrica si termica  gaze  apa calda si aer conditionat, Luna ianuarie 2009, Procente, 92.4
Productia si furnizarea de energie electrica si termica  gaze  apa calda si aer conditionat, Luna februarie 2009, Procente, 87
Productia si furnizarea de energie electrica si termica  gaze  apa calda si aer conditionat, Luna martie 2009, Procente, 87.2
Productia si furnizarea de energie electrica si termica  gaze  apa calda si aer conditionat, Luna aprilie 2009, Procente, 72.1
Productia si furnizarea de energie electrica si termica  gaze  apa calda si aer conditionat, Luna mai 2009, Procente, 75.9
Productia si furnizarea de energie electrica si termica  gaze  apa calda si aer conditionat, Luna iunie 2009, Procente, 79.1
Productia si furnizarea de energie electrica si termica  gaze  apa calda si aer conditionat, Luna iulie 2009, Procente, 81.5
Productia si furnizarea de energie electrica si termica  gaze  apa calda si aer conditionat, Luna august 2009, Procente, 79.6
Productia si furnizarea de energie electrica si termica  gaze  apa calda si aer conditionat, Luna septembrie 2009, Procente, 81.2
Productia si furnizarea de energie electrica si termica  gaze  apa calda si aer conditionat, Luna octombrie 2009, Procente, 87.2
Productia si furnizarea de energie electrica si termica  gaze  apa calda si aer conditionat, Luna noiembrie 2009, Procente, 92
Productia si furnizarea de energie electrica si termica  gaze  apa calda si aer conditionat, Luna decembrie 2009, Procente, 101.9
Productia si furnizarea de energie electrica si termica  gaze  apa calda si aer conditionat, Luna ianuarie 2010, Procente, 105.5
Productia si furnizarea de energie electrica si termica  gaze  apa calda si aer conditionat, Luna februarie 2010, Procente, 98
Productia si furnizarea de energie electrica si termica  gaze  apa calda si aer conditionat, Luna martie 2010, Procente, 99.5
Productia si furnizarea de energie electrica si termica  gaze  apa calda si aer conditionat, Luna aprilie 2010, Procente, 84.6
Productia si furnizarea de energie electrica si termica  gaze  apa calda si aer conditionat, Luna mai 2010, Procente, 81.1
Productia si furnizarea de energie electrica si termica  gaze  apa calda si aer conditionat, Luna iunie 2010, Procente, 80.8
Productia si furnizarea de energie electrica si termica  gaze  apa calda si aer conditionat, Luna iulie 2010, Procente, 84.5
Productia si furnizarea de energie electrica si termica  gaze  apa calda si aer conditionat, Luna august 2010, Procente, 86
Productia si furnizarea de energie electrica si termica  gaze  apa calda si aer conditionat, Luna septembrie 2010, Procente, 83.9
Productia si furnizarea de energie electrica si termica  gaze  apa calda si aer conditionat, Luna octombrie 2010, Procente, 94
Productia si furnizarea de energie electrica si termica  gaze  apa calda si aer conditionat, Luna noiembrie 2010, Procente, 94.4
Productia si furnizarea de energie electrica si termica  gaze  apa calda si aer conditionat, Luna decembrie 2010, Procente, 107.7
Productia si furnizarea de energie electrica si termica  gaze  apa calda si aer conditionat, Luna ianuarie 2011, Procente, 110.1
Productia si furnizarea de energie electrica si termica  gaze  apa calda si aer conditionat, Luna februarie 2011, Procente, 102.8
Productia si furnizarea de energie electrica si termica  gaze  apa calda si aer conditionat, Luna martie 2011, Procente, 104.6
Productia si furnizarea de energie electrica si termica  gaze  apa calda si aer conditionat, Luna aprilie 2011, Procente, 91.9
Productia si furnizarea de energie electrica si termica  gaze  apa calda si aer conditionat, Luna mai 2011, Procente, 87.7
Productia si furnizarea de energie electrica si termica  gaze  apa calda si aer conditionat, Luna iunie 2011, Procente, 83.2
Productia si furnizarea de energie electrica si termica  gaze  apa calda si aer conditionat, Luna iulie 2011, Procente, 85.2
Productia si furnizarea de energie electrica si termica  gaze  apa calda si aer conditionat, Luna august 2011, Procente, 86.6
Productia si furnizarea de energie electrica si termica  gaze  apa calda si aer conditionat, Luna septembrie 2011, Procente, 87.7
Productia si furnizarea de energie electrica si termica  gaze  apa calda si aer conditionat, Luna octombrie 2011, Procente, 94.8
Productia si furnizarea de energie electrica si termica  gaze  apa calda si aer conditionat, Luna noiembrie 2011, Procente, 104.8
Productia si furnizarea de energie electrica si termica  gaze  apa calda si aer conditionat, Luna decembrie 2011, Procente, 111.4
Productia si furnizarea de energie electrica si termica  gaze  apa calda si aer conditionat, Luna ianuarie 2012, Procente, 107.7
Productia si furnizarea de energie electrica si termica  gaze  apa calda si aer conditionat, Luna februarie 2012, Procente, 114
Productia si furnizarea de energie electrica si termica  gaze  apa calda si aer conditionat, Luna martie 2012, Procente, 105.7
Productia si furnizarea de energie electrica si termica  gaze  apa calda si aer conditionat, Luna aprilie 2012, Procente, 92.9
Productia si furnizarea de energie electrica si termica  gaze  apa calda si aer conditionat, Luna mai 2012, Procente, 94.1
Productia si furnizarea de energie electrica si termica  gaze  apa calda si aer conditionat, Luna iunie 2012, Procente, 85.7
Productia si furnizarea de energie electrica si termica  gaze  apa calda si aer conditionat, Luna iulie 2012, Procente, 90.1
Productia si furnizarea de energie electrica si termica  gaze  apa calda si aer conditionat, Luna august 2012, Procente, 90.1
Productia si furnizarea de energie electrica si termica  gaze  apa calda si aer conditionat, Luna septembrie 2012, Procente, 86.7
Productia si furnizarea de energie electrica si termica  gaze  apa calda si aer conditionat, Luna octombrie 2012, Procente, 91.4
Productia si furnizarea de energie electrica si termica  gaze  apa calda si aer conditionat, Luna noiembrie 2012, Procente, 100.2
Productia si furnizarea de energie electrica si termica  gaze  apa calda si aer conditionat, Luna decembrie 2012, Procente, 110.2
Productia si furnizarea de energie electrica si termica  gaze  apa calda si aer conditionat, Luna ianuarie 2013, Procente, 109.8
Productia si furnizarea de energie electrica si termica  gaze  apa calda si aer conditionat, Luna februarie 2013, Procente, 97.4
Productia si furnizarea de energie electrica si termica  gaze  apa calda si aer conditionat, Luna martie 2013, Procente, 103
Productia si furnizarea de energie electrica si termica  gaze  apa calda si aer conditionat, Luna aprilie 2013, Procente, 89.8
Productia si furnizarea de energie electrica si termica  gaze  apa calda si aer conditionat, Luna mai 2013, Procente, 82.3
Productia si furnizarea de energie electrica si termica  gaze  apa calda si aer conditionat, Luna iunie 2013, Procente, 82
Productia si furnizarea de energie electrica si termica  gaze  apa calda si aer conditionat, Luna iulie 2013, Procente, 88.9
Productia si furnizarea de energie electrica si termica  gaze  apa calda si aer conditionat, Luna august 2013, Procente, 91.4
Productia si furnizarea de energie electrica si termica  gaze  apa calda si aer conditionat, Luna septembrie 2013, Procente, 87.9
Productia si furnizarea de energie electrica si termica  gaze  apa calda si aer conditionat, Luna octombrie 2013, Procente, 101.7
Productia si furnizarea de energie electrica si termica  gaze  apa calda si aer conditionat, Luna noiembrie 2013, Procente, 104.4
Productia si furnizarea de energie electrica si termica  gaze  apa calda si aer conditionat, Luna decembrie 2013, Procente, 114.3
Productia si furnizarea de energie electrica si termica  gaze  apa calda si aer conditionat, Luna ianuarie 2014, Procente, 111.7
Productia si furnizarea de energie electrica si termica  gaze  apa calda si aer conditionat, Luna februarie 2014, Procente, 103.6
Productia si furnizarea de energie electrica si termica  gaze  apa calda si aer conditionat, Luna martie 2014, Procente, 98.7
Productia si furnizarea de energie electrica si termica  gaze  apa calda si aer conditionat, Luna aprilie 2014, Procente, 81.7
Productia si furnizarea de energie electrica si termica  gaze  apa calda si aer conditionat, Luna mai 2014, Procente, 80.6
Productia si furnizarea de energie electrica si termica  gaze  apa calda si aer conditionat, Luna iunie 2014, Procente, 76.8
Productia si furnizarea de energie electrica si termica  gaze  apa calda si aer conditionat, Luna iulie 2014, Procente, 83.7
Productia si furnizarea de energie electrica si termica  gaze  apa calda si aer conditionat, Luna august 2014, Procente, 84
Productia si furnizarea de energie electrica si termica  gaze  apa calda si aer conditionat, Luna septembrie 2014, Procente, 82.3
Productia si furnizarea de energie electrica si termica  gaze  apa calda si aer conditionat, Luna octombrie 2014, Procente, 91.7
Productia si furnizarea de energie electrica si termica  gaze  apa calda si aer conditionat, Luna noiembrie 2014, Procente, 97.4
Productia si furnizarea de energie electrica si termica  gaze  apa calda si aer conditionat, Luna decembrie 2014, Procente, 106.2
Productia si furnizarea de energie electrica si termica  gaze  apa calda si aer conditionat, Luna ianuarie 2015, Procente, 116.8
Productia si furnizarea de energie electrica si termica  gaze  apa calda si aer conditionat, Luna februarie 2015, Procente, 106.5
Productia si furnizarea de energie electrica si termica  gaze  apa calda si aer conditionat, Luna martie 2015, Procente, 98.6
Productia si furnizarea de energie electrica si termica  gaze  apa calda si aer conditionat, Luna aprilie 2015, Procente, 87.6
Productia si furnizarea de energie electrica si termica  gaze  apa calda si aer conditionat, Luna mai 2015, Procente, 74.6
Productia si furnizarea de energie electrica si termica  gaze  apa calda si aer conditionat, Luna iunie 2015, Procente, 76.1
Productia si furnizarea de energie electrica si termica  gaze  apa calda si aer conditionat, Luna iulie 2015, Procente, 87.7
Productia si furnizarea de energie electrica si termica  gaze  apa calda si aer conditionat, Luna august 2015, Procente, 86.6
Productia si furnizarea de energie electrica si termica  gaze  apa calda si aer conditionat, Luna septembrie 2015, Procente, 83.4
Productia si furnizarea de energie electrica si termica  gaze  apa calda si aer conditionat, Luna octombrie 2015, Procente, 93
Productia si furnizarea de energie electrica si termica  gaze  apa calda si aer conditionat, Luna noiembrie 2015, Procente, 97.2
Productia si furnizarea de energie electrica si termica  gaze  apa calda si aer conditionat, Luna decembrie 2015, Procente, 105.1
Productia si furnizarea de energie electrica si termica  gaze  apa calda si aer conditionat, Luna ianuarie 2016, Procente, 113.4
Productia si furnizarea de energie electrica si termica  gaze  apa calda si aer conditionat, Luna februarie 2016, Procente, 97.1
Productia si furnizarea de energie electrica si termica  gaze  apa calda si aer conditionat, Luna martie 2016, Procente, 97.4
Productia si furnizarea de energie electrica si termica  gaze  apa calda si aer conditionat, Luna aprilie 2016, Procente, 83.3
Productia si furnizarea de energie electrica si termica  gaze  apa calda si aer conditionat, Luna mai 2016, Procente, 80.2
Productia si furnizarea de energie electrica si termica  gaze  apa calda si aer conditionat, Luna iunie 2016, Procente, 82.7
Productia si furnizarea de energie electrica si termica  gaze  apa calda si aer conditionat, Luna iulie 2016, Procente, 84.8
Productia si furnizarea de energie electrica si termica  gaze  apa calda si aer conditionat, Luna august 2016, Procente, 86.5
Productia si furnizarea de energie electrica si termica  gaze  apa calda si aer conditionat, Luna septembrie 2016, Procente, 81.9
Productia si furnizarea de energie electrica si termica  gaze  apa calda si aer conditionat, Luna octombrie 2016, Procente, 92.9
Productia si furnizarea de energie electrica si termica  gaze  apa calda si aer conditionat, Luna noiembrie 2016, Procente, 103.2
Productia si furnizarea de energie electrica si termica  gaze  apa calda si aer conditionat, Luna decembrie 2016, Procente, 114.9
Productia si furnizarea de energie electrica si termica  gaze  apa calda si aer conditionat, Luna ianuarie 2017, Procente, 120.3
Productia si furnizarea de energie electrica si termica  gaze  apa calda si aer conditionat, Luna februarie 2017, Procente, 105.8
Productia si furnizarea de energie electrica si termica  gaze  apa calda si aer conditionat, Luna martie 2017, Procente, 105
Productia si furnizarea de energie electrica si termica  gaze  apa calda si aer conditionat, Luna aprilie 2017, Procente, 91.6
Productia si furnizarea de energie electrica si termica  gaze  apa calda si aer conditionat, Luna mai 2017, Procente, 84.5
Productia si furnizarea de energie electrica si termica  gaze  apa calda si aer conditionat, Luna iunie 2017, Procente, 84.2
Productia si furnizarea de energie electrica si termica  gaze  apa calda si aer conditionat, Luna iulie 2017, Procente, 86.7
Productia si furnizarea de energie electrica si termica  gaze  apa calda si aer conditionat, Luna august 2017, Procente, 86.6
Productia si furnizarea de energie electrica si termica  gaze  apa calda si aer conditionat, Luna septembrie 2017, Procente, 84.5
Productia si furnizarea de energie electrica si termica  gaze  apa calda si aer conditionat, Luna octombrie 2017, Procente, 92.3
Productia si furnizarea de energie electrica si termica  gaze  apa calda si aer conditionat, Luna noiembrie 2017, Procente, 100.9
Productia si furnizarea de energie electrica si termica  gaze  apa calda si aer conditionat, Luna decembrie 2017, Procente, 114.1
Productia si furnizarea de energie electrica si termica  gaze  apa calda si aer conditionat, Luna ianuarie 2018, Procente, 109.8
Productia si furnizarea de energie electrica si termica  gaze  apa calda si aer conditionat, Luna februarie 2018, Procente, 106.9
Productia si furnizarea de energie electrica si termica  gaze  apa calda si aer conditionat, Luna martie 2018, Procente, 111.5
Productia si furnizarea de energie electrica si termica  gaze  apa calda si aer conditionat, Luna aprilie 2018, Procente, 87.9
Productia si furnizarea de energie electrica si termica  gaze  apa calda si aer conditionat, Luna mai 2018, Procente, 82.1
Productia si furnizarea de energie electrica si termica  gaze  apa calda si aer conditionat, Luna iunie 2018, Procente, 83.6
Productia si furnizarea de energie electrica si termica  gaze  apa calda si aer conditionat, Luna iulie 2018, Procente, 89.2
Productia si furnizarea de energie electrica si termica  gaze  apa calda si aer conditionat, Luna august 2018, Procente, 90.5
Productia si furnizarea de energie electrica si termica  gaze  apa calda si aer conditionat, Luna septembrie 2018, Procente, 84.3
Productia si furnizarea de energie electrica si termica  gaze  apa calda si aer conditionat, Luna octombrie 2018, Procente, 94.1
Productia si furnizarea de energie electrica si termica  gaze  apa calda si aer conditionat, Luna noiembrie 2018, Procente, 101.1
Productia si furnizarea de energie electrica si termica  gaze  apa calda si aer conditionat, Luna decembrie 2018, Procente, 115.8
Productia si furnizarea de energie electrica si termica  gaze  apa calda si aer conditionat, Luna ianuarie 2019, Procente, 113.6
Productia si furnizarea de energie electrica si termica  gaze  apa calda si aer conditionat, Luna februarie 2019, Procente, 103.7
Productia si furnizarea de energie electrica si termica  gaze  apa calda si aer conditionat, Luna martie 2019, Procente, 102
Productia si furnizarea de energie electrica si termica  gaze  apa calda si aer conditionat, Luna aprilie 2019, Procente, 86.3
Productia si furnizarea de energie electrica si termica  gaze  apa calda si aer conditionat, Luna mai 2019, Procente, 86.8
Productia si furnizarea de energie electrica si termica  gaze  apa calda si aer conditionat, Luna iunie 2019, Procente, 85.9
Productia si furnizarea de energie electrica si termica  gaze  apa calda si aer conditionat, Luna iulie 2019, Procente, 84.2
Productia si furnizarea de energie electrica si termica  gaze  apa calda si aer conditionat, Luna august 2019, Procente, 82.5
Productia si furnizarea de energie electrica si termica  gaze  apa calda si aer conditionat, Luna septembrie 2019, Procente, 80.7
Productia si furnizarea de energie electrica si termica  gaze  apa calda si aer conditionat, Luna octombrie 2019, Procente, 85.5
Productia si furnizarea de energie electrica si termica  gaze  apa calda si aer conditionat, Luna noiembrie 2019, Procente, 91.4
Productia si furnizarea de energie electrica si termica  gaze  apa calda si aer conditionat, Luna decembrie 2019, Procente, 105.3
Productia si furnizarea de energie electrica si termica  gaze  apa calda si aer conditionat, Luna ianuarie 2020, Procente, 107.3
Productia si furnizarea de energie electrica si termica  gaze  apa calda si aer conditionat, Luna februarie 2020, Procente, 98.4
Productia si furnizarea de energie electrica si termica  gaze  apa calda si aer conditionat, Luna martie 2020, Procente, 98.3
Productia si furnizarea de energie electrica si termica  gaze  apa calda si aer conditionat, Luna aprilie 2020, Procente, 81.9
Productia si furnizarea de energie electrica si termica  gaze  apa calda si aer conditionat, Luna mai 2020, Procente, 76.8
Productia si furnizarea de energie electrica si termica  gaze  apa calda si aer conditionat, Luna iunie 2020, Procente, 76.3
Productia si furnizarea de energie electrica si termica  gaze  apa calda si aer conditionat, Luna iulie 2020, Procente, 82.9
Productia si furnizarea de energie electrica si termica  gaze  apa calda si aer conditionat, Luna august 2020, Procente, 83.8
Productia si furnizarea de energie electrica si termica  gaze  apa calda si aer conditionat, Luna septembrie 2020, Procente, 81.2
Productia si furnizarea de energie electrica si termica  gaze  apa calda si aer conditionat, Luna octombrie 2020, Procente, 86.3
Productia si furnizarea de energie electrica si termica  gaze  apa calda si aer conditionat, Luna noiembrie 2020, Procente, 96.1
Productia si furnizarea de energie electrica si termica  gaze  apa calda si aer conditionat, Luna decembrie 2020, Procente, 109.3
Productia si furnizarea de energie electrica si termica  gaze  apa calda si aer conditionat, Luna ianuarie 2021, Procente, 109.8
Productia si furnizarea de energie electrica si termica  gaze  apa calda si aer conditionat, Luna februarie 2021, Procente, 104.9
Productia si furnizarea de energie electrica si termica  gaze  apa calda si aer conditionat, Luna martie 2021, Procente, 111.5
Productia si furnizarea de energie electrica si termica  gaze  apa calda si aer conditionat, Luna aprilie 2021, Procente, 97.7
Productia si furnizarea de energie electrica si termica  gaze  apa calda si aer conditionat, Luna mai 2021, Procente, 90.5
Productia si furnizarea de energie electrica si termica  gaze  apa calda si aer conditionat, Luna iunie 2021, Procente, 92.2
Productia si furnizarea de energie electrica si termica  gaze  apa calda si aer conditionat, Luna iulie 2021, Procente, 95.8
Productia si furnizarea de energie electrica si termica  gaze  apa calda si aer conditionat, Luna august 2021, Procente, 91.6
Productia si furnizarea de energie electrica si termica  gaze  apa calda si aer conditionat, Luna septembrie 2021, Procente, 87.3
Productia si furnizarea de energie electrica si termica  gaze  apa calda si aer conditionat, Luna octombrie 2021, Procente, 99.5
Productia si furnizarea de energie electrica si termica  gaze  apa calda si aer conditionat, Luna noiembrie 2021, Procente, 102
Productia si furnizarea de energie electrica si termica  gaze  apa calda si aer conditionat, Luna decembrie 2021, Procente, 117.3
Productia si furnizarea de energie electrica si termica  gaze  apa calda si aer conditionat, Luna ianuarie 2022, Procente, 112.1
Productia si furnizarea de energie electrica si termica  gaze  apa calda si aer conditionat, Luna februarie 2022, Procente, 99.1
Productia si furnizarea de energie electrica si termica  gaze  apa calda si aer conditionat, Luna martie 2022, Procente, 102.5
Productia si furnizarea de energie electrica si termica  gaze  apa calda si aer conditionat, Luna aprilie 2022, Procente, 87.7
Productia si furnizarea de energie electrica si termica  gaze  apa calda si aer conditionat, Luna mai 2022, Procente, 88.2
Productia si furnizarea de energie electrica si termica  gaze  apa calda si aer conditionat, Luna iunie 2022, Procente, 84.2
Productia si furnizarea de energie electrica si termica  gaze  apa calda si aer conditionat, Luna iulie 2022, Procente, 90.5
Productia si furnizarea de energie electrica si termica  gaze  apa calda si aer conditionat, Luna august 2022, Procente, 85.1
Productia si furnizarea de energie electrica si termica  gaze  apa calda si aer conditionat, Luna septembrie 2022, Procente, 83.1
Productia si furnizarea de energie electrica si termica  gaze  apa calda si aer conditionat, Luna octombrie 2022, Procente, 84.2
Productia si furnizarea de energie electrica si termica  gaze  apa calda si aer conditionat, Luna noiembrie 2022, Procente, 88.8
Productia si furnizarea de energie electrica si termica  gaze  apa calda si aer conditionat, Luna decembrie 2022, Procente, 99.1
Productia si furnizarea de energie electrica si termica  gaze  apa calda si aer conditionat, Luna ianuarie 2023, Procente, 99.8
Productia si furnizarea de energie electrica si termica  gaze  apa calda si aer conditionat, Luna februarie 2023, Procente, 92.2
Productia si furnizarea de energie electrica si termica  gaze  apa calda si aer conditionat, Luna martie 2023, Procente, 90.3
Productia si furnizarea de energie electrica si termica  gaze  apa calda si aer conditionat, Luna aprilie 2023, Procente, 86.9
Productia si furnizarea de energie electrica si termica  gaze  apa calda si aer conditionat, Luna mai 2023, Procente, 80.1
Productia si furnizarea de energie electrica si termica  gaze  apa calda si aer conditionat, Luna iunie 2023, Procente, 78.5
Productia si furnizarea de energie electrica si termica  gaze  apa calda si aer conditionat, Luna iulie 2023, Procente, 82.3
Productia si furnizarea de energie electrica si termica  gaze  apa calda si aer conditionat, Luna august 2023, Procente, 79.7
Productia si furnizarea de energie electrica si termica  gaze  apa calda si aer conditionat, Luna septembrie 2023, Procente, 75
Productia si furnizarea de energie electrica si termica  gaze  apa calda si aer conditionat, Luna octombrie 2023, Procente, 80.6
Productia si furnizarea de energie electrica si termica  gaze  apa calda si aer conditionat, Luna noiembrie 2023, Procente, 88.1
Productia si furnizarea de energie electrica si termica  gaze  apa calda si aer conditionat, Luna decembrie 2023, Procente, 96.6
Productia si furnizarea de energie electrica si termica  gaze  apa calda si aer conditionat, Luna ianuarie 2024, Procente, 97.6
Productia si furnizarea de energie electrica si termica  gaze  apa calda si aer conditionat, Luna februarie 2024, Procente, 88.8
Productia si furnizarea de energie electrica si termica  gaze  apa calda si aer conditionat, Luna martie 2024, Procente, 88.9
Productia si furnizarea de energie electrica si termica  gaze  apa calda si aer conditionat, Luna aprilie 2024, Procente, 74.3
Productia si furnizarea de energie electrica si termica  gaze  apa calda si aer conditionat, Luna mai 2024, Procente, 70.3
Productia si furnizarea de energie electrica si termica  gaze  apa calda si aer conditionat, Luna iunie 2024, Procente, 74.3
Productia si furnizarea de energie electrica si termica  gaze  apa calda si aer conditionat, Luna iulie 2024, Procente, 82.2
Productia si furnizarea de energie electrica si termica  gaze  apa calda si aer conditionat, Luna august 2024, Procente, 76.1
Productia si furnizarea de energie electrica si termica  gaze  apa calda si aer conditionat, Luna septembrie 2024, Procente, 72.5
Productia si furnizarea de energie electrica si termica  gaze  apa calda si aer conditionat, Luna octombrie 2024, Procente, 78.6
Productia si furnizarea de energie electrica si termica  gaze  apa calda si aer conditionat, Luna noiembrie 2024, Procente, 86.4
Productia si furnizarea de energie electrica si termica  gaze  apa calda si aer conditionat, Luna decembrie 2024, Procente, 92.2
Productia si furnizarea de energie electrica si termica  gaze  apa calda si aer conditionat, Luna ianuarie 2025, Procente, 93.5
Productia si furnizarea de energie electrica si termica  gaze  apa calda si aer conditionat, Luna februarie 2025, Procente, 89.6
Industria bunurilor intermediare, Luna ianuarie 2005, Procente, 39.5
Industria bunurilor intermediare, Luna februarie 2005, Procente, 40.2
Industria bunurilor intermediare, Luna martie 2005, Procente, 47.2
Industria bunurilor intermediare, Luna aprilie 2005, Procente, 47.6
Industria bunurilor intermediare, Luna mai 2005, Procente, 46.5
Industria bunurilor intermediare, Luna iunie 2005, Procente, 48.7
Industria bunurilor intermediare, Luna iulie 2005, Procente, 48
Industria bunurilor intermediare, Luna august 2005, Procente, 48.3
Industria bunurilor intermediare, Luna septembrie 2005, Procente, 51.5
Industria bunurilor intermediare, Luna octombrie 2005, Procente, 51.3
Industria bunurilor intermediare, Luna noiembrie 2005, Procente, 49.4
Industria bunurilor intermediare, Luna decembrie 2005, Procente, 40
Industria bunurilor intermediare, Luna ianuarie 2006, Procente, 41.2
Industria bunurilor intermediare, Luna februarie 2006, Procente, 45.4
Industria bunurilor intermediare, Luna martie 2006, Procente, 53.5
Industria bunurilor intermediare, Luna aprilie 2006, Procente, 51.5
Industria bunurilor intermediare, Luna mai 2006, Procente, 58.6
Industria bunurilor intermediare, Luna iunie 2006, Procente, 59.8
Industria bunurilor intermediare, Luna iulie 2006, Procente, 58.4
Industria bunurilor intermediare, Luna august 2006, Procente, 57.4
Industria bunurilor intermediare, Luna septembrie 2006, Procente, 62
Industria bunurilor intermediare, Luna octombrie 2006, Procente, 63.1
Industria bunurilor intermediare, Luna noiembrie 2006, Procente, 61.2
Industria bunurilor intermediare, Luna decembrie 2006, Procente, 50.2
Industria bunurilor intermediare, Luna ianuarie 2007, Procente, 51.2
Industria bunurilor intermediare, Luna februarie 2007, Procente, 55.8
Industria bunurilor intermediare, Luna martie 2007, Procente, 66.9
Industria bunurilor intermediare, Luna aprilie 2007, Procente, 58.1
Industria bunurilor intermediare, Luna mai 2007, Procente, 65.9
Industria bunurilor intermediare, Luna iunie 2007, Procente, 64
Industria bunurilor intermediare, Luna iulie 2007, Procente, 62.9
Industria bunurilor intermediare, Luna august 2007, Procente, 61.7
Industria bunurilor intermediare, Luna septembrie 2007, Procente, 62.5
Industria bunurilor intermediare, Luna octombrie 2007, Procente, 67.8
Industria bunurilor intermediare, Luna noiembrie 2007, Procente, 63.7
Industria bunurilor intermediare, Luna decembrie 2007, Procente, 50.6
Industria bunurilor intermediare, Luna ianuarie 2008, Procente, 52.5
Industria bunurilor intermediare, Luna februarie 2008, Procente, 63.3
Industria bunurilor intermediare, Luna martie 2008, Procente, 68.4
Industria bunurilor intermediare, Luna aprilie 2008, Procente, 66.4
Industria bunurilor intermediare, Luna mai 2008, Procente, 70.9
Industria bunurilor intermediare, Luna iunie 2008, Procente, 68.2
Industria bunurilor intermediare, Luna iulie 2008, Procente, 69.6
Industria bunurilor intermediare, Luna august 2008, Procente, 63.3
Industria bunurilor intermediare, Luna septembrie 2008, Procente, 67.6
Industria bunurilor intermediare, Luna octombrie 2008, Procente, 68.4
Industria bunurilor intermediare, Luna noiembrie 2008, Procente, 58.2
Industria bunurilor intermediare, Luna decembrie 2008, Procente, 42.9
Industria bunurilor intermediare, Luna ianuarie 2009, Procente, 41.8
Industria bunurilor intermediare, Luna februarie 2009, Procente, 51.4
Industria bunurilor intermediare, Luna martie 2009, Procente, 56.7
Industria bunurilor intermediare, Luna aprilie 2009, Procente, 54.3
Industria bunurilor intermediare, Luna mai 2009, Procente, 60.9
Industria bunurilor intermediare, Luna iunie 2009, Procente, 60.9
Industria bunurilor intermediare, Luna iulie 2009, Procente, 63.5
Industria bunurilor intermediare, Luna august 2009, Procente, 59.6
Industria bunurilor intermediare, Luna septembrie 2009, Procente, 64.6
Industria bunurilor intermediare, Luna octombrie 2009, Procente, 65.6
Industria bunurilor intermediare, Luna noiembrie 2009, Procente, 62
Industria bunurilor intermediare, Luna decembrie 2009, Procente, 47.9
Industria bunurilor intermediare, Luna ianuarie 2010, Procente, 47.6
Industria bunurilor intermediare, Luna februarie 2010, Procente, 52.4
Industria bunurilor intermediare, Luna martie 2010, Procente, 63.7
Industria bunurilor intermediare, Luna aprilie 2010, Procente, 63.4
Industria bunurilor intermediare, Luna mai 2010, Procente, 66
Industria bunurilor intermediare, Luna iunie 2010, Procente, 67.4
Industria bunurilor intermediare, Luna iulie 2010, Procente, 68.7
Industria bunurilor intermediare, Luna august 2010, Procente, 63.4
Industria bunurilor intermediare, Luna septembrie 2010, Procente, 70.1
Industria bunurilor intermediare, Luna octombrie 2010, Procente, 69.8
Industria bunurilor intermediare, Luna noiembrie 2010, Procente, 70.1
Industria bunurilor intermediare, Luna decembrie 2010, Procente, 58.1
Industria bunurilor intermediare, Luna ianuarie 2011, Procente, 60.3
Industria bunurilor intermediare, Luna februarie 2011, Procente, 67.6
Industria bunurilor intermediare, Luna martie 2011, Procente, 75.9
Industria bunurilor intermediare, Luna aprilie 2011, Procente, 70.4
Industria bunurilor intermediare, Luna mai 2011, Procente, 77.2
Industria bunurilor intermediare, Luna iunie 2011, Procente, 74.6
Industria bunurilor intermediare, Luna iulie 2011, Procente, 75.4
Industria bunurilor intermediare, Luna august 2011, Procente, 72.8
Industria bunurilor intermediare, Luna septembrie 2011, Procente, 78.5
Industria bunurilor intermediare, Luna octombrie 2011, Procente, 76.7
Industria bunurilor intermediare, Luna noiembrie 2011, Procente, 75.3
Industria bunurilor intermediare, Luna decembrie 2011, Procente, 60.7
Industria bunurilor intermediare, Luna ianuarie 2012, Procente, 65.6
Industria bunurilor intermediare, Luna februarie 2012, Procente, 63.9
Industria bunurilor intermediare, Luna martie 2012, Procente, 76.1
Industria bunurilor intermediare, Luna aprilie 2012, Procente, 70.6
Industria bunurilor intermediare, Luna mai 2012, Procente, 81.9
Industria bunurilor intermediare, Luna iunie 2012, Procente, 78.5
Industria bunurilor intermediare, Luna iulie 2012, Procente, 78
Industria bunurilor intermediare, Luna august 2012, Procente, 73.2
Industria bunurilor intermediare, Luna septembrie 2012, Procente, 76.3
Industria bunurilor intermediare, Luna octombrie 2012, Procente, 82.3
Industria bunurilor intermediare, Luna noiembrie 2012, Procente, 77.4
Industria bunurilor intermediare, Luna decembrie 2012, Procente, 59.9
Industria bunurilor intermediare, Luna ianuarie 2013, Procente, 68.4
Industria bunurilor intermediare, Luna februarie 2013, Procente, 72.2
Industria bunurilor intermediare, Luna martie 2013, Procente, 79.3
Industria bunurilor intermediare, Luna aprilie 2013, Procente, 85.5
Industria bunurilor intermediare, Luna mai 2013, Procente, 80.4
Industria bunurilor intermediare, Luna iunie 2013, Procente, 81.4
Industria bunurilor intermediare, Luna iulie 2013, Procente, 87.3
Industria bunurilor intermediare, Luna august 2013, Procente, 76.3
Industria bunurilor intermediare, Luna septembrie 2013, Procente, 86.2
Industria bunurilor intermediare, Luna octombrie 2013, Procente, 90.6
Industria bunurilor intermediare, Luna noiembrie 2013, Procente, 85.8
Industria bunurilor intermediare, Luna decembrie 2013, Procente, 66.9
Industria bunurilor intermediare, Luna ianuarie 2014, Procente, 74.4
Industria bunurilor intermediare, Luna februarie 2014, Procente, 78.5
Industria bunurilor intermediare, Luna martie 2014, Procente, 86.9
Industria bunurilor intermediare, Luna aprilie 2014, Procente, 83.5
Industria bunurilor intermediare, Luna mai 2014, Procente, 87
Industria bunurilor intermediare, Luna iunie 2014, Procente, 85.3
Industria bunurilor intermediare, Luna iulie 2014, Procente, 88.9
Industria bunurilor intermediare, Luna august 2014, Procente, 76.5
Industria bunurilor intermediare, Luna septembrie 2014, Procente, 89.4
Industria bunurilor intermediare, Luna octombrie 2014, Procente, 92.4
Industria bunurilor intermediare, Luna noiembrie 2014, Procente, 85.1
Industria bunurilor intermediare, Luna decembrie 2014, Procente, 70
Industria bunurilor intermediare, Luna ianuarie 2015, Procente, 69.4
Industria bunurilor intermediare, Luna februarie 2015, Procente, 76.2
Industria bunurilor intermediare, Luna martie 2015, Procente, 89.1
Industria bunurilor intermediare, Luna aprilie 2015, Procente, 84.8
Industria bunurilor intermediare, Luna mai 2015, Procente, 89.4
Industria bunurilor intermediare, Luna iunie 2015, Procente, 90.7
Industria bunurilor intermediare, Luna iulie 2015, Procente, 91.7
Industria bunurilor intermediare, Luna august 2015, Procente, 83.5
Industria bunurilor intermediare, Luna septembrie 2015, Procente, 92.1
Industria bunurilor intermediare, Luna octombrie 2015, Procente, 92.9
Industria bunurilor intermediare, Luna noiembrie 2015, Procente, 87.6
Industria bunurilor intermediare, Luna decembrie 2015, Procente, 72.9
Industria bunurilor intermediare, Luna ianuarie 2016, Procente, 69.7
Industria bunurilor intermediare, Luna februarie 2016, Procente, 80.4
Industria bunurilor intermediare, Luna martie 2016, Procente, 91.9
Industria bunurilor intermediare, Luna aprilie 2016, Procente, 91.4
Industria bunurilor intermediare, Luna mai 2016, Procente, 91.6
Industria bunurilor intermediare, Luna iunie 2016, Procente, 91.3
Industria bunurilor intermediare, Luna iulie 2016, Procente, 91.6
Industria bunurilor intermediare, Luna august 2016, Procente, 87.5
Industria bunurilor intermediare, Luna septembrie 2016, Procente, 95.6
Industria bunurilor intermediare, Luna octombrie 2016, Procente, 94.5
Industria bunurilor intermediare, Luna noiembrie 2016, Procente, 93.4
Industria bunurilor intermediare, Luna decembrie 2016, Procente, 73.3
Industria bunurilor intermediare, Luna ianuarie 2017, Procente, 72.3
Industria bunurilor intermediare, Luna februarie 2017, Procente, 83.9
Industria bunurilor intermediare, Luna martie 2017, Procente, 99.9
Industria bunurilor intermediare, Luna aprilie 2017, Procente, 89.4
Industria bunurilor intermediare, Luna mai 2017, Procente, 104.7
Industria bunurilor intermediare, Luna iunie 2017, Procente, 97.3
Industria bunurilor intermediare, Luna iulie 2017, Procente, 97.9
Industria bunurilor intermediare, Luna august 2017, Procente, 93.9
Industria bunurilor intermediare, Luna septembrie 2017, Procente, 100.7
Industria bunurilor intermediare, Luna octombrie 2017, Procente, 105.4
Industria bunurilor intermediare, Luna noiembrie 2017, Procente, 101.9
Industria bunurilor intermediare, Luna decembrie 2017, Procente, 81.8
Industria bunurilor intermediare, Luna ianuarie 2018, Procente, 81.7
Industria bunurilor intermediare, Luna februarie 2018, Procente, 88.4
Industria bunurilor intermediare, Luna martie 2018, Procente, 100.8
Industria bunurilor intermediare, Luna aprilie 2018, Procente, 94.8
Industria bunurilor intermediare, Luna mai 2018, Procente, 106.8
Industria bunurilor intermediare, Luna iunie 2018, Procente, 109
Industria bunurilor intermediare, Luna iulie 2018, Procente, 106.6
Industria bunurilor intermediare, Luna august 2018, Procente, 100.1
Industria bunurilor intermediare, Luna septembrie 2018, Procente, 103.7
Industria bunurilor intermediare, Luna octombrie 2018, Procente, 111.6
Industria bunurilor intermediare, Luna noiembrie 2018, Procente, 105.7
Industria bunurilor intermediare, Luna decembrie 2018, Procente, 82.5
Industria bunurilor intermediare, Luna ianuarie 2019, Procente, 84.7
Industria bunurilor intermediare, Luna februarie 2019, Procente, 93.8
Industria bunurilor intermediare, Luna martie 2019, Procente, 107.9
Industria bunurilor intermediare, Luna aprilie 2019, Procente, 101.3
Industria bunurilor intermediare, Luna mai 2019, Procente, 106.9
Industria bunurilor intermediare, Luna iunie 2019, Procente, 100.5
Industria bunurilor intermediare, Luna iulie 2019, Procente, 104.1
Industria bunurilor intermediare, Luna august 2019, Procente, 94.1
Industria bunurilor intermediare, Luna septembrie 2019, Procente, 101.2
Industria bunurilor intermediare, Luna octombrie 2019, Procente, 105.2
Industria bunurilor intermediare, Luna noiembrie 2019, Procente, 100.3
Industria bunurilor intermediare, Luna decembrie 2019, Procente, 77.3
Industria bunurilor intermediare, Luna ianuarie 2020, Procente, 86.4
Industria bunurilor intermediare, Luna februarie 2020, Procente, 94.8
Industria bunurilor intermediare, Luna martie 2020, Procente, 96.6
Industria bunurilor intermediare, Luna aprilie 2020, Procente, 67
Industria bunurilor intermediare, Luna mai 2020, Procente, 83.5
Industria bunurilor intermediare, Luna iunie 2020, Procente, 94.2
Industria bunurilor intermediare, Luna iulie 2020, Procente, 102.7
Industria bunurilor intermediare, Luna august 2020, Procente, 93
Industria bunurilor intermediare, Luna septembrie 2020, Procente, 102.3
Industria bunurilor intermediare, Luna octombrie 2020, Procente, 106.3
Industria bunurilor intermediare, Luna noiembrie 2020, Procente, 99.8
Industria bunurilor intermediare, Luna decembrie 2020, Procente, 84
Industria bunurilor intermediare, Luna ianuarie 2021, Procente, 81.9
Industria bunurilor intermediare, Luna februarie 2021, Procente, 91.6
Industria bunurilor intermediare, Luna martie 2021, Procente, 106.3
Industria bunurilor intermediare, Luna aprilie 2021, Procente, 105.8
Industria bunurilor intermediare, Luna mai 2021, Procente, 102
Industria bunurilor intermediare, Luna iunie 2021, Procente, 103.7
Industria bunurilor intermediare, Luna iulie 2021, Procente, 105.4
Industria bunurilor intermediare, Luna august 2021, Procente, 96.1
Industria bunurilor intermediare, Luna septembrie 2021, Procente, 106.8
Industria bunurilor intermediare, Luna octombrie 2021, Procente, 104.1
Industria bunurilor intermediare, Luna noiembrie 2021, Procente, 106.2
Industria bunurilor intermediare, Luna decembrie 2021, Procente, 90.2
Industria bunurilor intermediare, Luna ianuarie 2022, Procente, 87.2
Industria bunurilor intermediare, Luna februarie 2022, Procente, 95.4
Industria bunurilor intermediare, Luna martie 2022, Procente, 109.1
Industria bunurilor intermediare, Luna aprilie 2022, Procente, 97.1
Industria bunurilor intermediare, Luna mai 2022, Procente, 107
Industria bunurilor intermediare, Luna iunie 2022, Procente, 101.3
Industria bunurilor intermediare, Luna iulie 2022, Procente, 96.9
Industria bunurilor intermediare, Luna august 2022, Procente, 89.9
Industria bunurilor intermediare, Luna septembrie 2022, Procente, 99.7
Industria bunurilor intermediare, Luna octombrie 2022, Procente, 98.3
Industria bunurilor intermediare, Luna noiembrie 2022, Procente, 98.1
Industria bunurilor intermediare, Luna decembrie 2022, Procente, 74.3
Industria bunurilor intermediare, Luna ianuarie 2023, Procente, 75.6
Industria bunurilor intermediare, Luna februarie 2023, Procente, 82.7
Industria bunurilor intermediare, Luna martie 2023, Procente, 98.6
Industria bunurilor intermediare, Luna aprilie 2023, Procente, 84.4
Industria bunurilor intermediare, Luna mai 2023, Procente, 101.2
Industria bunurilor intermediare, Luna iunie 2023, Procente, 93.6
Industria bunurilor intermediare, Luna iulie 2023, Procente, 93.5
Industria bunurilor intermediare, Luna august 2023, Procente, 86.6
Industria bunurilor intermediare, Luna septembrie 2023, Procente, 96.1
Industria bunurilor intermediare, Luna octombrie 2023, Procente, 97.6
Industria bunurilor intermediare, Luna noiembrie 2023, Procente, 94.8
Industria bunurilor intermediare, Luna decembrie 2023, Procente, 73.9
Industria bunurilor intermediare, Luna ianuarie 2024, Procente, 75.1
Industria bunurilor intermediare, Luna februarie 2024, Procente, 89.5
Industria bunurilor intermediare, Luna martie 2024, Procente, 97.9
Industria bunurilor intermediare, Luna aprilie 2024, Procente, 100.4
Industria bunurilor intermediare, Luna mai 2024, Procente, 92.4
Industria bunurilor intermediare, Luna iunie 2024, Procente, 90.4
Industria bunurilor intermediare, Luna iulie 2024, Procente, 94.4
Industria bunurilor intermediare, Luna august 2024, Procente, 82.2
Industria bunurilor intermediare, Luna septembrie 2024, Procente, 94
Industria bunurilor intermediare, Luna octombrie 2024, Procente, 99.5
Industria bunurilor intermediare, Luna noiembrie 2024, Procente, 93.3
Industria bunurilor intermediare, Luna decembrie 2024, Procente, 72.3
Industria bunurilor intermediare, Luna ianuarie 2025, Procente, 72.7
Industria bunurilor intermediare, Luna februarie 2025, Procente, 81.9
Industria bunurilor de capital, Luna ianuarie 2005, Procente, 31.8
Industria bunurilor de capital, Luna februarie 2005, Procente, 33.5
Industria bunurilor de capital, Luna martie 2005, Procente, 37.8
Industria bunurilor de capital, Luna aprilie 2005, Procente, 36.1
Industria bunurilor de capital, Luna mai 2005, Procente, 37.1
Industria bunurilor de capital, Luna iunie 2005, Procente, 40.3
Industria bunurilor de capital, Luna iulie 2005, Procente, 36.1
Industria bunurilor de capital, Luna august 2005, Procente, 30.6
Industria bunurilor de capital, Luna septembrie 2005, Procente, 41.6
Industria bunurilor de capital, Luna octombrie 2005, Procente, 39.5
Industria bunurilor de capital, Luna noiembrie 2005, Procente, 44.1
Industria bunurilor de capital, Luna decembrie 2005, Procente, 35.3
Industria bunurilor de capital, Luna ianuarie 2006, Procente, 36.2
Industria bunurilor de capital, Luna februarie 2006, Procente, 38.5
Industria bunurilor de capital, Luna martie 2006, Procente, 45
Industria bunurilor de capital, Luna aprilie 2006, Procente, 38.7
Industria bunurilor de capital, Luna mai 2006, Procente, 44.9
Industria bunurilor de capital, Luna iunie 2006, Procente, 45.2
Industria bunurilor de capital, Luna iulie 2006, Procente, 40.3
Industria bunurilor de capital, Luna august 2006, Procente, 35.1
Industria bunurilor de capital, Luna septembrie 2006, Procente, 48.4
Industria bunurilor de capital, Luna octombrie 2006, Procente, 49.2
Industria bunurilor de capital, Luna noiembrie 2006, Procente, 49.4
Industria bunurilor de capital, Luna decembrie 2006, Procente, 38.5
Industria bunurilor de capital, Luna ianuarie 2007, Procente, 42.8
Industria bunurilor de capital, Luna februarie 2007, Procente, 47.2
Industria bunurilor de capital, Luna martie 2007, Procente, 55.1
Industria bunurilor de capital, Luna aprilie 2007, Procente, 48
Industria bunurilor de capital, Luna mai 2007, Procente, 54.7
Industria bunurilor de capital, Luna iunie 2007, Procente, 53.5
Industria bunurilor de capital, Luna iulie 2007, Procente, 52
Industria bunurilor de capital, Luna august 2007, Procente, 40.7
Industria bunurilor de capital, Luna septembrie 2007, Procente, 51
Industria bunurilor de capital, Luna octombrie 2007, Procente, 61.1
Industria bunurilor de capital, Luna noiembrie 2007, Procente, 61.1
Industria bunurilor de capital, Luna decembrie 2007, Procente, 48.9
Industria bunurilor de capital, Luna ianuarie 2008, Procente, 53.9
Industria bunurilor de capital, Luna februarie 2008, Procente, 58.4
Industria bunurilor de capital, Luna martie 2008, Procente, 55.4
Industria bunurilor de capital, Luna aprilie 2008, Procente, 51
Industria bunurilor de capital, Luna mai 2008, Procente, 59.1
Industria bunurilor de capital, Luna iunie 2008, Procente, 59.1
Industria bunurilor de capital, Luna iulie 2008, Procente, 58.9
Industria bunurilor de capital, Luna august 2008, Procente, 40.8
Industria bunurilor de capital, Luna septembrie 2008, Procente, 60.9
Industria bunurilor de capital, Luna octombrie 2008, Procente, 61.6
Industria bunurilor de capital, Luna noiembrie 2008, Procente, 49.9
Industria bunurilor de capital, Luna decembrie 2008, Procente, 35.6
Industria bunurilor de capital, Luna ianuarie 2009, Procente, 40.6
Industria bunurilor de capital, Luna februarie 2009, Procente, 47.8
Industria bunurilor de capital, Luna martie 2009, Procente, 55.2
Industria bunurilor de capital, Luna aprilie 2009, Procente, 51.3
Industria bunurilor de capital, Luna mai 2009, Procente, 54.5
Industria bunurilor de capital, Luna iunie 2009, Procente, 59.8
Industria bunurilor de capital, Luna iulie 2009, Procente, 60.1
Industria bunurilor de capital, Luna august 2009, Procente, 36.6
Industria bunurilor de capital, Luna septembrie 2009, Procente, 60.6
Industria bunurilor de capital, Luna octombrie 2009, Procente, 63.4
Industria bunurilor de capital, Luna noiembrie 2009, Procente, 59.6
Industria bunurilor de capital, Luna decembrie 2009, Procente, 47.1
Industria bunurilor de capital, Luna ianuarie 2010, Procente, 48.3
Industria bunurilor de capital, Luna februarie 2010, Procente, 52.3
Industria bunurilor de capital, Luna martie 2010, Procente, 59.5
Industria bunurilor de capital, Luna aprilie 2010, Procente, 54.7
Industria bunurilor de capital, Luna mai 2010, Procente, 57.7
Industria bunurilor de capital, Luna iunie 2010, Procente, 64.8
Industria bunurilor de capital, Luna iulie 2010, Procente, 60
Industria bunurilor de capital, Luna august 2010, Procente, 38.5
Industria bunurilor de capital, Luna septembrie 2010, Procente, 65.8
Industria bunurilor de capital, Luna octombrie 2010, Procente, 66.1
Industria bunurilor de capital, Luna noiembrie 2010, Procente, 66
Industria bunurilor de capital, Luna decembrie 2010, Procente, 59.5
Industria bunurilor de capital, Luna ianuarie 2011, Procente, 55.4
Industria bunurilor de capital, Luna februarie 2011, Procente, 58.9
Industria bunurilor de capital, Luna martie 2011, Procente, 69.7
Industria bunurilor de capital, Luna aprilie 2011, Procente, 57.6
Industria bunurilor de capital, Luna mai 2011, Procente, 65
Industria bunurilor de capital, Luna iunie 2011, Procente, 63.5
Industria bunurilor de capital, Luna iulie 2011, Procente, 61.5
Industria bunurilor de capital, Luna august 2011, Procente, 51.7
Industria bunurilor de capital, Luna septembrie 2011, Procente, 69.2
Industria bunurilor de capital, Luna octombrie 2011, Procente, 68.9
Industria bunurilor de capital, Luna noiembrie 2011, Procente, 71.2
Industria bunurilor de capital, Luna decembrie 2011, Procente, 56.9
Industria bunurilor de capital, Luna ianuarie 2012, Procente, 59.5
Industria bunurilor de capital, Luna februarie 2012, Procente, 62.2
Industria bunurilor de capital, Luna martie 2012, Procente, 69.1
Industria bunurilor de capital, Luna aprilie 2012, Procente, 59.7
Industria bunurilor de capital, Luna mai 2012, Procente, 69.6
Industria bunurilor de capital, Luna iunie 2012, Procente, 65.6
Industria bunurilor de capital, Luna iulie 2012, Procente, 66
Industria bunurilor de capital, Luna august 2012, Procente, 53.6
Industria bunurilor de capital, Luna septembrie 2012, Procente, 70.4
Industria bunurilor de capital, Luna octombrie 2012, Procente, 74.5
Industria bunurilor de capital, Luna noiembrie 2012, Procente, 73.8
Industria bunurilor de capital, Luna decembrie 2012, Procente, 61.8
Industria bunurilor de capital, Luna ianuarie 2013, Procente, 64.3
Industria bunurilor de capital, Luna februarie 2013, Procente, 70.5
Industria bunurilor de capital, Luna martie 2013, Procente, 72.2
Industria bunurilor de capital, Luna aprilie 2013, Procente, 77.6
Industria bunurilor de capital, Luna mai 2013, Procente, 70.4
Industria bunurilor de capital, Luna iunie 2013, Procente, 71.9
Industria bunurilor de capital, Luna iulie 2013, Procente, 78.1
Industria bunurilor de capital, Luna august 2013, Procente, 56.1
Industria bunurilor de capital, Luna septembrie 2013, Procente, 78.8
Industria bunurilor de capital, Luna octombrie 2013, Procente, 86
Industria bunurilor de capital, Luna noiembrie 2013, Procente, 82.6
Industria bunurilor de capital, Luna decembrie 2013, Procente, 67.3
Industria bunurilor de capital, Luna ianuarie 2014, Procente, 74
Industria bunurilor de capital, Luna februarie 2014, Procente, 78.6
Industria bunurilor de capital, Luna martie 2014, Procente, 85.4
Industria bunurilor de capital, Luna aprilie 2014, Procente, 82.5
Industria bunurilor de capital, Luna mai 2014, Procente, 84.5
Industria bunurilor de capital, Luna iunie 2014, Procente, 85.8
Industria bunurilor de capital, Luna iulie 2014, Procente, 87.3
Industria bunurilor de capital, Luna august 2014, Procente, 58.3
Industria bunurilor de capital, Luna septembrie 2014, Procente, 89.8
Industria bunurilor de capital, Luna octombrie 2014, Procente, 92.2
Industria bunurilor de capital, Luna noiembrie 2014, Procente, 85.9
Industria bunurilor de capital, Luna decembrie 2014, Procente, 71.9
Industria bunurilor de capital, Luna ianuarie 2015, Procente, 76
Industria bunurilor de capital, Luna februarie 2015, Procente, 82.4
Industria bunurilor de capital, Luna martie 2015, Procente, 87.9
Industria bunurilor de capital, Luna aprilie 2015, Procente, 82.9
Industria bunurilor de capital, Luna mai 2015, Procente, 84.7
Industria bunurilor de capital, Luna iunie 2015, Procente, 88.8
Industria bunurilor de capital, Luna iulie 2015, Procente, 90.4
Industria bunurilor de capital, Luna august 2015, Procente, 65.3
Industria bunurilor de capital, Luna septembrie 2015, Procente, 94.2
Industria bunurilor de capital, Luna octombrie 2015, Procente, 94.6
Industria bunurilor de capital, Luna noiembrie 2015, Procente, 89.5
Industria bunurilor de capital, Luna decembrie 2015, Procente, 80.5
Industria bunurilor de capital, Luna ianuarie 2016, Procente, 77.4
Industria bunurilor de capital, Luna februarie 2016, Procente, 87.3
Industria bunurilor de capital, Luna martie 2016, Procente, 99.4
Industria bunurilor de capital, Luna aprilie 2016, Procente, 91.9
Industria bunurilor de capital, Luna mai 2016, Procente, 88.5
Industria bunurilor de capital, Luna iunie 2016, Procente, 94.2
Industria bunurilor de capital, Luna iulie 2016, Procente, 85
Industria bunurilor de capital, Luna august 2016, Procente, 75.7
Industria bunurilor de capital, Luna septembrie 2016, Procente, 98.4
Industria bunurilor de capital, Luna octombrie 2016, Procente, 95.7
Industria bunurilor de capital, Luna noiembrie 2016, Procente, 96.1
Industria bunurilor de capital, Luna decembrie 2016, Procente, 80.8
Industria bunurilor de capital, Luna ianuarie 2017, Procente, 87.3
Industria bunurilor de capital, Luna februarie 2017, Procente, 94.5
Industria bunurilor de capital, Luna martie 2017, Procente, 114.7
Industria bunurilor de capital, Luna aprilie 2017, Procente, 93.6
Industria bunurilor de capital, Luna mai 2017, Procente, 112
Industria bunurilor de capital, Luna iunie 2017, Procente, 111.1
Industria bunurilor de capital, Luna iulie 2017, Procente, 101.8
Industria bunurilor de capital, Luna august 2017, Procente, 88.5
Industria bunurilor de capital, Luna septembrie 2017, Procente, 112.2
Industria bunurilor de capital, Luna octombrie 2017, Procente, 116.2
Industria bunurilor de capital, Luna noiembrie 2017, Procente, 113.8
Industria bunurilor de capital, Luna decembrie 2017, Procente, 98.6
Industria bunurilor de capital, Luna ianuarie 2018, Procente, 102.5
Industria bunurilor de capital, Luna februarie 2018, Procente, 107.9
Industria bunurilor de capital, Luna martie 2018, Procente, 118
Industria bunurilor de capital, Luna aprilie 2018, Procente, 107.3
Industria bunurilor de capital, Luna mai 2018, Procente, 117.8
Industria bunurilor de capital, Luna iunie 2018, Procente, 116
Industria bunurilor de capital, Luna iulie 2018, Procente, 115
Industria bunurilor de capital, Luna august 2018, Procente, 94.2
Industria bunurilor de capital, Luna septembrie 2018, Procente, 116.5
Industria bunurilor de capital, Luna octombrie 2018, Procente, 123.6
Industria bunurilor de capital, Luna noiembrie 2018, Procente, 124.7
Industria bunurilor de capital, Luna decembrie 2018, Procente, 98.5
Industria bunurilor de capital, Luna ianuarie 2019, Procente, 102.5
Industria bunurilor de capital, Luna februarie 2019, Procente, 113.6
Industria bunurilor de capital, Luna martie 2019, Procente, 122.3
Industria bunurilor de capital, Luna aprilie 2019, Procente, 105
Industria bunurilor de capital, Luna mai 2019, Procente, 118.9
Industria bunurilor de capital, Luna iunie 2019, Procente, 107.7
Industria bunurilor de capital, Luna iulie 2019, Procente, 109.9
Industria bunurilor de capital, Luna august 2019, Procente, 87.5
Industria bunurilor de capital, Luna septembrie 2019, Procente, 115.5
Industria bunurilor de capital, Luna octombrie 2019, Procente, 120.2
Industria bunurilor de capital, Luna noiembrie 2019, Procente, 117.2
Industria bunurilor de capital, Luna decembrie 2019, Procente, 98
Industria bunurilor de capital, Luna ianuarie 2020, Procente, 98.6
Industria bunurilor de capital, Luna februarie 2020, Procente, 108.6
Industria bunurilor de capital, Luna martie 2020, Procente, 97.3
Industria bunurilor de capital, Luna aprilie 2020, Procente, 38.8
Industria bunurilor de capital, Luna mai 2020, Procente, 60.1
Industria bunurilor de capital, Luna iunie 2020, Procente, 85.5
Industria bunurilor de capital, Luna iulie 2020, Procente, 92.9
Industria bunurilor de capital, Luna august 2020, Procente, 80.1
Industria bunurilor de capital, Luna septembrie 2020, Procente, 117.1
Industria bunurilor de capital, Luna octombrie 2020, Procente, 119.5
Industria bunurilor de capital, Luna noiembrie 2020, Procente, 111.7
Industria bunurilor de capital, Luna decembrie 2020, Procente, 97.6
Industria bunurilor de capital, Luna ianuarie 2021, Procente, 95.3
Industria bunurilor de capital, Luna februarie 2021, Procente, 100
Industria bunurilor de capital, Luna martie 2021, Procente, 115.1
Industria bunurilor de capital, Luna aprilie 2021, Procente, 105.4
Industria bunurilor de capital, Luna mai 2021, Procente, 97.3
Industria bunurilor de capital, Luna iunie 2021, Procente, 105.5
Industria bunurilor de capital, Luna iulie 2021, Procente, 98
Industria bunurilor de capital, Luna august 2021, Procente, 83.2
Industria bunurilor de capital, Luna septembrie 2021, Procente, 97.8
Industria bunurilor de capital, Luna octombrie 2021, Procente, 92.7
Industria bunurilor de capital, Luna noiembrie 2021, Procente, 107.4
Industria bunurilor de capital, Luna decembrie 2021, Procente, 102.3
Industria bunurilor de capital, Luna ianuarie 2022, Procente, 96.1
Industria bunurilor de capital, Luna februarie 2022, Procente, 104.6
Industria bunurilor de capital, Luna martie 2022, Procente, 117.2
Industria bunurilor de capital, Luna aprilie 2022, Procente, 98.5
Industria bunurilor de capital, Luna mai 2022, Procente, 111.5
Industria bunurilor de capital, Luna iunie 2022, Procente, 109.4
Industria bunurilor de capital, Luna iulie 2022, Procente, 110.2
Industria bunurilor de capital, Luna august 2022, Procente, 94.9
Industria bunurilor de capital, Luna septembrie 2022, Procente, 116.5
Industria bunurilor de capital, Luna octombrie 2022, Procente, 113.4
Industria bunurilor de capital, Luna noiembrie 2022, Procente, 115.8
Industria bunurilor de capital, Luna decembrie 2022, Procente, 99
Industria bunurilor de capital, Luna ianuarie 2023, Procente, 103.3
Industria bunurilor de capital, Luna februarie 2023, Procente, 116.3
Industria bunurilor de capital, Luna martie 2023, Procente, 131.3
Industria bunurilor de capital, Luna aprilie 2023, Procente, 101.6
Industria bunurilor de capital, Luna mai 2023, Procente, 123
Industria bunurilor de capital, Luna iunie 2023, Procente, 116.3
Industria bunurilor de capital, Luna iulie 2023, Procente, 111.2
Industria bunurilor de capital, Luna august 2023, Procente, 93.6
Industria bunurilor de capital, Luna septembrie 2023, Procente, 121.7
Industria bunurilor de capital, Luna octombrie 2023, Procente, 118.6
Industria bunurilor de capital, Luna noiembrie 2023, Procente, 115
Industria bunurilor de capital, Luna decembrie 2023, Procente, 94.6
Industria bunurilor de capital, Luna ianuarie 2024, Procente, 93.8
Industria bunurilor de capital, Luna februarie 2024, Procente, 111.8
Industria bunurilor de capital, Luna martie 2024, Procente, 128
Industria bunurilor de capital, Luna aprilie 2024, Procente, 119.5
Industria bunurilor de capital, Luna mai 2024, Procente, 103.1
Industria bunurilor de capital, Luna iunie 2024, Procente, 110.3
Industria bunurilor de capital, Luna iulie 2024, Procente, 107.8
Industria bunurilor de capital, Luna august 2024, Procente, 87.9
Industria bunurilor de capital, Luna septembrie 2024, Procente, 114.5
Industria bunurilor de capital, Luna octombrie 2024, Procente, 118.3
Industria bunurilor de capital, Luna noiembrie 2024, Procente, 116.1
Industria bunurilor de capital, Luna decembrie 2024, Procente, 101.5
Industria bunurilor de capital, Luna ianuarie 2025, Procente, 88.9
Industria bunurilor de capital, Luna februarie 2025, Procente, 102
Industria bunurilor de folosinta indelungata, Luna ianuarie 2005, Procente, 50.2
Industria bunurilor de folosinta indelungata, Luna februarie 2005, Procente, 59.9
Industria bunurilor de folosinta indelungata, Luna martie 2005, Procente, 59.2
Industria bunurilor de folosinta indelungata, Luna aprilie 2005, Procente, 59.3
Industria bunurilor de folosinta indelungata, Luna mai 2005, Procente, 54.2
Industria bunurilor de folosinta indelungata, Luna iunie 2005, Procente, 55.4
Industria bunurilor de folosinta indelungata, Luna iulie 2005, Procente, 45.3
Industria bunurilor de folosinta indelungata, Luna august 2005, Procente, 51.8
Industria bunurilor de folosinta indelungata, Luna septembrie 2005, Procente, 59.5
Industria bunurilor de folosinta indelungata, Luna octombrie 2005, Procente, 58.3
Industria bunurilor de folosinta indelungata, Luna noiembrie 2005, Procente, 62.1
Industria bunurilor de folosinta indelungata, Luna decembrie 2005, Procente, 52.9
Industria bunurilor de folosinta indelungata, Luna ianuarie 2006, Procente, 56
Industria bunurilor de folosinta indelungata, Luna februarie 2006, Procente, 63.1
Industria bunurilor de folosinta indelungata, Luna martie 2006, Procente, 69.1
Industria bunurilor de folosinta indelungata, Luna aprilie 2006, Procente, 56.1
Industria bunurilor de folosinta indelungata, Luna mai 2006, Procente, 65.9
Industria bunurilor de folosinta indelungata, Luna iunie 2006, Procente, 65.3
Industria bunurilor de folosinta indelungata, Luna iulie 2006, Procente, 57.1
Industria bunurilor de folosinta indelungata, Luna august 2006, Procente, 57.6
Industria bunurilor de folosinta indelungata, Luna septembrie 2006, Procente, 65.1
Industria bunurilor de folosinta indelungata, Luna octombrie 2006, Procente, 66.9
Industria bunurilor de folosinta indelungata, Luna noiembrie 2006, Procente, 70.2
Industria bunurilor de folosinta indelungata, Luna decembrie 2006, Procente, 63.3
Industria bunurilor de folosinta indelungata, Luna ianuarie 2007, Procente, 61.7
Industria bunurilor de folosinta indelungata, Luna februarie 2007, Procente, 65.7
Industria bunurilor de folosinta indelungata, Luna martie 2007, Procente, 71.8
Industria bunurilor de folosinta indelungata, Luna aprilie 2007, Procente, 62.1
Industria bunurilor de folosinta indelungata, Luna mai 2007, Procente, 70.9
Industria bunurilor de folosinta indelungata, Luna iunie 2007, Procente, 61.1
Industria bunurilor de folosinta indelungata, Luna iulie 2007, Procente, 55.4
Industria bunurilor de folosinta indelungata, Luna august 2007, Procente, 63
Industria bunurilor de folosinta indelungata, Luna septembrie 2007, Procente, 64.1
Industria bunurilor de folosinta indelungata, Luna octombrie 2007, Procente, 71.4
Industria bunurilor de folosinta indelungata, Luna noiembrie 2007, Procente, 75.6
Industria bunurilor de folosinta indelungata, Luna decembrie 2007, Procente, 55.6
Industria bunurilor de folosinta indelungata, Luna ianuarie 2008, Procente, 61.5
Industria bunurilor de folosinta indelungata, Luna februarie 2008, Procente, 67.6
Industria bunurilor de folosinta indelungata, Luna martie 2008, Procente, 66.5
Industria bunurilor de folosinta indelungata, Luna aprilie 2008, Procente, 64.2
Industria bunurilor de folosinta indelungata, Luna mai 2008, Procente, 67.4
Industria bunurilor de folosinta indelungata, Luna iunie 2008, Procente, 65.4
Industria bunurilor de folosinta indelungata, Luna iulie 2008, Procente, 60.9
Industria bunurilor de folosinta indelungata, Luna august 2008, Procente, 53.3
Industria bunurilor de folosinta indelungata, Luna septembrie 2008, Procente, 65.9
Industria bunurilor de folosinta indelungata, Luna octombrie 2008, Procente, 68.8
Industria bunurilor de folosinta indelungata, Luna noiembrie 2008, Procente, 62
Industria bunurilor de folosinta indelungata, Luna decembrie 2008, Procente, 49
Industria bunurilor de folosinta indelungata, Luna ianuarie 2009, Procente, 48.4
Industria bunurilor de folosinta indelungata, Luna februarie 2009, Procente, 53.7
Industria bunurilor de folosinta indelungata, Luna martie 2009, Procente, 57.6
Industria bunurilor de folosinta indelungata, Luna aprilie 2009, Procente, 53.4
Industria bunurilor de folosinta indelungata, Luna mai 2009, Procente, 55.3
Industria bunurilor de folosinta indelungata, Luna iunie 2009, Procente, 54.2
Industria bunurilor de folosinta indelungata, Luna iulie 2009, Procente, 51.9
Industria bunurilor de folosinta indelungata, Luna august 2009, Procente, 49.7
Industria bunurilor de folosinta indelungata, Luna septembrie 2009, Procente, 58.6
Industria bunurilor de folosinta indelungata, Luna octombrie 2009, Procente, 56.9
Industria bunurilor de folosinta indelungata, Luna noiembrie 2009, Procente, 54.7
Industria bunurilor de folosinta indelungata, Luna decembrie 2009, Procente, 44.7
Industria bunurilor de folosinta indelungata, Luna ianuarie 2010, Procente, 42.7
Industria bunurilor de folosinta indelungata, Luna februarie 2010, Procente, 46.9
Industria bunurilor de folosinta indelungata, Luna martie 2010, Procente, 56.9
Industria bunurilor de folosinta indelungata, Luna aprilie 2010, Procente, 51.2
Industria bunurilor de folosinta indelungata, Luna mai 2010, Procente, 53.3
Industria bunurilor de folosinta indelungata, Luna iunie 2010, Procente, 55.3
Industria bunurilor de folosinta indelungata, Luna iulie 2010, Procente, 50.8
Industria bunurilor de folosinta indelungata, Luna august 2010, Procente, 52.8
Industria bunurilor de folosinta indelungata, Luna septembrie 2010, Procente, 63.6
Industria bunurilor de folosinta indelungata, Luna octombrie 2010, Procente, 63.4
Industria bunurilor de folosinta indelungata, Luna noiembrie 2010, Procente, 65.9
Industria bunurilor de folosinta indelungata, Luna decembrie 2010, Procente, 51.7
Industria bunurilor de folosinta indelungata, Luna ianuarie 2011, Procente, 50.3
Industria bunurilor de folosinta indelungata, Luna februarie 2011, Procente, 57.4
Industria bunurilor de folosinta indelungata, Luna martie 2011, Procente, 61.3
Industria bunurilor de folosinta indelungata, Luna aprilie 2011, Procente, 53.2
Industria bunurilor de folosinta indelungata, Luna mai 2011, Procente, 57.9
Industria bunurilor de folosinta indelungata, Luna iunie 2011, Procente, 56.1
Industria bunurilor de folosinta indelungata, Luna iulie 2011, Procente, 53.1
Industria bunurilor de folosinta indelungata, Luna august 2011, Procente, 54.7
Industria bunurilor de folosinta indelungata, Luna septembrie 2011, Procente, 62.2
Industria bunurilor de folosinta indelungata, Luna octombrie 2011, Procente, 58.9
Industria bunurilor de folosinta indelungata, Luna noiembrie 2011, Procente, 61.7
Industria bunurilor de folosinta indelungata, Luna decembrie 2011, Procente, 49.6
Industria bunurilor de folosinta indelungata, Luna ianuarie 2012, Procente, 49.4
Industria bunurilor de folosinta indelungata, Luna februarie 2012, Procente, 54.3
Industria bunurilor de folosinta indelungata, Luna martie 2012, Procente, 62.4
Industria bunurilor de folosinta indelungata, Luna aprilie 2012, Procente, 55.8
Industria bunurilor de folosinta indelungata, Luna mai 2012, Procente, 62
Industria bunurilor de folosinta indelungata, Luna iunie 2012, Procente, 58
Industria bunurilor de folosinta indelungata, Luna iulie 2012, Procente, 57.7
Industria bunurilor de folosinta indelungata, Luna august 2012, Procente, 57.2
Industria bunurilor de folosinta indelungata, Luna septembrie 2012, Procente, 64.2
Industria bunurilor de folosinta indelungata, Luna octombrie 2012, Procente, 73.9
Industria bunurilor de folosinta indelungata, Luna noiembrie 2012, Procente, 69
Industria bunurilor de folosinta indelungata, Luna decembrie 2012, Procente, 46.4
Industria bunurilor de folosinta indelungata, Luna ianuarie 2013, Procente, 56.6
Industria bunurilor de folosinta indelungata, Luna februarie 2013, Procente, 61.3
Industria bunurilor de folosinta indelungata, Luna martie 2013, Procente, 66.4
Industria bunurilor de folosinta indelungata, Luna aprilie 2013, Procente, 69.9
Industria bunurilor de folosinta indelungata, Luna mai 2013, Procente, 66.3
Industria bunurilor de folosinta indelungata, Luna iunie 2013, Procente, 61.7
Industria bunurilor de folosinta indelungata, Luna iulie 2013, Procente, 64.4
Industria bunurilor de folosinta indelungata, Luna august 2013, Procente, 61
Industria bunurilor de folosinta indelungata, Luna septembrie 2013, Procente, 73.1
Industria bunurilor de folosinta indelungata, Luna octombrie 2013, Procente, 75.2
Industria bunurilor de folosinta indelungata, Luna noiembrie 2013, Procente, 74.5
Industria bunurilor de folosinta indelungata, Luna decembrie 2013, Procente, 53.8
Industria bunurilor de folosinta indelungata, Luna ianuarie 2014, Procente, 64.5
Industria bunurilor de folosinta indelungata, Luna februarie 2014, Procente, 71.1
Industria bunurilor de folosinta indelungata, Luna martie 2014, Procente, 70.7
Industria bunurilor de folosinta indelungata, Luna aprilie 2014, Procente, 69.8
Industria bunurilor de folosinta indelungata, Luna mai 2014, Procente, 71.9
Industria bunurilor de folosinta indelungata, Luna iunie 2014, Procente, 70.8
Industria bunurilor de folosinta indelungata, Luna iulie 2014, Procente, 67.5
Industria bunurilor de folosinta indelungata, Luna august 2014, Procente, 64.5
Industria bunurilor de folosinta indelungata, Luna septembrie 2014, Procente, 78
Industria bunurilor de folosinta indelungata, Luna octombrie 2014, Procente, 86.2
Industria bunurilor de folosinta indelungata, Luna noiembrie 2014, Procente, 80.2
Industria bunurilor de folosinta indelungata, Luna decembrie 2014, Procente, 56.3
Industria bunurilor de folosinta indelungata, Luna ianuarie 2015, Procente, 71.4
Industria bunurilor de folosinta indelungata, Luna februarie 2015, Procente, 76.3
Industria bunurilor de folosinta indelungata, Luna martie 2015, Procente, 82.2
Industria bunurilor de folosinta indelungata, Luna aprilie 2015, Procente, 73.7
Industria bunurilor de folosinta indelungata, Luna mai 2015, Procente, 77.4
Industria bunurilor de folosinta indelungata, Luna iunie 2015, Procente, 80.8
Industria bunurilor de folosinta indelungata, Luna iulie 2015, Procente, 82.2
Industria bunurilor de folosinta indelungata, Luna august 2015, Procente, 72.7
Industria bunurilor de folosinta indelungata, Luna septembrie 2015, Procente, 90.5
Industria bunurilor de folosinta indelungata, Luna octombrie 2015, Procente, 89.6
Industria bunurilor de folosinta indelungata, Luna noiembrie 2015, Procente, 84.7
Industria bunurilor de folosinta indelungata, Luna decembrie 2015, Procente, 67.5
Industria bunurilor de folosinta indelungata, Luna ianuarie 2016, Procente, 80.2
Industria bunurilor de folosinta indelungata, Luna februarie 2016, Procente, 91.1
Industria bunurilor de folosinta indelungata, Luna martie 2016, Procente, 95.8
Industria bunurilor de folosinta indelungata, Luna aprilie 2016, Procente, 87.1
Industria bunurilor de folosinta indelungata, Luna mai 2016, Procente, 91.7
Industria bunurilor de folosinta indelungata, Luna iunie 2016, Procente, 91.1
Industria bunurilor de folosinta indelungata, Luna iulie 2016, Procente, 84.3
Industria bunurilor de folosinta indelungata, Luna august 2016, Procente, 85.9
Industria bunurilor de folosinta indelungata, Luna septembrie 2016, Procente, 98.9
Industria bunurilor de folosinta indelungata, Luna octombrie 2016, Procente, 98.6
Industria bunurilor de folosinta indelungata, Luna noiembrie 2016, Procente, 100.4
Industria bunurilor de folosinta indelungata, Luna decembrie 2016, Procente, 73.3
Industria bunurilor de folosinta indelungata, Luna ianuarie 2017, Procente, 81.5
Industria bunurilor de folosinta indelungata, Luna februarie 2017, Procente, 94.6
Industria bunurilor de folosinta indelungata, Luna martie 2017, Procente, 106
Industria bunurilor de folosinta indelungata, Luna aprilie 2017, Procente, 83.5
Industria bunurilor de folosinta indelungata, Luna mai 2017, Procente, 102.3
Industria bunurilor de folosinta indelungata, Luna iunie 2017, Procente, 88.4
Industria bunurilor de folosinta indelungata, Luna iulie 2017, Procente, 79.4
Industria bunurilor de folosinta indelungata, Luna august 2017, Procente, 88.9
Industria bunurilor de folosinta indelungata, Luna septembrie 2017, Procente, 98.1
Industria bunurilor de folosinta indelungata, Luna octombrie 2017, Procente, 102.3
Industria bunurilor de folosinta indelungata, Luna noiembrie 2017, Procente, 106.8
Industria bunurilor de folosinta indelungata, Luna decembrie 2017, Procente, 78.9
Industria bunurilor de folosinta indelungata, Luna ianuarie 2018, Procente, 88.3
Industria bunurilor de folosinta indelungata, Luna februarie 2018, Procente, 94.5
Industria bunurilor de folosinta indelungata, Luna martie 2018, Procente, 99.9
Industria bunurilor de folosinta indelungata, Luna aprilie 2018, Procente, 85.1
Industria bunurilor de folosinta indelungata, Luna mai 2018, Procente, 95.8
Industria bunurilor de folosinta indelungata, Luna iunie 2018, Procente, 92.3
Industria bunurilor de folosinta indelungata, Luna iulie 2018, Procente, 87
Industria bunurilor de folosinta indelungata, Luna august 2018, Procente, 86.1
Industria bunurilor de folosinta indelungata, Luna septembrie 2018, Procente, 92.4
Industria bunurilor de folosinta indelungata, Luna octombrie 2018, Procente, 106.6
Industria bunurilor de folosinta indelungata, Luna noiembrie 2018, Procente, 100.8
Industria bunurilor de folosinta indelungata, Luna decembrie 2018, Procente, 69.8
Industria bunurilor de folosinta indelungata, Luna ianuarie 2019, Procente, 83
Industria bunurilor de folosinta indelungata, Luna februarie 2019, Procente, 89.3
Industria bunurilor de folosinta indelungata, Luna martie 2019, Procente, 89
Industria bunurilor de folosinta indelungata, Luna aprilie 2019, Procente, 80
Industria bunurilor de folosinta indelungata, Luna mai 2019, Procente, 92.8
Industria bunurilor de folosinta indelungata, Luna iunie 2019, Procente, 84.9
Industria bunurilor de folosinta indelungata, Luna iulie 2019, Procente, 85.8
Industria bunurilor de folosinta indelungata, Luna august 2019, Procente, 84.9
Industria bunurilor de folosinta indelungata, Luna septembrie 2019, Procente, 98.1
Industria bunurilor de folosinta indelungata, Luna octombrie 2019, Procente, 104
Industria bunurilor de folosinta indelungata, Luna noiembrie 2019, Procente, 103.3
Industria bunurilor de folosinta indelungata, Luna decembrie 2019, Procente, 72.3
Industria bunurilor de folosinta indelungata, Luna ianuarie 2020, Procente, 83.2
Industria bunurilor de folosinta indelungata, Luna februarie 2020, Procente, 96.1
Industria bunurilor de folosinta indelungata, Luna martie 2020, Procente, 80.2
Industria bunurilor de folosinta indelungata, Luna aprilie 2020, Procente, 34.2
Industria bunurilor de folosinta indelungata, Luna mai 2020, Procente, 54.9
Industria bunurilor de folosinta indelungata, Luna iunie 2020, Procente, 88
Industria bunurilor de folosinta indelungata, Luna iulie 2020, Procente, 104.5
Industria bunurilor de folosinta indelungata, Luna august 2020, Procente, 89.9
Industria bunurilor de folosinta indelungata, Luna septembrie 2020, Procente, 110.8
Industria bunurilor de folosinta indelungata, Luna octombrie 2020, Procente, 119.3
Industria bunurilor de folosinta indelungata, Luna noiembrie 2020, Procente, 111.2
Industria bunurilor de folosinta indelungata, Luna decembrie 2020, Procente, 98.9
Industria bunurilor de folosinta indelungata, Luna ianuarie 2021, Procente, 110.2
Industria bunurilor de folosinta indelungata, Luna februarie 2021, Procente, 106.1
Industria bunurilor de folosinta indelungata, Luna martie 2021, Procente, 116.2
Industria bunurilor de folosinta indelungata, Luna aprilie 2021, Procente, 98.6
Industria bunurilor de folosinta indelungata, Luna mai 2021, Procente, 94.9
Industria bunurilor de folosinta indelungata, Luna iunie 2021, Procente, 93
Industria bunurilor de folosinta indelungata, Luna iulie 2021, Procente, 89.9
Industria bunurilor de folosinta indelungata, Luna august 2021, Procente, 91.8
Industria bunurilor de folosinta indelungata, Luna septembrie 2021, Procente, 104.3
Industria bunurilor de folosinta indelungata, Luna octombrie 2021, Procente, 102.5
Industria bunurilor de folosinta indelungata, Luna noiembrie 2021, Procente, 106.2
Industria bunurilor de folosinta indelungata, Luna decembrie 2021, Procente, 86.1
Industria bunurilor de folosinta indelungata, Luna ianuarie 2022, Procente, 94.3
Industria bunurilor de folosinta indelungata, Luna februarie 2022, Procente, 102.8
Industria bunurilor de folosinta indelungata, Luna martie 2022, Procente, 123.4
Industria bunurilor de folosinta indelungata, Luna aprilie 2022, Procente, 95.8
Industria bunurilor de folosinta indelungata, Luna mai 2022, Procente, 106.7
Industria bunurilor de folosinta indelungata, Luna iunie 2022, Procente, 93.4
Industria bunurilor de folosinta indelungata, Luna iulie 2022, Procente, 89.8
Industria bunurilor de folosinta indelungata, Luna august 2022, Procente, 83.4
Industria bunurilor de folosinta indelungata, Luna septembrie 2022, Procente, 97.3
Industria bunurilor de folosinta indelungata, Luna octombrie 2022, Procente, 100.5
Industria bunurilor de folosinta indelungata, Luna noiembrie 2022, Procente, 102.6
Industria bunurilor de folosinta indelungata, Luna decembrie 2022, Procente, 84.7
Industria bunurilor de folosinta indelungata, Luna ianuarie 2023, Procente, 87
Industria bunurilor de folosinta indelungata, Luna februarie 2023, Procente, 89.6
Industria bunurilor de folosinta indelungata, Luna martie 2023, Procente, 101.2
Industria bunurilor de folosinta indelungata, Luna aprilie 2023, Procente, 77.2
Industria bunurilor de folosinta indelungata, Luna mai 2023, Procente, 94
Industria bunurilor de folosinta indelungata, Luna iunie 2023, Procente, 85.4
Industria bunurilor de folosinta indelungata, Luna iulie 2023, Procente, 76.4
Industria bunurilor de folosinta indelungata, Luna august 2023, Procente, 77.7
Industria bunurilor de folosinta indelungata, Luna septembrie 2023, Procente, 94.3
Industria bunurilor de folosinta indelungata, Luna octombrie 2023, Procente, 97.1
Industria bunurilor de folosinta indelungata, Luna noiembrie 2023, Procente, 101.2
Industria bunurilor de folosinta indelungata, Luna decembrie 2023, Procente, 75.2
Industria bunurilor de folosinta indelungata, Luna ianuarie 2024, Procente, 87.5
Industria bunurilor de folosinta indelungata, Luna februarie 2024, Procente, 92.5
Industria bunurilor de folosinta indelungata, Luna martie 2024, Procente, 93.9
Industria bunurilor de folosinta indelungata, Luna aprilie 2024, Procente, 96.8
Industria bunurilor de folosinta indelungata, Luna mai 2024, Procente, 83.8
Industria bunurilor de folosinta indelungata, Luna iunie 2024, Procente, 84
Industria bunurilor de folosinta indelungata, Luna iulie 2024, Procente, 85.7
Industria bunurilor de folosinta indelungata, Luna august 2024, Procente, 77
Industria bunurilor de folosinta indelungata, Luna septembrie 2024, Procente, 92.3
Industria bunurilor de folosinta indelungata, Luna octombrie 2024, Procente, 100.5
Industria bunurilor de folosinta indelungata, Luna noiembrie 2024, Procente, 101
Industria bunurilor de folosinta indelungata, Luna decembrie 2024, Procente, 80.3
Industria bunurilor de folosinta indelungata, Luna ianuarie 2025, Procente, 89.3
Industria bunurilor de folosinta indelungata, Luna februarie 2025, Procente, 100.1
Industria bunurilor de uz curent, Luna ianuarie 2005, Procente, 87.8
Industria bunurilor de uz curent, Luna februarie 2005, Procente, 90.5
Industria bunurilor de uz curent, Luna martie 2005, Procente, 107.4
Industria bunurilor de uz curent, Luna aprilie 2005, Procente, 102.2
Industria bunurilor de uz curent, Luna mai 2005, Procente, 95.6
Industria bunurilor de uz curent, Luna iunie 2005, Procente, 103
Industria bunurilor de uz curent, Luna iulie 2005, Procente, 97.7
Industria bunurilor de uz curent, Luna august 2005, Procente, 98.2
Industria bunurilor de uz curent, Luna septembrie 2005, Procente, 103.6
Industria bunurilor de uz curent, Luna octombrie 2005, Procente, 104.3
Industria bunurilor de uz curent, Luna noiembrie 2005, Procente, 109.5
Industria bunurilor de uz curent, Luna decembrie 2005, Procente, 102.9
Industria bunurilor de uz curent, Luna ianuarie 2006, Procente, 93.5
Industria bunurilor de uz curent, Luna februarie 2006, Procente, 95.2
Industria bunurilor de uz curent, Luna martie 2006, Procente, 107.6
Industria bunurilor de uz curent, Luna aprilie 2006, Procente, 98.9
Industria bunurilor de uz curent, Luna mai 2006, Procente, 107.6
Industria bunurilor de uz curent, Luna iunie 2006, Procente, 113.2
Industria bunurilor de uz curent, Luna iulie 2006, Procente, 106.2
Industria bunurilor de uz curent, Luna august 2006, Procente, 99.5
Industria bunurilor de uz curent, Luna septembrie 2006, Procente, 106.8
Industria bunurilor de uz curent, Luna octombrie 2006, Procente, 114.2
Industria bunurilor de uz curent, Luna noiembrie 2006, Procente, 115.3
Industria bunurilor de uz curent, Luna decembrie 2006, Procente, 101.1
Industria bunurilor de uz curent, Luna ianuarie 2007, Procente, 99.1
Industria bunurilor de uz curent, Luna februarie 2007, Procente, 105.7
Industria bunurilor de uz curent, Luna martie 2007, Procente, 119
Industria bunurilor de uz curent, Luna aprilie 2007, Procente, 103.6
Industria bunurilor de uz curent, Luna mai 2007, Procente, 117.8
Industria bunurilor de uz curent, Luna iunie 2007, Procente, 115.1
Industria bunurilor de uz curent, Luna iulie 2007, Procente, 117.5
Industria bunurilor de uz curent, Luna august 2007, Procente, 110.4
Industria bunurilor de uz curent, Luna septembrie 2007, Procente, 113
Industria bunurilor de uz curent, Luna octombrie 2007, Procente, 119.2
Industria bunurilor de uz curent, Luna noiembrie 2007, Procente, 116.9
Industria bunurilor de uz curent, Luna decembrie 2007, Procente, 105.1
Industria bunurilor de uz curent, Luna ianuarie 2008, Procente, 102.4
Industria bunurilor de uz curent, Luna februarie 2008, Procente, 108.6
Industria bunurilor de uz curent, Luna martie 2008, Procente, 115.5
Industria bunurilor de uz curent, Luna aprilie 2008, Procente, 118.1
Industria bunurilor de uz curent, Luna mai 2008, Procente, 119.9
Industria bunurilor de uz curent, Luna iunie 2008, Procente, 116.2
Industria bunurilor de uz curent, Luna iulie 2008, Procente, 117.5
Industria bunurilor de uz curent, Luna august 2008, Procente, 105.4
Industria bunurilor de uz curent, Luna septembrie 2008, Procente, 117.8
Industria bunurilor de uz curent, Luna octombrie 2008, Procente, 123.5
Industria bunurilor de uz curent, Luna noiembrie 2008, Procente, 118.2
Industria bunurilor de uz curent, Luna decembrie 2008, Procente, 109.7
Industria bunurilor de uz curent, Luna ianuarie 2009, Procente, 94.7
Industria bunurilor de uz curent, Luna februarie 2009, Procente, 98.5
Industria bunurilor de uz curent, Luna martie 2009, Procente, 103.7
Industria bunurilor de uz curent, Luna aprilie 2009, Procente, 104.1
Industria bunurilor de uz curent, Luna mai 2009, Procente, 106.2
Industria bunurilor de uz curent, Luna iunie 2009, Procente, 112
Industria bunurilor de uz curent, Luna iulie 2009, Procente, 107
Industria bunurilor de uz curent, Luna august 2009, Procente, 95.2
Industria bunurilor de uz curent, Luna septembrie 2009, Procente, 106.7
Industria bunurilor de uz curent, Luna octombrie 2009, Procente, 113.9
Industria bunurilor de uz curent, Luna noiembrie 2009, Procente, 109
Industria bunurilor de uz curent, Luna decembrie 2009, Procente, 106
Industria bunurilor de uz curent, Luna ianuarie 2010, Procente, 85.2
Industria bunurilor de uz curent, Luna februarie 2010, Procente, 90.2
Industria bunurilor de uz curent, Luna martie 2010, Procente, 106.9
Industria bunurilor de uz curent, Luna aprilie 2010, Procente, 95.9
Industria bunurilor de uz curent, Luna mai 2010, Procente, 99.2
Industria bunurilor de uz curent, Luna iunie 2010, Procente, 103.3
Industria bunurilor de uz curent, Luna iulie 2010, Procente, 105.9
Industria bunurilor de uz curent, Luna august 2010, Procente, 94.3
Industria bunurilor de uz curent, Luna septembrie 2010, Procente, 105.9
Industria bunurilor de uz curent, Luna octombrie 2010, Procente, 111.8
Industria bunurilor de uz curent, Luna noiembrie 2010, Procente, 114
Industria bunurilor de uz curent, Luna decembrie 2010, Procente, 99.7
Industria bunurilor de uz curent, Luna ianuarie 2011, Procente, 92.8
Industria bunurilor de uz curent, Luna februarie 2011, Procente, 95.3
Industria bunurilor de uz curent, Luna martie 2011, Procente, 107.8
Industria bunurilor de uz curent, Luna aprilie 2011, Procente, 99.4
Industria bunurilor de uz curent, Luna mai 2011, Procente, 106.6
Industria bunurilor de uz curent, Luna iunie 2011, Procente, 105.6
Industria bunurilor de uz curent, Luna iulie 2011, Procente, 106.3
Industria bunurilor de uz curent, Luna august 2011, Procente, 100.5
Industria bunurilor de uz curent, Luna septembrie 2011, Procente, 110.7
Industria bunurilor de uz curent, Luna octombrie 2011, Procente, 110.6
Industria bunurilor de uz curent, Luna noiembrie 2011, Procente, 114.9
Industria bunurilor de uz curent, Luna decembrie 2011, Procente, 96.7
Industria bunurilor de uz curent, Luna ianuarie 2012, Procente, 91.8
Industria bunurilor de uz curent, Luna februarie 2012, Procente, 95
Industria bunurilor de uz curent, Luna martie 2012, Procente, 109.6
Industria bunurilor de uz curent, Luna aprilie 2012, Procente, 95.3
Industria bunurilor de uz curent, Luna mai 2012, Procente, 110
Industria bunurilor de uz curent, Luna iunie 2012, Procente, 103.3
Industria bunurilor de uz curent, Luna iulie 2012, Procente, 105.6
Industria bunurilor de uz curent, Luna august 2012, Procente, 99.8
Industria bunurilor de uz curent, Luna septembrie 2012, Procente, 106.6
Industria bunurilor de uz curent, Luna octombrie 2012, Procente, 113.8
Industria bunurilor de uz curent, Luna noiembrie 2012, Procente, 115.4
Industria bunurilor de uz curent, Luna decembrie 2012, Procente, 92.3
Industria bunurilor de uz curent, Luna ianuarie 2013, Procente, 97.5
Industria bunurilor de uz curent, Luna februarie 2013, Procente, 98.1
Industria bunurilor de uz curent, Luna martie 2013, Procente, 106.7
Industria bunurilor de uz curent, Luna aprilie 2013, Procente, 111.1
Industria bunurilor de uz curent, Luna mai 2013, Procente, 105.1
Industria bunurilor de uz curent, Luna iunie 2013, Procente, 106.6
Industria bunurilor de uz curent, Luna iulie 2013, Procente, 112.9
Industria bunurilor de uz curent, Luna august 2013, Procente, 105.2
Industria bunurilor de uz curent, Luna septembrie 2013, Procente, 115.1
Industria bunurilor de uz curent, Luna octombrie 2013, Procente, 123.6
Industria bunurilor de uz curent, Luna noiembrie 2013, Procente, 122.5
Industria bunurilor de uz curent, Luna decembrie 2013, Procente, 106.9
Industria bunurilor de uz curent, Luna ianuarie 2014, Procente, 105.1
Industria bunurilor de uz curent, Luna februarie 2014, Procente, 105.1
Industria bunurilor de uz curent, Luna martie 2014, Procente, 111.6
Industria bunurilor de uz curent, Luna aprilie 2014, Procente, 112
Industria bunurilor de uz curent, Luna mai 2014, Procente, 118.3
Industria bunurilor de uz curent, Luna iunie 2014, Procente, 116.2
Industria bunurilor de uz curent, Luna iulie 2014, Procente, 116.2
Industria bunurilor de uz curent, Luna august 2014, Procente, 100
Industria bunurilor de uz curent, Luna septembrie 2014, Procente, 116.3
Industria bunurilor de uz curent, Luna octombrie 2014, Procente, 127
Industria bunurilor de uz curent, Luna noiembrie 2014, Procente, 117.4
Industria bunurilor de uz curent, Luna decembrie 2014, Procente, 108.1
Industria bunurilor de uz curent, Luna ianuarie 2015, Procente, 102.4
Industria bunurilor de uz curent, Luna februarie 2015, Procente, 104.3
Industria bunurilor de uz curent, Luna martie 2015, Procente, 115
Industria bunurilor de uz curent, Luna aprilie 2015, Procente, 107
Industria bunurilor de uz curent, Luna mai 2015, Procente, 111.1
Industria bunurilor de uz curent, Luna iunie 2015, Procente, 116.1
Industria bunurilor de uz curent, Luna iulie 2015, Procente, 120.9
Industria bunurilor de uz curent, Luna august 2015, Procente, 104.7
Industria bunurilor de uz curent, Luna septembrie 2015, Procente, 116.7
Industria bunurilor de uz curent, Luna octombrie 2015, Procente, 121
Industria bunurilor de uz curent, Luna noiembrie 2015, Procente, 118.2
Industria bunurilor de uz curent, Luna decembrie 2015, Procente, 103.6
Industria bunurilor de uz curent, Luna ianuarie 2016, Procente, 99.9
Industria bunurilor de uz curent, Luna februarie 2016, Procente, 110.3
Industria bunurilor de uz curent, Luna martie 2016, Procente, 117
Industria bunurilor de uz curent, Luna aprilie 2016, Procente, 122.6
Industria bunurilor de uz curent, Luna mai 2016, Procente, 114.2
Industria bunurilor de uz curent, Luna iunie 2016, Procente, 120.6
Industria bunurilor de uz curent, Luna iulie 2016, Procente, 118.7
Industria bunurilor de uz curent, Luna august 2016, Procente, 108.1
Industria bunurilor de uz curent, Luna septembrie 2016, Procente, 119.7
Industria bunurilor de uz curent, Luna octombrie 2016, Procente, 118.7
Industria bunurilor de uz curent, Luna noiembrie 2016, Procente, 120.8
Industria bunurilor de uz curent, Luna decembrie 2016, Procente, 103.1
Industria bunurilor de uz curent, Luna ianuarie 2017, Procente, 99.2
Industria bunurilor de uz curent, Luna februarie 2017, Procente, 108.7
Industria bunurilor de uz curent, Luna martie 2017, Procente, 128.1
Industria bunurilor de uz curent, Luna aprilie 2017, Procente, 112.6
Industria bunurilor de uz curent, Luna mai 2017, Procente, 126.3
Industria bunurilor de uz curent, Luna iunie 2017, Procente, 118.2
Industria bunurilor de uz curent, Luna iulie 2017, Procente, 119.2
Industria bunurilor de uz curent, Luna august 2017, Procente, 110.6
Industria bunurilor de uz curent, Luna septembrie 2017, Procente, 120.6
Industria bunurilor de uz curent, Luna octombrie 2017, Procente, 125.5
Industria bunurilor de uz curent, Luna noiembrie 2017, Procente, 126.2
Industria bunurilor de uz curent, Luna decembrie 2017, Procente, 102.4
Industria bunurilor de uz curent, Luna ianuarie 2018, Procente, 106.2
Industria bunurilor de uz curent, Luna februarie 2018, Procente, 109.3
Industria bunurilor de uz curent, Luna martie 2018, Procente, 122.4
Industria bunurilor de uz curent, Luna aprilie 2018, Procente, 107.2
Industria bunurilor de uz curent, Luna mai 2018, Procente, 122.5
Industria bunurilor de uz curent, Luna iunie 2018, Procente, 120.3
Industria bunurilor de uz curent, Luna iulie 2018, Procente, 118.4
Industria bunurilor de uz curent, Luna august 2018, Procente, 107.9
Industria bunurilor de uz curent, Luna septembrie 2018, Procente, 113.4
Industria bunurilor de uz curent, Luna octombrie 2018, Procente, 122.7
Industria bunurilor de uz curent, Luna noiembrie 2018, Procente, 120.4
Industria bunurilor de uz curent, Luna decembrie 2018, Procente, 98.6
Industria bunurilor de uz curent, Luna ianuarie 2019, Procente, 99
Industria bunurilor de uz curent, Luna februarie 2019, Procente, 105
Industria bunurilor de uz curent, Luna martie 2019, Procente, 113.2
Industria bunurilor de uz curent, Luna aprilie 2019, Procente, 110.1
Industria bunurilor de uz curent, Luna mai 2019, Procente, 118
Industria bunurilor de uz curent, Luna iunie 2019, Procente, 111.1
Industria bunurilor de uz curent, Luna iulie 2019, Procente, 117.9
Industria bunurilor de uz curent, Luna august 2019, Procente, 99.6
Industria bunurilor de uz curent, Luna septembrie 2019, Procente, 113.3
Industria bunurilor de uz curent, Luna octombrie 2019, Procente, 121.2
Industria bunurilor de uz curent, Luna noiembrie 2019, Procente, 113.5
Industria bunurilor de uz curent, Luna decembrie 2019, Procente, 98.7
Industria bunurilor de uz curent, Luna ianuarie 2020, Procente, 96.8
Industria bunurilor de uz curent, Luna februarie 2020, Procente, 100.7
Industria bunurilor de uz curent, Luna martie 2020, Procente, 100.8
Industria bunurilor de uz curent, Luna aprilie 2020, Procente, 77.8
Industria bunurilor de uz curent, Luna mai 2020, Procente, 92.1
Industria bunurilor de uz curent, Luna iunie 2020, Procente, 105.7
Industria bunurilor de uz curent, Luna iulie 2020, Procente, 110.6
Industria bunurilor de uz curent, Luna august 2020, Procente, 94.9
Industria bunurilor de uz curent, Luna septembrie 2020, Procente, 107.8
Industria bunurilor de uz curent, Luna octombrie 2020, Procente, 108.8
Industria bunurilor de uz curent, Luna noiembrie 2020, Procente, 101.2
Industria bunurilor de uz curent, Luna decembrie 2020, Procente, 91.9
Industria bunurilor de uz curent, Luna ianuarie 2021, Procente, 86.9
Industria bunurilor de uz curent, Luna februarie 2021, Procente, 89.9
Industria bunurilor de uz curent, Luna martie 2021, Procente, 99.8
Industria bunurilor de uz curent, Luna aprilie 2021, Procente, 101.1
Industria bunurilor de uz curent, Luna mai 2021, Procente, 96.7
Industria bunurilor de uz curent, Luna iunie 2021, Procente, 103.3
Industria bunurilor de uz curent, Luna iulie 2021, Procente, 106.2
Industria bunurilor de uz curent, Luna august 2021, Procente, 97.2
Industria bunurilor de uz curent, Luna septembrie 2021, Procente, 107.9
Industria bunurilor de uz curent, Luna octombrie 2021, Procente, 105.5
Industria bunurilor de uz curent, Luna noiembrie 2021, Procente, 107.3
Industria bunurilor de uz curent, Luna decembrie 2021, Procente, 98.3
Industria bunurilor de uz curent, Luna ianuarie 2022, Procente, 94.1
Industria bunurilor de uz curent, Luna februarie 2022, Procente, 98.9
Industria bunurilor de uz curent, Luna martie 2022, Procente, 112.9
Industria bunurilor de uz curent, Luna aprilie 2022, Procente, 107.5
Industria bunurilor de uz curent, Luna mai 2022, Procente, 113.1
Industria bunurilor de uz curent, Luna iunie 2022, Procente, 107.4
Industria bunurilor de uz curent, Luna iulie 2022, Procente, 109.1
Industria bunurilor de uz curent, Luna august 2022, Procente, 98.4
Industria bunurilor de uz curent, Luna septembrie 2022, Procente, 110.9
Industria bunurilor de uz curent, Luna octombrie 2022, Procente, 107
Industria bunurilor de uz curent, Luna noiembrie 2022, Procente, 110.3
Industria bunurilor de uz curent, Luna decembrie 2022, Procente, 91.9
Industria bunurilor de uz curent, Luna ianuarie 2023, Procente, 91.3
Industria bunurilor de uz curent, Luna februarie 2023, Procente, 98.1
Industria bunurilor de uz curent, Luna martie 2023, Procente, 111.8
Industria bunurilor de uz curent, Luna aprilie 2023, Procente, 93.7
Industria bunurilor de uz curent, Luna mai 2023, Procente, 109.7
Industria bunurilor de uz curent, Luna iunie 2023, Procente, 105.1
Industria bunurilor de uz curent, Luna iulie 2023, Procente, 104.7
Industria bunurilor de uz curent, Luna august 2023, Procente, 97.1
Industria bunurilor de uz curent, Luna septembrie 2023, Procente, 106.5
Industria bunurilor de uz curent, Luna octombrie 2023, Procente, 108.1
Industria bunurilor de uz curent, Luna noiembrie 2023, Procente, 107.3
Industria bunurilor de uz curent, Luna decembrie 2023, Procente, 87.9
Industria bunurilor de uz curent, Luna ianuarie 2024, Procente, 87.4
Industria bunurilor de uz curent, Luna februarie 2024, Procente, 94.5
Industria bunurilor de uz curent, Luna martie 2024, Procente, 99.2
Industria bunurilor de uz curent, Luna aprilie 2024, Procente, 106
Industria bunurilor de uz curent, Luna mai 2024, Procente, 99.4
Industria bunurilor de uz curent, Luna iunie 2024, Procente, 100.6
Industria bunurilor de uz curent, Luna iulie 2024, Procente, 106.6
Industria bunurilor de uz curent, Luna august 2024, Procente, 95.2
Industria bunurilor de uz curent, Luna septembrie 2024, Procente, 102.2
Industria bunurilor de uz curent, Luna octombrie 2024, Procente, 111.6
Industria bunurilor de uz curent, Luna noiembrie 2024, Procente, 104.4
Industria bunurilor de uz curent, Luna decembrie 2024, Procente, 86.7
Industria bunurilor de uz curent, Luna ianuarie 2025, Procente, 89.5
Industria bunurilor de uz curent, Luna februarie 2025, Procente, 92.1
Industria energetica, Luna ianuarie 2005, Procente, 106.5
Industria energetica, Luna februarie 2005, Procente, 101.5
Industria energetica, Luna martie 2005, Procente, 107.8
Industria energetica, Luna aprilie 2005, Procente, 96.3
Industria energetica, Luna mai 2005, Procente, 89.4
Industria energetica, Luna iunie 2005, Procente, 90.2
Industria energetica, Luna iulie 2005, Procente, 89.7
Industria energetica, Luna august 2005, Procente, 93.8
Industria energetica, Luna septembrie 2005, Procente, 93.2
Industria energetica, Luna octombrie 2005, Procente, 93.1
Industria energetica, Luna noiembrie 2005, Procente, 102
Industria energetica, Luna decembrie 2005, Procente, 110.6
Industria energetica, Luna ianuarie 2006, Procente, 102.8
Industria energetica, Luna februarie 2006, Procente, 96.7
Industria energetica, Luna martie 2006, Procente, 101.3
Industria energetica, Luna aprilie 2006, Procente, 88.7
Industria energetica, Luna mai 2006, Procente, 90.6
Industria energetica, Luna iunie 2006, Procente, 86.2
Industria energetica, Luna iulie 2006, Procente, 87.3
Industria energetica, Luna august 2006, Procente, 90.2
Industria energetica, Luna septembrie 2006, Procente, 87.6
Industria energetica, Luna octombrie 2006, Procente, 93.4
Industria energetica, Luna noiembrie 2006, Procente, 94.3
Industria energetica, Luna decembrie 2006, Procente, 96.9
Industria energetica, Luna ianuarie 2007, Procente, 102.2
Industria energetica, Luna februarie 2007, Procente, 96.5
Industria energetica, Luna martie 2007, Procente, 102.5
Industria energetica, Luna aprilie 2007, Procente, 82.7
Industria energetica, Luna mai 2007, Procente, 88.1
Industria energetica, Luna iunie 2007, Procente, 91.8
Industria energetica, Luna iulie 2007, Procente, 94.9
Industria energetica, Luna august 2007, Procente, 91.2
Industria energetica, Luna septembrie 2007, Procente, 88.4
Industria energetica, Luna octombrie 2007, Procente, 95
Industria energetica, Luna noiembrie 2007, Procente, 102.4
Industria energetica, Luna decembrie 2007, Procente, 103.2
Industria energetica, Luna ianuarie 2008, Procente, 105.7
Industria energetica, Luna februarie 2008, Procente, 100.4
Industria energetica, Luna martie 2008, Procente, 101.4
Industria energetica, Luna aprilie 2008, Procente, 91
Industria energetica, Luna mai 2008, Procente, 89
Industria energetica, Luna iunie 2008, Procente, 88
Industria energetica, Luna iulie 2008, Procente, 88.7
Industria energetica, Luna august 2008, Procente, 86.4
Industria energetica, Luna septembrie 2008, Procente, 89.8
Industria energetica, Luna octombrie 2008, Procente, 96.2
Industria energetica, Luna noiembrie 2008, Procente, 96.5
Industria energetica, Luna decembrie 2008, Procente, 95.9
Industria energetica, Luna ianuarie 2009, Procente, 98.8
Industria energetica, Luna februarie 2009, Procente, 95.2
Industria energetica, Luna martie 2009, Procente, 99.3
Industria energetica, Luna aprilie 2009, Procente, 84.5
Industria energetica, Luna mai 2009, Procente, 88.1
Industria energetica, Luna iunie 2009, Procente, 88.1
Industria energetica, Luna iulie 2009, Procente, 91.7
Industria energetica, Luna august 2009, Procente, 92.7
Industria energetica, Luna septembrie 2009, Procente, 93.2
Industria energetica, Luna octombrie 2009, Procente, 96.5
Industria energetica, Luna noiembrie 2009, Procente, 98.9
Industria energetica, Luna decembrie 2009, Procente, 106.5
Industria energetica, Luna ianuarie 2010, Procente, 109.2
Industria energetica, Luna februarie 2010, Procente, 100.2
Industria energetica, Luna martie 2010, Procente, 105.9
Industria energetica, Luna aprilie 2010, Procente, 91.7
Industria energetica, Luna mai 2010, Procente, 88.6
Industria energetica, Luna iunie 2010, Procente, 88.6
Industria energetica, Luna iulie 2010, Procente, 92.4
Industria energetica, Luna august 2010, Procente, 94.1
Industria energetica, Luna septembrie 2010, Procente, 91.1
Industria energetica, Luna octombrie 2010, Procente, 97.2
Industria energetica, Luna noiembrie 2010, Procente, 99.4
Industria energetica, Luna decembrie 2010, Procente, 110.4
Industria energetica, Luna ianuarie 2011, Procente, 112
Industria energetica, Luna februarie 2011, Procente, 103.5
Industria energetica, Luna martie 2011, Procente, 108.8
Industria energetica, Luna aprilie 2011, Procente, 98.4
Industria energetica, Luna mai 2011, Procente, 95.6
Industria energetica, Luna iunie 2011, Procente, 91.6
Industria energetica, Luna iulie 2011, Procente, 93.3
Industria energetica, Luna august 2011, Procente, 93.4
Industria energetica, Luna septembrie 2011, Procente, 93.3
Industria energetica, Luna octombrie 2011, Procente, 100.4
Industria energetica, Luna noiembrie 2011, Procente, 107
Industria energetica, Luna decembrie 2011, Procente, 113.9
Industria energetica, Luna ianuarie 2012, Procente, 109.7
Industria energetica, Luna februarie 2012, Procente, 110.9
Industria energetica, Luna martie 2012, Procente, 109.7
Industria energetica, Luna aprilie 2012, Procente, 98.3
Industria energetica, Luna mai 2012, Procente, 97.5
Industria energetica, Luna iunie 2012, Procente, 89.4
Industria energetica, Luna iulie 2012, Procente, 96.3
Industria energetica, Luna august 2012, Procente, 95.5
Industria energetica, Luna septembrie 2012, Procente, 93.8
Industria energetica, Luna octombrie 2012, Procente, 98.3
Industria energetica, Luna noiembrie 2012, Procente, 104
Industria energetica, Luna decembrie 2012, Procente, 111.4
Industria energetica, Luna ianuarie 2013, Procente, 111.4
Industria energetica, Luna februarie 2013, Procente, 98.1
Industria energetica, Luna martie 2013, Procente, 101.1
Industria energetica, Luna aprilie 2013, Procente, 93.4
Industria energetica, Luna mai 2013, Procente, 89.2
Industria energetica, Luna iunie 2013, Procente, 88.6
Industria energetica, Luna iulie 2013, Procente, 94.7
Industria energetica, Luna august 2013, Procente, 97.2
Industria energetica, Luna septembrie 2013, Procente, 95
Industria energetica, Luna octombrie 2013, Procente, 106.3
Industria energetica, Luna noiembrie 2013, Procente, 107.3
Industria energetica, Luna decembrie 2013, Procente, 115.4
Industria energetica, Luna ianuarie 2014, Procente, 112.6
Industria energetica, Luna februarie 2014, Procente, 105
Industria energetica, Luna martie 2014, Procente, 102.7
Industria energetica, Luna aprilie 2014, Procente, 88
Industria energetica, Luna mai 2014, Procente, 89.7
Industria energetica, Luna iunie 2014, Procente, 83.2
Industria energetica, Luna iulie 2014, Procente, 92.4
Industria energetica, Luna august 2014, Procente, 92.3
Industria energetica, Luna septembrie 2014, Procente, 90.7
Industria energetica, Luna octombrie 2014, Procente, 98.6
Industria energetica, Luna noiembrie 2014, Procente, 102.5
Industria energetica, Luna decembrie 2014, Procente, 109.1
Industria energetica, Luna ianuarie 2015, Procente, 118.3
Industria energetica, Luna februarie 2015, Procente, 107.5
Industria energetica, Luna martie 2015, Procente, 104.5
Industria energetica, Luna aprilie 2015, Procente, 93
Industria energetica, Luna mai 2015, Procente, 84.4
Industria energetica, Luna iunie 2015, Procente, 84.8
Industria energetica, Luna iulie 2015, Procente, 94.4
Industria energetica, Luna august 2015, Procente, 94.3
Industria energetica, Luna septembrie 2015, Procente, 90.5
Industria energetica, Luna octombrie 2015, Procente, 98.2
Industria energetica, Luna noiembrie 2015, Procente, 100.8
Industria energetica, Luna decembrie 2015, Procente, 108.1
Industria energetica, Luna ianuarie 2016, Procente, 115.2
Industria energetica, Luna februarie 2016, Procente, 101.1
Industria energetica, Luna martie 2016, Procente, 101.7
Industria energetica, Luna aprilie 2016, Procente, 88.7
Industria energetica, Luna mai 2016, Procente, 85.9
Industria energetica, Luna iunie 2016, Procente, 86.2
Industria energetica, Luna iulie 2016, Procente, 89.6
Industria energetica, Luna august 2016, Procente, 90.8
Industria energetica, Luna septembrie 2016, Procente, 85.4
Industria energetica, Luna octombrie 2016, Procente, 96.7
Industria energetica, Luna noiembrie 2016, Procente, 105.5
Industria energetica, Luna decembrie 2016, Procente, 116.4
Industria energetica, Luna ianuarie 2017, Procente, 120
Industria energetica, Luna februarie 2017, Procente, 105.9
Industria energetica, Luna martie 2017, Procente, 106.8
Industria energetica, Luna aprilie 2017, Procente, 96.9
Industria energetica, Luna mai 2017, Procente, 89.9
Industria energetica, Luna iunie 2017, Procente, 89.8
Industria energetica, Luna iulie 2017, Procente, 92.3
Industria energetica, Luna august 2017, Procente, 93.2
Industria energetica, Luna septembrie 2017, Procente, 91.1
Industria energetica, Luna octombrie 2017, Procente, 98.8
Industria energetica, Luna noiembrie 2017, Procente, 105
Industria energetica, Luna decembrie 2017, Procente, 115.8
Industria energetica, Luna ianuarie 2018, Procente, 111.6
Industria energetica, Luna februarie 2018, Procente, 107.5
Industria energetica, Luna martie 2018, Procente, 113.9
Industria energetica, Luna aprilie 2018, Procente, 92.1
Industria energetica, Luna mai 2018, Procente, 88.1
Industria energetica, Luna iunie 2018, Procente, 89.9
Industria energetica, Luna iulie 2018, Procente, 94.9
Industria energetica, Luna august 2018, Procente, 96.2
Industria energetica, Luna septembrie 2018, Procente, 90.2
Industria energetica, Luna octombrie 2018, Procente, 98.9
Industria energetica, Luna noiembrie 2018, Procente, 102.9
Industria energetica, Luna decembrie 2018, Procente, 116.4
Industria energetica, Luna ianuarie 2019, Procente, 115.1
Industria energetica, Luna februarie 2019, Procente, 104.9
Industria energetica, Luna martie 2019, Procente, 104.7
Industria energetica, Luna aprilie 2019, Procente, 91.4
Industria energetica, Luna mai 2019, Procente, 93.1
Industria energetica, Luna iunie 2019, Procente, 90.8
Industria energetica, Luna iulie 2019, Procente, 90.2
Industria energetica, Luna august 2019, Procente, 88.8
Industria energetica, Luna septembrie 2019, Procente, 87.4
Industria energetica, Luna octombrie 2019, Procente, 91.2
Industria energetica, Luna noiembrie 2019, Procente, 96.2
Industria energetica, Luna decembrie 2019, Procente, 107.6
Industria energetica, Luna ianuarie 2020, Procente, 109.5
Industria energetica, Luna februarie 2020, Procente, 99.9
Industria energetica, Luna martie 2020, Procente, 100.6
Industria energetica, Luna aprilie 2020, Procente, 84.3
Industria energetica, Luna mai 2020, Procente, 79.7
Industria energetica, Luna iunie 2020, Procente, 79.5
Industria energetica, Luna iulie 2020, Procente, 84.6
Industria energetica, Luna august 2020, Procente, 86.7
Industria energetica, Luna septembrie 2020, Procente, 85.4
Industria energetica, Luna octombrie 2020, Procente, 90.8
Industria energetica, Luna noiembrie 2020, Procente, 97.8
Industria energetica, Luna decembrie 2020, Procente, 109.4
Industria energetica, Luna ianuarie 2021, Procente, 108.7
Industria energetica, Luna februarie 2021, Procente, 102.7
Industria energetica, Luna martie 2021, Procente, 110.8
Industria energetica, Luna aprilie 2021, Procente, 99.7
Industria energetica, Luna mai 2021, Procente, 93.8
Industria energetica, Luna iunie 2021, Procente, 94
Industria energetica, Luna iulie 2021, Procente, 95.7
Industria energetica, Luna august 2021, Procente, 92.2
Industria energetica, Luna septembrie 2021, Procente, 88.9
Industria energetica, Luna octombrie 2021, Procente, 99.9
Industria energetica, Luna noiembrie 2021, Procente, 100.3
Industria energetica, Luna decembrie 2021, Procente, 113.3
Industria energetica, Luna ianuarie 2022, Procente, 110
Industria energetica, Luna februarie 2022, Procente, 97.2
Industria energetica, Luna martie 2022, Procente, 101.3
Industria energetica, Luna aprilie 2022, Procente, 89.4
Industria energetica, Luna mai 2022, Procente, 92
Industria energetica, Luna iunie 2022, Procente, 88.4
Industria energetica, Luna iulie 2022, Procente, 94.9
Industria energetica, Luna august 2022, Procente, 89.9
Industria energetica, Luna septembrie 2022, Procente, 88.8
Industria energetica, Luna octombrie 2022, Procente, 89.8
Industria energetica, Luna noiembrie 2022, Procente, 93.1
Industria energetica, Luna decembrie 2022, Procente, 101.2
Industria energetica, Luna ianuarie 2023, Procente, 101
Industria energetica, Luna februarie 2023, Procente, 92.8
Industria energetica, Luna martie 2023, Procente, 94.7
Industria energetica, Luna aprilie 2023, Procente, 89.9
Industria energetica, Luna mai 2023, Procente, 83.7
Industria energetica, Luna iunie 2023, Procente, 82.8
Industria energetica, Luna iulie 2023, Procente, 86.1
Industria energetica, Luna august 2023, Procente, 84.6
Industria energetica, Luna septembrie 2023, Procente, 80.5
Industria energetica, Luna octombrie 2023, Procente, 85.2
Industria energetica, Luna noiembrie 2023, Procente, 89.2
Industria energetica, Luna decembrie 2023, Procente, 97.8
Industria energetica, Luna ianuarie 2024, Procente, 99.1
Industria energetica, Luna februarie 2024, Procente, 90.8
Industria energetica, Luna martie 2024, Procente, 91.4
Industria energetica, Luna aprilie 2024, Procente, 78.5
Industria energetica, Luna mai 2024, Procente, 76.4
Industria energetica, Luna iunie 2024, Procente, 80.2
Industria energetica, Luna iulie 2024, Procente, 87.2
Industria energetica, Luna august 2024, Procente, 82.2
Industria energetica, Luna septembrie 2024, Procente, 78.4
Industria energetica, Luna octombrie 2024, Procente, 85.2
Industria energetica, Luna noiembrie 2024, Procente, 89.7
Industria energetica, Luna decembrie 2024, Procente, 94.9
Industria energetica, Luna ianuarie 2025, Procente, 96.1
Industria energetica, Luna februarie 2025, Procente, 90.8
Extractiva si prelucratoare, Luna ianuarie 2005, Procente, 48.4
Extractiva si prelucratoare, Luna februarie 2005, Procente, 49.7
Extractiva si prelucratoare, Luna martie 2005, Procente, 57.3
Extractiva si prelucratoare, Luna aprilie 2005, Procente, 55.5
Extractiva si prelucratoare, Luna mai 2005, Procente, 53.9
Extractiva si prelucratoare, Luna iunie 2005, Procente, 57.4
Extractiva si prelucratoare, Luna iulie 2005, Procente, 54.2
Extractiva si prelucratoare, Luna august 2005, Procente, 52.8
Extractiva si prelucratoare, Luna septembrie 2005, Procente, 59.6
Extractiva si prelucratoare, Luna octombrie 2005, Procente, 58.1
Extractiva si prelucratoare, Luna noiembrie 2005, Procente, 60.5
Extractiva si prelucratoare, Luna decembrie 2005, Procente, 52.8
Extractiva si prelucratoare, Luna ianuarie 2006, Procente, 52.1
Extractiva si prelucratoare, Luna februarie 2006, Procente, 54.9
Extractiva si prelucratoare, Luna martie 2006, Procente, 63
Extractiva si prelucratoare, Luna aprilie 2006, Procente, 57.2
Extractiva si prelucratoare, Luna mai 2006, Procente, 64.4
Extractiva si prelucratoare, Luna iunie 2006, Procente, 65.4
Extractiva si prelucratoare, Luna iulie 2006, Procente, 61.4
Extractiva si prelucratoare, Luna august 2006, Procente, 58.2
Extractiva si prelucratoare, Luna septembrie 2006, Procente, 66.6
Extractiva si prelucratoare, Luna octombrie 2006, Procente, 68.8
Extractiva si prelucratoare, Luna noiembrie 2006, Procente, 68
Extractiva si prelucratoare, Luna decembrie 2006, Procente, 57.4
Extractiva si prelucratoare, Luna ianuarie 2007, Procente, 60.8
Extractiva si prelucratoare, Luna februarie 2007, Procente, 64.4
Extractiva si prelucratoare, Luna martie 2007, Procente, 74.7
Extractiva si prelucratoare, Luna aprilie 2007, Procente, 64.8
Extractiva si prelucratoare, Luna mai 2007, Procente, 73.6
Extractiva si prelucratoare, Luna iunie 2007, Procente, 71.9
Extractiva si prelucratoare, Luna iulie 2007, Procente, 72
Extractiva si prelucratoare, Luna august 2007, Procente, 65.5
Extractiva si prelucratoare, Luna septembrie 2007, Procente, 69.1
Extractiva si prelucratoare, Luna octombrie 2007, Procente, 76.4
Extractiva si prelucratoare, Luna noiembrie 2007, Procente, 74.8
Extractiva si prelucratoare, Luna decembrie 2007, Procente, 62.4
Extractiva si prelucratoare, Luna ianuarie 2008, Procente, 64.5
Extractiva si prelucratoare, Luna februarie 2008, Procente, 71.4
Extractiva si prelucratoare, Luna martie 2008, Procente, 73.4
Extractiva si prelucratoare, Luna aprilie 2008, Procente, 70.9
Extractiva si prelucratoare, Luna mai 2008, Procente, 76.2
Extractiva si prelucratoare, Luna iunie 2008, Procente, 74.5
Extractiva si prelucratoare, Luna iulie 2008, Procente, 74.9
Extractiva si prelucratoare, Luna august 2008, Procente, 63.4
Extractiva si prelucratoare, Luna septembrie 2008, Procente, 75.5
Extractiva si prelucratoare, Luna octombrie 2008, Procente, 77.2
Extractiva si prelucratoare, Luna noiembrie 2008, Procente, 67.3
Extractiva si prelucratoare, Luna decembrie 2008, Procente, 53.5
Extractiva si prelucratoare, Luna ianuarie 2009, Procente, 52.7
Extractiva si prelucratoare, Luna februarie 2009, Procente, 60
Extractiva si prelucratoare, Luna martie 2009, Procente, 66.5
Extractiva si prelucratoare, Luna aprilie 2009, Procente, 63.3
Extractiva si prelucratoare, Luna mai 2009, Procente, 67.6
Extractiva si prelucratoare, Luna iunie 2009, Procente, 70.2
Extractiva si prelucratoare, Luna iulie 2009, Procente, 70.7
Extractiva si prelucratoare, Luna august 2009, Procente, 58.2
Extractiva si prelucratoare, Luna septembrie 2009, Procente, 71.9
Extractiva si prelucratoare, Luna octombrie 2009, Procente, 74.2
Extractiva si prelucratoare, Luna noiembrie 2009, Procente, 70.4
Extractiva si prelucratoare, Luna decembrie 2009, Procente, 59.2
Extractiva si prelucratoare, Luna ianuarie 2010, Procente, 56.6
Extractiva si prelucratoare, Luna februarie 2010, Procente, 60.6
Extractiva si prelucratoare, Luna martie 2010, Procente, 71.1
Extractiva si prelucratoare, Luna aprilie 2010, Procente, 66.2
Extractiva si prelucratoare, Luna mai 2010, Procente, 69
Extractiva si prelucratoare, Luna iunie 2010, Procente, 73.7
Extractiva si prelucratoare, Luna iulie 2010, Procente, 72
Extractiva si prelucratoare, Luna august 2010, Procente, 58.4
Extractiva si prelucratoare, Luna septembrie 2010, Procente, 75.9
Extractiva si prelucratoare, Luna octombrie 2010, Procente, 76.7
Extractiva si prelucratoare, Luna noiembrie 2010, Procente, 77.5
Extractiva si prelucratoare, Luna decembrie 2010, Procente, 67.8
Extractiva si prelucratoare, Luna ianuarie 2011, Procente, 65.2
Extractiva si prelucratoare, Luna februarie 2011, Procente, 69.5
Extractiva si prelucratoare, Luna martie 2011, Procente, 79.8
Extractiva si prelucratoare, Luna aprilie 2011, Procente, 70.4
Extractiva si prelucratoare, Luna mai 2011, Procente, 77.4
Extractiva si prelucratoare, Luna iunie 2011, Procente, 75.7
Extractiva si prelucratoare, Luna iulie 2011, Procente, 74.9
Extractiva si prelucratoare, Luna august 2011, Procente, 68.4
Extractiva si prelucratoare, Luna septembrie 2011, Procente, 80.5
Extractiva si prelucratoare, Luna octombrie 2011, Procente, 79.8
Extractiva si prelucratoare, Luna noiembrie 2011, Procente, 81.3
Extractiva si prelucratoare, Luna decembrie 2011, Procente, 66.7
Extractiva si prelucratoare, Luna ianuarie 2012, Procente, 68.5
Extractiva si prelucratoare, Luna februarie 2012, Procente, 69.7
Extractiva si prelucratoare, Luna martie 2012, Procente, 80
Extractiva si prelucratoare, Luna aprilie 2012, Procente, 70.9
Extractiva si prelucratoare, Luna mai 2012, Procente, 81.5
Extractiva si prelucratoare, Luna iunie 2012, Procente, 77
Extractiva si prelucratoare, Luna iulie 2012, Procente, 77.8
Extractiva si prelucratoare, Luna august 2012, Procente, 69.4
Extractiva si prelucratoare, Luna septembrie 2012, Procente, 80.1
Extractiva si prelucratoare, Luna octombrie 2012, Procente, 85.7
Extractiva si prelucratoare, Luna noiembrie 2012, Procente, 83.8
Extractiva si prelucratoare, Luna decembrie 2012, Procente, 67.8
Extractiva si prelucratoare, Luna ianuarie 2013, Procente, 72.9
Extractiva si prelucratoare, Luna februarie 2013, Procente, 77
Extractiva si prelucratoare, Luna martie 2013, Procente, 81.4
Extractiva si prelucratoare, Luna aprilie 2013, Procente, 87
Extractiva si prelucratoare, Luna mai 2013, Procente, 81
Extractiva si prelucratoare, Luna iunie 2013, Procente, 81.9
Extractiva si prelucratoare, Luna iulie 2013, Procente, 87.9
Extractiva si prelucratoare, Luna august 2013, Procente, 72.7
Extractiva si prelucratoare, Luna septembrie 2013, Procente, 89
Extractiva si prelucratoare, Luna octombrie 2013, Procente, 95.3
Extractiva si prelucratoare, Luna noiembrie 2013, Procente, 91.9
Extractiva si prelucratoare, Luna decembrie 2013, Procente, 75.4
Extractiva si prelucratoare, Luna ianuarie 2014, Procente, 81.1
Extractiva si prelucratoare, Luna februarie 2014, Procente, 84.7
Extractiva si prelucratoare, Luna martie 2014, Procente, 91.6
Extractiva si prelucratoare, Luna aprilie 2014, Procente, 89
Extractiva si prelucratoare, Luna mai 2014, Procente, 92.4
Extractiva si prelucratoare, Luna iunie 2014, Procente, 91.7
Extractiva si prelucratoare, Luna iulie 2014, Procente, 93.7
Extractiva si prelucratoare, Luna august 2014, Procente, 73.3
Extractiva si prelucratoare, Luna septembrie 2014, Procente, 95.7
Extractiva si prelucratoare, Luna octombrie 2014, Procente, 100
Extractiva si prelucratoare, Luna noiembrie 2014, Procente, 92.9
Extractiva si prelucratoare, Luna decembrie 2014, Procente, 78.8
Extractiva si prelucratoare, Luna ianuarie 2015, Procente, 80.6
Extractiva si prelucratoare, Luna februarie 2015, Procente, 85.4
Extractiva si prelucratoare, Luna martie 2015, Procente, 95
Extractiva si prelucratoare, Luna aprilie 2015, Procente, 89.1
Extractiva si prelucratoare, Luna mai 2015, Procente, 92.8
Extractiva si prelucratoare, Luna iunie 2015, Procente, 95.6
Extractiva si prelucratoare, Luna iulie 2015, Procente, 97.6
Extractiva si prelucratoare, Luna august 2015, Procente, 82.5
Extractiva si prelucratoare, Luna septembrie 2015, Procente, 98.6
Extractiva si prelucratoare, Luna octombrie 2015, Procente, 99.8
Extractiva si prelucratoare, Luna noiembrie 2015, Procente, 95.2
Extractiva si prelucratoare, Luna decembrie 2015, Procente, 83.2
Extractiva si prelucratoare, Luna ianuarie 2016, Procente, 81.1
Extractiva si prelucratoare, Luna februarie 2016, Procente, 90.7
Extractiva si prelucratoare, Luna martie 2016, Procente, 100.7
Extractiva si prelucratoare, Luna aprilie 2016, Procente, 98.2
Extractiva si prelucratoare, Luna mai 2016, Procente, 95.6
Extractiva si prelucratoare, Luna iunie 2016, Procente, 98.3
Extractiva si prelucratoare, Luna iulie 2016, Procente, 94.9
Extractiva si prelucratoare, Luna august 2016, Procente, 88.2
Extractiva si prelucratoare, Luna septembrie 2016, Procente, 101.5
Extractiva si prelucratoare, Luna octombrie 2016, Procente, 100.5
Extractiva si prelucratoare, Luna noiembrie 2016, Procente, 100.9
Extractiva si prelucratoare, Luna decembrie 2016, Procente, 83.8
Extractiva si prelucratoare, Luna ianuarie 2017, Procente, 85.3
Extractiva si prelucratoare, Luna februarie 2017, Procente, 93.9
Extractiva si prelucratoare, Luna martie 2017, Procente, 111.4
Extractiva si prelucratoare, Luna aprilie 2017, Procente, 96.3
Extractiva si prelucratoare, Luna mai 2017, Procente, 111.5
Extractiva si prelucratoare, Luna iunie 2017, Procente, 106.2
Extractiva si prelucratoare, Luna iulie 2017, Procente, 103
Extractiva si prelucratoare, Luna august 2017, Procente, 96
Extractiva si prelucratoare, Luna septembrie 2017, Procente, 109
Extractiva si prelucratoare, Luna octombrie 2017, Procente, 113.6
Extractiva si prelucratoare, Luna noiembrie 2017, Procente, 111.8
Extractiva si prelucratoare, Luna decembrie 2017, Procente, 93.2
Extractiva si prelucratoare, Luna ianuarie 2018, Procente, 95.6
Extractiva si prelucratoare, Luna februarie 2018, Procente, 100.4
Extractiva si prelucratoare, Luna martie 2018, Procente, 111.8
Extractiva si prelucratoare, Luna aprilie 2018, Procente, 101.5
Extractiva si prelucratoare, Luna mai 2018, Procente, 113.2
Extractiva si prelucratoare, Luna iunie 2018, Procente, 112.9
Extractiva si prelucratoare, Luna iulie 2018, Procente, 111.1
Extractiva si prelucratoare, Luna august 2018, Procente, 99.6
Extractiva si prelucratoare, Luna septembrie 2018, Procente, 109.7
Extractiva si prelucratoare, Luna octombrie 2018, Procente, 117.8
Extractiva si prelucratoare, Luna noiembrie 2018, Procente, 115
Extractiva si prelucratoare, Luna decembrie 2018, Procente, 92
Extractiva si prelucratoare, Luna ianuarie 2019, Procente, 95.1
Extractiva si prelucratoare, Luna februarie 2019, Procente, 103.2
Extractiva si prelucratoare, Luna martie 2019, Procente, 113.1
Extractiva si prelucratoare, Luna aprilie 2019, Procente, 103.5
Extractiva si prelucratoare, Luna mai 2019, Procente, 112.8
Extractiva si prelucratoare, Luna iunie 2019, Procente, 104.5
Extractiva si prelucratoare, Luna iulie 2019, Procente, 108.1
Extractiva si prelucratoare, Luna august 2019, Procente, 93.2
Extractiva si prelucratoare, Luna septembrie 2019, Procente, 108.8
Extractiva si prelucratoare, Luna octombrie 2019, Procente, 113.7
Extractiva si prelucratoare, Luna noiembrie 2019, Procente, 109.4
Extractiva si prelucratoare, Luna decembrie 2019, Procente, 90
Extractiva si prelucratoare, Luna ianuarie 2020, Procente, 93.8
Extractiva si prelucratoare, Luna februarie 2020, Procente, 101.3
Extractiva si prelucratoare, Luna martie 2020, Procente, 97.3
Extractiva si prelucratoare, Luna aprilie 2020, Procente, 58.7
Extractiva si prelucratoare, Luna mai 2020, Procente, 75.9
Extractiva si prelucratoare, Luna iunie 2020, Procente, 93
Extractiva si prelucratoare, Luna iulie 2020, Procente, 100.5
Extractiva si prelucratoare, Luna august 2020, Procente, 89
Extractiva si prelucratoare, Luna septembrie 2020, Procente, 108.9
Extractiva si prelucratoare, Luna octombrie 2020, Procente, 112.1
Extractiva si prelucratoare, Luna noiembrie 2020, Procente, 105
Extractiva si prelucratoare, Luna decembrie 2020, Procente, 92.1
Extractiva si prelucratoare, Luna ianuarie 2021, Procente, 89.7
Extractiva si prelucratoare, Luna februarie 2021, Procente, 94.7
Extractiva si prelucratoare, Luna martie 2021, Procente, 108.1
Extractiva si prelucratoare, Luna aprilie 2021, Procente, 104.2
Extractiva si prelucratoare, Luna mai 2021, Procente, 99.2
Extractiva si prelucratoare, Luna iunie 2021, Procente, 103.3
Extractiva si prelucratoare, Luna iulie 2021, Procente, 102
Extractiva si prelucratoare, Luna august 2021, Procente, 92.3
Extractiva si prelucratoare, Luna septembrie 2021, Procente, 103.6
Extractiva si prelucratoare, Luna octombrie 2021, Procente, 100.9
Extractiva si prelucratoare, Luna noiembrie 2021, Procente, 106.2
Extractiva si prelucratoare, Luna decembrie 2021, Procente, 95.8
Extractiva si prelucratoare, Luna ianuarie 2022, Procente, 92.5
Extractiva si prelucratoare, Luna februarie 2022, Procente, 99
Extractiva si prelucratoare, Luna martie 2022, Procente, 112.5
Extractiva si prelucratoare, Luna aprilie 2022, Procente, 99.6
Extractiva si prelucratoare, Luna mai 2022, Procente, 109.5
Extractiva si prelucratoare, Luna iunie 2022, Procente, 104.5
Extractiva si prelucratoare, Luna iulie 2022, Procente, 103.6
Extractiva si prelucratoare, Luna august 2022, Procente, 93.6
Extractiva si prelucratoare, Luna septembrie 2022, Procente, 107.2
Extractiva si prelucratoare, Luna octombrie 2022, Procente, 105.1
Extractiva si prelucratoare, Luna noiembrie 2022, Procente, 106.6
Extractiva si prelucratoare, Luna decembrie 2022, Procente, 87.6
Extractiva si prelucratoare, Luna ianuarie 2023, Procente, 89.2
Extractiva si prelucratoare, Luna februarie 2023, Procente, 96.8
Extractiva si prelucratoare, Luna martie 2023, Procente, 111.6
Extractiva si prelucratoare, Luna aprilie 2023, Procente, 91.8
Extractiva si prelucratoare, Luna mai 2023, Procente, 108.7
Extractiva si prelucratoare, Luna iunie 2023, Procente, 102.4
Extractiva si prelucratoare, Luna iulie 2023, Procente, 100.3
Extractiva si prelucratoare, Luna august 2023, Procente, 91.1
Extractiva si prelucratoare, Luna septembrie 2023, Procente, 105.8
Extractiva si prelucratoare, Luna octombrie 2023, Procente, 106
Extractiva si prelucratoare, Luna noiembrie 2023, Procente, 103.6
Extractiva si prelucratoare, Luna decembrie 2023, Procente, 84.5
Extractiva si prelucratoare, Luna ianuarie 2024, Procente, 85.3
Extractiva si prelucratoare, Luna februarie 2024, Procente, 97.6
Extractiva si prelucratoare, Luna martie 2024, Procente, 106.7
Extractiva si prelucratoare, Luna aprilie 2024, Procente, 106.5
Extractiva si prelucratoare, Luna mai 2024, Procente, 96.7
Extractiva si prelucratoare, Luna iunie 2024, Procente, 98.5
Extractiva si prelucratoare, Luna iulie 2024, Procente, 100.9
Extractiva si prelucratoare, Luna august 2024, Procente, 87.4
Extractiva si prelucratoare, Luna septembrie 2024, Procente, 101.8
Extractiva si prelucratoare, Luna octombrie 2024, Procente, 107.9
Extractiva si prelucratoare, Luna noiembrie 2024, Procente, 103.1
Extractiva si prelucratoare, Luna decembrie 2024, Procente, 86
Extractiva si prelucratoare, Luna ianuarie 2025, Procente, 83.6
Extractiva si prelucratoare, Luna februarie 2025, Procente, 91.6
Extractiva si prelucratoare (excl. diviz. 10 11 12), Luna ianuarie 2005, Procente, 49.1
Extractiva si prelucratoare (excl. diviz. 10 11 12), Luna februarie 2005, Procente, 50.3
Extractiva si prelucratoare (excl. diviz. 10 11 12), Luna martie 2005, Procente, 56.7
Extractiva si prelucratoare (excl. diviz. 10 11 12), Luna aprilie 2005, Procente, 55.1
Extractiva si prelucratoare (excl. diviz. 10 11 12), Luna mai 2005, Procente, 54.2
Extractiva si prelucratoare (excl. diviz. 10 11 12), Luna iunie 2005, Procente, 57.8
Extractiva si prelucratoare (excl. diviz. 10 11 12), Luna iulie 2005, Procente, 54.5
Extractiva si prelucratoare (excl. diviz. 10 11 12), Luna august 2005, Procente, 51.8
Extractiva si prelucratoare (excl. diviz. 10 11 12), Luna septembrie 2005, Procente, 59.6
Extractiva si prelucratoare (excl. diviz. 10 11 12), Luna octombrie 2005, Procente, 57.4
Extractiva si prelucratoare (excl. diviz. 10 11 12), Luna noiembrie 2005, Procente, 59.7
Extractiva si prelucratoare (excl. diviz. 10 11 12), Luna decembrie 2005, Procente, 51
Extractiva si prelucratoare (excl. diviz. 10 11 12), Luna ianuarie 2006, Procente, 52.4
Extractiva si prelucratoare (excl. diviz. 10 11 12), Luna februarie 2006, Procente, 55.9
Extractiva si prelucratoare (excl. diviz. 10 11 12), Luna martie 2006, Procente, 63.9
Extractiva si prelucratoare (excl. diviz. 10 11 12), Luna aprilie 2006, Procente, 57.1
Extractiva si prelucratoare (excl. diviz. 10 11 12), Luna mai 2006, Procente, 64.8
Extractiva si prelucratoare (excl. diviz. 10 11 12), Luna iunie 2006, Procente, 65.6
Extractiva si prelucratoare (excl. diviz. 10 11 12), Luna iulie 2006, Procente, 61.2
Extractiva si prelucratoare (excl. diviz. 10 11 12), Luna august 2006, Procente, 57.8
Extractiva si prelucratoare (excl. diviz. 10 11 12), Luna septembrie 2006, Procente, 67.1
Extractiva si prelucratoare (excl. diviz. 10 11 12), Luna octombrie 2006, Procente, 68.4
Extractiva si prelucratoare (excl. diviz. 10 11 12), Luna noiembrie 2006, Procente, 67.4
Extractiva si prelucratoare (excl. diviz. 10 11 12), Luna decembrie 2006, Procente, 56.1
Extractiva si prelucratoare (excl. diviz. 10 11 12), Luna ianuarie 2007, Procente, 59.8
Extractiva si prelucratoare (excl. diviz. 10 11 12), Luna februarie 2007, Procente, 64.3
Extractiva si prelucratoare (excl. diviz. 10 11 12), Luna martie 2007, Procente, 74.2
Extractiva si prelucratoare (excl. diviz. 10 11 12), Luna aprilie 2007, Procente, 63.3
Extractiva si prelucratoare (excl. diviz. 10 11 12), Luna mai 2007, Procente, 72.2
Extractiva si prelucratoare (excl. diviz. 10 11 12), Luna iunie 2007, Procente, 69.8
Extractiva si prelucratoare (excl. diviz. 10 11 12), Luna iulie 2007, Procente, 68.5
Extractiva si prelucratoare (excl. diviz. 10 11 12), Luna august 2007, Procente, 61.7
Extractiva si prelucratoare (excl. diviz. 10 11 12), Luna septembrie 2007, Procente, 67.6
Extractiva si prelucratoare (excl. diviz. 10 11 12), Luna octombrie 2007, Procente, 75.7
Extractiva si prelucratoare (excl. diviz. 10 11 12), Luna noiembrie 2007, Procente, 74.3
Extractiva si prelucratoare (excl. diviz. 10 11 12), Luna decembrie 2007, Procente, 60
Extractiva si prelucratoare (excl. diviz. 10 11 12), Luna ianuarie 2008, Procente, 64.6
Extractiva si prelucratoare (excl. diviz. 10 11 12), Luna februarie 2008, Procente, 72.4
Extractiva si prelucratoare (excl. diviz. 10 11 12), Luna martie 2008, Procente, 73.4
Extractiva si prelucratoare (excl. diviz. 10 11 12), Luna aprilie 2008, Procente, 69.8
Extractiva si prelucratoare (excl. diviz. 10 11 12), Luna mai 2008, Procente, 75.6
Extractiva si prelucratoare (excl. diviz. 10 11 12), Luna iunie 2008, Procente, 74.2
Extractiva si prelucratoare (excl. diviz. 10 11 12), Luna iulie 2008, Procente, 74.2
Extractiva si prelucratoare (excl. diviz. 10 11 12), Luna august 2008, Procente, 61.2
Extractiva si prelucratoare (excl. diviz. 10 11 12), Luna septembrie 2008, Procente, 74.3
Extractiva si prelucratoare (excl. diviz. 10 11 12), Luna octombrie 2008, Procente, 75.5
Extractiva si prelucratoare (excl. diviz. 10 11 12), Luna noiembrie 2008, Procente, 64.7
Extractiva si prelucratoare (excl. diviz. 10 11 12), Luna decembrie 2008, Procente, 49
Extractiva si prelucratoare (excl. diviz. 10 11 12), Luna ianuarie 2009, Procente, 51.3
Extractiva si prelucratoare (excl. diviz. 10 11 12), Luna februarie 2009, Procente, 59.4
Extractiva si prelucratoare (excl. diviz. 10 11 12), Luna martie 2009, Procente, 65.8
Extractiva si prelucratoare (excl. diviz. 10 11 12), Luna aprilie 2009, Procente, 61.5
Extractiva si prelucratoare (excl. diviz. 10 11 12), Luna mai 2009, Procente, 66.3
Extractiva si prelucratoare (excl. diviz. 10 11 12), Luna iunie 2009, Procente, 68.3
Extractiva si prelucratoare (excl. diviz. 10 11 12), Luna iulie 2009, Procente, 69.6
Extractiva si prelucratoare (excl. diviz. 10 11 12), Luna august 2009, Procente, 55.9
Extractiva si prelucratoare (excl. diviz. 10 11 12), Luna septembrie 2009, Procente, 70.7
Extractiva si prelucratoare (excl. diviz. 10 11 12), Luna octombrie 2009, Procente, 72.6
Extractiva si prelucratoare (excl. diviz. 10 11 12), Luna noiembrie 2009, Procente, 68.8
Extractiva si prelucratoare (excl. diviz. 10 11 12), Luna decembrie 2009, Procente, 55.7
Extractiva si prelucratoare (excl. diviz. 10 11 12), Luna ianuarie 2010, Procente, 56.8
Extractiva si prelucratoare (excl. diviz. 10 11 12), Luna februarie 2010, Procente, 61
Extractiva si prelucratoare (excl. diviz. 10 11 12), Luna martie 2010, Procente, 70.8
Extractiva si prelucratoare (excl. diviz. 10 11 12), Luna aprilie 2010, Procente, 66.2
Extractiva si prelucratoare (excl. diviz. 10 11 12), Luna mai 2010, Procente, 68.8
Extractiva si prelucratoare (excl. diviz. 10 11 12), Luna iunie 2010, Procente, 73.9
Extractiva si prelucratoare (excl. diviz. 10 11 12), Luna iulie 2010, Procente, 71.8
Extractiva si prelucratoare (excl. diviz. 10 11 12), Luna august 2010, Procente, 57
Extractiva si prelucratoare (excl. diviz. 10 11 12), Luna septembrie 2010, Procente, 75.8
Extractiva si prelucratoare (excl. diviz. 10 11 12), Luna octombrie 2010, Procente, 76.2
Extractiva si prelucratoare (excl. diviz. 10 11 12), Luna noiembrie 2010, Procente, 76.9
Extractiva si prelucratoare (excl. diviz. 10 11 12), Luna decembrie 2010, Procente, 66.9
Extractiva si prelucratoare (excl. diviz. 10 11 12), Luna ianuarie 2011, Procente, 66.3
Extractiva si prelucratoare (excl. diviz. 10 11 12), Luna februarie 2011, Procente, 70.6
Extractiva si prelucratoare (excl. diviz. 10 11 12), Luna martie 2011, Procente, 80.9
Extractiva si prelucratoare (excl. diviz. 10 11 12), Luna aprilie 2011, Procente, 70.2
Extractiva si prelucratoare (excl. diviz. 10 11 12), Luna mai 2011, Procente, 77.8
Extractiva si prelucratoare (excl. diviz. 10 11 12), Luna iunie 2011, Procente, 75.9
Extractiva si prelucratoare (excl. diviz. 10 11 12), Luna iulie 2011, Procente, 75.1
Extractiva si prelucratoare (excl. diviz. 10 11 12), Luna august 2011, Procente, 67.6
Extractiva si prelucratoare (excl. diviz. 10 11 12), Luna septembrie 2011, Procente, 80.5
Extractiva si prelucratoare (excl. diviz. 10 11 12), Luna octombrie 2011, Procente, 79.4
Extractiva si prelucratoare (excl. diviz. 10 11 12), Luna noiembrie 2011, Procente, 80.4
Extractiva si prelucratoare (excl. diviz. 10 11 12), Luna decembrie 2011, Procente, 65.8
Extractiva si prelucratoare (excl. diviz. 10 11 12), Luna ianuarie 2012, Procente, 69.8
Extractiva si prelucratoare (excl. diviz. 10 11 12), Luna februarie 2012, Procente, 70.9
Extractiva si prelucratoare (excl. diviz. 10 11 12), Luna martie 2012, Procente, 80.6
Extractiva si prelucratoare (excl. diviz. 10 11 12), Luna aprilie 2012, Procente, 71
Extractiva si prelucratoare (excl. diviz. 10 11 12), Luna mai 2012, Procente, 82
Extractiva si prelucratoare (excl. diviz. 10 11 12), Luna iunie 2012, Procente, 77.7
Extractiva si prelucratoare (excl. diviz. 10 11 12), Luna iulie 2012, Procente, 78.1
Extractiva si prelucratoare (excl. diviz. 10 11 12), Luna august 2012, Procente, 68.6
Extractiva si prelucratoare (excl. diviz. 10 11 12), Luna septembrie 2012, Procente, 80
Extractiva si prelucratoare (excl. diviz. 10 11 12), Luna octombrie 2012, Procente, 85.6
Extractiva si prelucratoare (excl. diviz. 10 11 12), Luna noiembrie 2012, Procente, 83.5
Extractiva si prelucratoare (excl. diviz. 10 11 12), Luna decembrie 2012, Procente, 67.3
Extractiva si prelucratoare (excl. diviz. 10 11 12), Luna ianuarie 2013, Procente, 74.3
Extractiva si prelucratoare (excl. diviz. 10 11 12), Luna februarie 2013, Procente, 79
Extractiva si prelucratoare (excl. diviz. 10 11 12), Luna martie 2013, Procente, 82.7
Extractiva si prelucratoare (excl. diviz. 10 11 12), Luna aprilie 2013, Procente, 87.7
Extractiva si prelucratoare (excl. diviz. 10 11 12), Luna mai 2013, Procente, 81.5
Extractiva si prelucratoare (excl. diviz. 10 11 12), Luna iunie 2013, Procente, 82.8
Extractiva si prelucratoare (excl. diviz. 10 11 12), Luna iulie 2013, Procente, 89.1
Extractiva si prelucratoare (excl. diviz. 10 11 12), Luna august 2013, Procente, 71.8
Extractiva si prelucratoare (excl. diviz. 10 11 12), Luna septembrie 2013, Procente, 89.6
Extractiva si prelucratoare (excl. diviz. 10 11 12), Luna octombrie 2013, Procente, 95.6
Extractiva si prelucratoare (excl. diviz. 10 11 12), Luna noiembrie 2013, Procente, 92.1
Extractiva si prelucratoare (excl. diviz. 10 11 12), Luna decembrie 2013, Procente, 74.3
Extractiva si prelucratoare (excl. diviz. 10 11 12), Luna ianuarie 2014, Procente, 82.9
Extractiva si prelucratoare (excl. diviz. 10 11 12), Luna februarie 2014, Procente, 86.9
Extractiva si prelucratoare (excl. diviz. 10 11 12), Luna martie 2014, Procente, 93.7
Extractiva si prelucratoare (excl. diviz. 10 11 12), Luna aprilie 2014, Procente, 89.8
Extractiva si prelucratoare (excl. diviz. 10 11 12), Luna mai 2014, Procente, 93.4
Extractiva si prelucratoare (excl. diviz. 10 11 12), Luna iunie 2014, Procente, 92.7
Extractiva si prelucratoare (excl. diviz. 10 11 12), Luna iulie 2014, Procente, 95.3
Extractiva si prelucratoare (excl. diviz. 10 11 12), Luna august 2014, Procente, 73.1
Extractiva si prelucratoare (excl. diviz. 10 11 12), Luna septembrie 2014, Procente, 97
Extractiva si prelucratoare (excl. diviz. 10 11 12), Luna octombrie 2014, Procente, 100.7
Extractiva si prelucratoare (excl. diviz. 10 11 12), Luna noiembrie 2014, Procente, 93.6
Extractiva si prelucratoare (excl. diviz. 10 11 12), Luna decembrie 2014, Procente, 77.7
Extractiva si prelucratoare (excl. diviz. 10 11 12), Luna ianuarie 2015, Procente, 81.9
Extractiva si prelucratoare (excl. diviz. 10 11 12), Luna februarie 2015, Procente, 87.6
Extractiva si prelucratoare (excl. diviz. 10 11 12), Luna martie 2015, Procente, 96.9
Extractiva si prelucratoare (excl. diviz. 10 11 12), Luna aprilie 2015, Procente, 90.2
Extractiva si prelucratoare (excl. diviz. 10 11 12), Luna mai 2015, Procente, 93.9
Extractiva si prelucratoare (excl. diviz. 10 11 12), Luna iunie 2015, Procente, 96.7
Extractiva si prelucratoare (excl. diviz. 10 11 12), Luna iulie 2015, Procente, 98.3
Extractiva si prelucratoare (excl. diviz. 10 11 12), Luna august 2015, Procente, 81.3
Extractiva si prelucratoare (excl. diviz. 10 11 12), Luna septembrie 2015, Procente, 99.3
Extractiva si prelucratoare (excl. diviz. 10 11 12), Luna octombrie 2015, Procente, 100.2
Extractiva si prelucratoare (excl. diviz. 10 11 12), Luna noiembrie 2015, Procente, 95.2
Extractiva si prelucratoare (excl. diviz. 10 11 12), Luna decembrie 2015, Procente, 82.5
Extractiva si prelucratoare (excl. diviz. 10 11 12), Luna ianuarie 2016, Procente, 82.3
Extractiva si prelucratoare (excl. diviz. 10 11 12), Luna februarie 2016, Procente, 92.4
Extractiva si prelucratoare (excl. diviz. 10 11 12), Luna martie 2016, Procente, 102.1
Extractiva si prelucratoare (excl. diviz. 10 11 12), Luna aprilie 2016, Procente, 97.7
Extractiva si prelucratoare (excl. diviz. 10 11 12), Luna mai 2016, Procente, 96.2
Extractiva si prelucratoare (excl. diviz. 10 11 12), Luna iunie 2016, Procente, 98.3
Extractiva si prelucratoare (excl. diviz. 10 11 12), Luna iulie 2016, Procente, 94.4
Extractiva si prelucratoare (excl. diviz. 10 11 12), Luna august 2016, Procente, 87.1
Extractiva si prelucratoare (excl. diviz. 10 11 12), Luna septembrie 2016, Procente, 102.1
Extractiva si prelucratoare (excl. diviz. 10 11 12), Luna octombrie 2016, Procente, 100.7
Extractiva si prelucratoare (excl. diviz. 10 11 12), Luna noiembrie 2016, Procente, 101.2
Extractiva si prelucratoare (excl. diviz. 10 11 12), Luna decembrie 2016, Procente, 83
Extractiva si prelucratoare (excl. diviz. 10 11 12), Luna ianuarie 2017, Procente, 86.6
Extractiva si prelucratoare (excl. diviz. 10 11 12), Luna februarie 2017, Procente, 95.8
Extractiva si prelucratoare (excl. diviz. 10 11 12), Luna martie 2017, Procente, 112.8
Extractiva si prelucratoare (excl. diviz. 10 11 12), Luna aprilie 2017, Procente, 96.7
Extractiva si prelucratoare (excl. diviz. 10 11 12), Luna mai 2017, Procente, 112.9
Extractiva si prelucratoare (excl. diviz. 10 11 12), Luna iunie 2017, Procente, 107.6
Extractiva si prelucratoare (excl. diviz. 10 11 12), Luna iulie 2017, Procente, 103.9
Extractiva si prelucratoare (excl. diviz. 10 11 12), Luna august 2017, Procente, 95.1
Extractiva si prelucratoare (excl. diviz. 10 11 12), Luna septembrie 2017, Procente, 110.3
Extractiva si prelucratoare (excl. diviz. 10 11 12), Luna octombrie 2017, Procente, 114.4
Extractiva si prelucratoare (excl. diviz. 10 11 12), Luna noiembrie 2017, Procente, 112.6
Extractiva si prelucratoare (excl. diviz. 10 11 12), Luna decembrie 2017, Procente, 93.3
Extractiva si prelucratoare (excl. diviz. 10 11 12), Luna ianuarie 2018, Procente, 97.2
Extractiva si prelucratoare (excl. diviz. 10 11 12), Luna februarie 2018, Procente, 102.5
Extractiva si prelucratoare (excl. diviz. 10 11 12), Luna martie 2018, Procente, 113.4
Extractiva si prelucratoare (excl. diviz. 10 11 12), Luna aprilie 2018, Procente, 102.9
Extractiva si prelucratoare (excl. diviz. 10 11 12), Luna mai 2018, Procente, 114.4
Extractiva si prelucratoare (excl. diviz. 10 11 12), Luna iunie 2018, Procente, 114.7
Extractiva si prelucratoare (excl. diviz. 10 11 12), Luna iulie 2018, Procente, 112.7
Extractiva si prelucratoare (excl. diviz. 10 11 12), Luna august 2018, Procente, 99.1
Extractiva si prelucratoare (excl. diviz. 10 11 12), Luna septembrie 2018, Procente, 111
Extractiva si prelucratoare (excl. diviz. 10 11 12), Luna octombrie 2018, Procente, 119.2
Extractiva si prelucratoare (excl. diviz. 10 11 12), Luna noiembrie 2018, Procente, 116.2
Extractiva si prelucratoare (excl. diviz. 10 11 12), Luna decembrie 2018, Procente, 92.2
Extractiva si prelucratoare (excl. diviz. 10 11 12), Luna ianuarie 2019, Procente, 96.6
Extractiva si prelucratoare (excl. diviz. 10 11 12), Luna februarie 2019, Procente, 105.7
Extractiva si prelucratoare (excl. diviz. 10 11 12), Luna martie 2019, Procente, 115.6
Extractiva si prelucratoare (excl. diviz. 10 11 12), Luna aprilie 2019, Procente, 104.4
Extractiva si prelucratoare (excl. diviz. 10 11 12), Luna mai 2019, Procente, 113.8
Extractiva si prelucratoare (excl. diviz. 10 11 12), Luna iunie 2019, Procente, 105.2
Extractiva si prelucratoare (excl. diviz. 10 11 12), Luna iulie 2019, Procente, 108.5
Extractiva si prelucratoare (excl. diviz. 10 11 12), Luna august 2019, Procente, 92.3
Extractiva si prelucratoare (excl. diviz. 10 11 12), Luna septembrie 2019, Procente, 109.4
Extractiva si prelucratoare (excl. diviz. 10 11 12), Luna octombrie 2019, Procente, 114.3
Extractiva si prelucratoare (excl. diviz. 10 11 12), Luna noiembrie 2019, Procente, 110.2
Extractiva si prelucratoare (excl. diviz. 10 11 12), Luna decembrie 2019, Procente, 89.2
Extractiva si prelucratoare (excl. diviz. 10 11 12), Luna ianuarie 2020, Procente, 94.9
Extractiva si prelucratoare (excl. diviz. 10 11 12), Luna februarie 2020, Procente, 103
Extractiva si prelucratoare (excl. diviz. 10 11 12), Luna martie 2020, Procente, 97.1
Extractiva si prelucratoare (excl. diviz. 10 11 12), Luna aprilie 2020, Procente, 55.8
Extractiva si prelucratoare (excl. diviz. 10 11 12), Luna mai 2020, Procente, 74
Extractiva si prelucratoare (excl. diviz. 10 11 12), Luna iunie 2020, Procente, 92
Extractiva si prelucratoare (excl. diviz. 10 11 12), Luna iulie 2020, Procente, 99.5
Extractiva si prelucratoare (excl. diviz. 10 11 12), Luna august 2020, Procente, 87.7
Extractiva si prelucratoare (excl. diviz. 10 11 12), Luna septembrie 2020, Procente, 109.4
Extractiva si prelucratoare (excl. diviz. 10 11 12), Luna octombrie 2020, Procente, 113.3
Extractiva si prelucratoare (excl. diviz. 10 11 12), Luna noiembrie 2020, Procente, 105.9
Extractiva si prelucratoare (excl. diviz. 10 11 12), Luna decembrie 2020, Procente, 92
Extractiva si prelucratoare (excl. diviz. 10 11 12), Luna ianuarie 2021, Procente, 90.4
Extractiva si prelucratoare (excl. diviz. 10 11 12), Luna februarie 2021, Procente, 95.8
Extractiva si prelucratoare (excl. diviz. 10 11 12), Luna martie 2021, Procente, 109.3
Extractiva si prelucratoare (excl. diviz. 10 11 12), Luna aprilie 2021, Procente, 104.6
Extractiva si prelucratoare (excl. diviz. 10 11 12), Luna mai 2021, Procente, 99.4
Extractiva si prelucratoare (excl. diviz. 10 11 12), Luna iunie 2021, Procente, 103.3
Extractiva si prelucratoare (excl. diviz. 10 11 12), Luna iulie 2021, Procente, 101.3
Extractiva si prelucratoare (excl. diviz. 10 11 12), Luna august 2021, Procente, 90.2
Extractiva si prelucratoare (excl. diviz. 10 11 12), Luna septembrie 2021, Procente, 103.3
Extractiva si prelucratoare (excl. diviz. 10 11 12), Luna octombrie 2021, Procente, 100.6
Extractiva si prelucratoare (excl. diviz. 10 11 12), Luna noiembrie 2021, Procente, 106.3
Extractiva si prelucratoare (excl. diviz. 10 11 12), Luna decembrie 2021, Procente, 95.5
Extractiva si prelucratoare (excl. diviz. 10 11 12), Luna ianuarie 2022, Procente, 93.3
Extractiva si prelucratoare (excl. diviz. 10 11 12), Luna februarie 2022, Procente, 100.3
Extractiva si prelucratoare (excl. diviz. 10 11 12), Luna martie 2022, Procente, 113.6
Extractiva si prelucratoare (excl. diviz. 10 11 12), Luna aprilie 2022, Procente, 99.4
Extractiva si prelucratoare (excl. diviz. 10 11 12), Luna mai 2022, Procente, 109.4
Extractiva si prelucratoare (excl. diviz. 10 11 12), Luna iunie 2022, Procente, 104.5
Extractiva si prelucratoare (excl. diviz. 10 11 12), Luna iulie 2022, Procente, 103.2
Extractiva si prelucratoare (excl. diviz. 10 11 12), Luna august 2022, Procente, 91.6
Extractiva si prelucratoare (excl. diviz. 10 11 12), Luna septembrie 2022, Procente, 107.4
Extractiva si prelucratoare (excl. diviz. 10 11 12), Luna octombrie 2022, Procente, 105.3
Extractiva si prelucratoare (excl. diviz. 10 11 12), Luna noiembrie 2022, Procente, 106.3
Extractiva si prelucratoare (excl. diviz. 10 11 12), Luna decembrie 2022, Procente, 86.6
Extractiva si prelucratoare (excl. diviz. 10 11 12), Luna ianuarie 2023, Procente, 89.3
Extractiva si prelucratoare (excl. diviz. 10 11 12), Luna februarie 2023, Procente, 97.4
Extractiva si prelucratoare (excl. diviz. 10 11 12), Luna martie 2023, Procente, 112.2
Extractiva si prelucratoare (excl. diviz. 10 11 12), Luna aprilie 2023, Procente, 91
Extractiva si prelucratoare (excl. diviz. 10 11 12), Luna mai 2023, Procente, 108.5
Extractiva si prelucratoare (excl. diviz. 10 11 12), Luna iunie 2023, Procente, 101.8
Extractiva si prelucratoare (excl. diviz. 10 11 12), Luna iulie 2023, Procente, 99.2
Extractiva si prelucratoare (excl. diviz. 10 11 12), Luna august 2023, Procente, 88.2
Extractiva si prelucratoare (excl. diviz. 10 11 12), Luna septembrie 2023, Procente, 105.4
Extractiva si prelucratoare (excl. diviz. 10 11 12), Luna octombrie 2023, Procente, 105
Extractiva si prelucratoare (excl. diviz. 10 11 12), Luna noiembrie 2023, Procente, 102
Extractiva si prelucratoare (excl. diviz. 10 11 12), Luna decembrie 2023, Procente, 82.7
Extractiva si prelucratoare (excl. diviz. 10 11 12), Luna ianuarie 2024, Procente, 84.2
Extractiva si prelucratoare (excl. diviz. 10 11 12), Luna februarie 2024, Procente, 97.5
Extractiva si prelucratoare (excl. diviz. 10 11 12), Luna martie 2024, Procente, 106.8
Extractiva si prelucratoare (excl. diviz. 10 11 12), Luna aprilie 2024, Procente, 105.2
Extractiva si prelucratoare (excl. diviz. 10 11 12), Luna mai 2024, Procente, 94.8
Extractiva si prelucratoare (excl. diviz. 10 11 12), Luna iunie 2024, Procente, 96.8
Extractiva si prelucratoare (excl. diviz. 10 11 12), Luna iulie 2024, Procente, 98.4
Extractiva si prelucratoare (excl. diviz. 10 11 12), Luna august 2024, Procente, 83.5
Extractiva si prelucratoare (excl. diviz. 10 11 12), Luna septembrie 2024, Procente, 100
Extractiva si prelucratoare (excl. diviz. 10 11 12), Luna octombrie 2024, Procente, 106
Extractiva si prelucratoare (excl. diviz. 10 11 12), Luna noiembrie 2024, Procente, 101.6
Extractiva si prelucratoare (excl. diviz. 10 11 12), Luna decembrie 2024, Procente, 84
Extractiva si prelucratoare (excl. diviz. 10 11 12), Luna ianuarie 2025, Procente, 81.7
Extractiva si prelucratoare (excl. diviz. 10 11 12), Luna februarie 2025, Procente, 90.5
Industrie extractiva si prelucratoare (excl. industria energetica), Luna ianuarie 2005, Procente, 44.6
Industrie extractiva si prelucratoare (excl. industria energetica), Luna februarie 2005, Procente, 46.5
Industrie extractiva si prelucratoare (excl. industria energetica), Luna martie 2005, Procente, 53.6
Industrie extractiva si prelucratoare (excl. industria energetica), Luna aprilie 2005, Procente, 52.3
Industrie extractiva si prelucratoare (excl. industria energetica), Luna mai 2005, Procente, 51
Industrie extractiva si prelucratoare (excl. industria energetica), Luna iunie 2005, Procente, 54.3
Industrie extractiva si prelucratoare (excl. industria energetica), Luna iulie 2005, Procente, 51
Industrie extractiva si prelucratoare (excl. industria energetica), Luna august 2005, Procente, 49.2
Industrie extractiva si prelucratoare (excl. industria energetica), Luna septembrie 2005, Procente, 56.3
Industrie extractiva si prelucratoare (excl. industria energetica), Luna octombrie 2005, Procente, 55.4
Industrie extractiva si prelucratoare (excl. industria energetica), Luna noiembrie 2005, Procente, 57.6
Industrie extractiva si prelucratoare (excl. industria energetica), Luna decembrie 2005, Procente, 48.7
Industrie extractiva si prelucratoare (excl. industria energetica), Luna ianuarie 2006, Procente, 48.3
Industrie extractiva si prelucratoare (excl. industria energetica), Luna februarie 2006, Procente, 51.5
Industrie extractiva si prelucratoare (excl. industria energetica), Luna martie 2006, Procente, 59.6
Industrie extractiva si prelucratoare (excl. industria energetica), Luna aprilie 2006, Procente, 54.2
Industrie extractiva si prelucratoare (excl. industria energetica), Luna mai 2006, Procente, 61.4
Industrie extractiva si prelucratoare (excl. industria energetica), Luna iunie 2006, Procente, 62.8
Industrie extractiva si prelucratoare (excl. industria energetica), Luna iulie 2006, Procente, 58.7
Industrie extractiva si prelucratoare (excl. industria energetica), Luna august 2006, Procente, 55.1
Industrie extractiva si prelucratoare (excl. industria energetica), Luna septembrie 2006, Procente, 64
Industrie extractiva si prelucratoare (excl. industria energetica), Luna octombrie 2006, Procente, 66
Industrie extractiva si prelucratoare (excl. industria energetica), Luna noiembrie 2006, Procente, 65.6
Industrie extractiva si prelucratoare (excl. industria energetica), Luna decembrie 2006, Procente, 54.3
Industrie extractiva si prelucratoare (excl. industria energetica), Luna ianuarie 2007, Procente, 56.1
Industrie extractiva si prelucratoare (excl. industria energetica), Luna februarie 2007, Procente, 61
Industrie extractiva si prelucratoare (excl. industria energetica), Luna martie 2007, Procente, 70.9
Industrie extractiva si prelucratoare (excl. industria energetica), Luna aprilie 2007, Procente, 61.7
Industrie extractiva si prelucratoare (excl. industria energetica), Luna mai 2007, Procente, 70.1
Industrie extractiva si prelucratoare (excl. industria energetica), Luna iunie 2007, Procente, 68
Industrie extractiva si prelucratoare (excl. industria energetica), Luna iulie 2007, Procente, 67
Industrie extractiva si prelucratoare (excl. industria energetica), Luna august 2007, Procente, 61.1
Industrie extractiva si prelucratoare (excl. industria energetica), Luna septembrie 2007, Procente, 66.2
Industrie extractiva si prelucratoare (excl. industria energetica), Luna octombrie 2007, Procente, 73.8
Industrie extractiva si prelucratoare (excl. industria energetica), Luna noiembrie 2007, Procente, 72
Industrie extractiva si prelucratoare (excl. industria energetica), Luna decembrie 2007, Procente, 59.1
Industrie extractiva si prelucratoare (excl. industria energetica), Luna ianuarie 2008, Procente, 61.8
Industrie extractiva si prelucratoare (excl. industria energetica), Luna februarie 2008, Procente, 69.1
Industrie extractiva si prelucratoare (excl. industria energetica), Luna martie 2008, Procente, 70.8
Industrie extractiva si prelucratoare (excl. industria energetica), Luna aprilie 2008, Procente, 68.4
Industrie extractiva si prelucratoare (excl. industria energetica), Luna mai 2008, Procente, 74
Industrie extractiva si prelucratoare (excl. industria energetica), Luna iunie 2008, Procente, 72.4
Industrie extractiva si prelucratoare (excl. industria energetica), Luna iulie 2008, Procente, 72.8
Industrie extractiva si prelucratoare (excl. industria energetica), Luna august 2008, Procente, 60.5
Industrie extractiva si prelucratoare (excl. industria energetica), Luna septembrie 2008, Procente, 73.1
Industrie extractiva si prelucratoare (excl. industria energetica), Luna octombrie 2008, Procente, 74.7
Industrie extractiva si prelucratoare (excl. industria energetica), Luna noiembrie 2008, Procente, 64.7
Industrie extractiva si prelucratoare (excl. industria energetica), Luna decembrie 2008, Procente, 50.8
Industrie extractiva si prelucratoare (excl. industria energetica), Luna ianuarie 2009, Procente, 50.2
Industrie extractiva si prelucratoare (excl. industria energetica), Luna februarie 2009, Procente, 57.8
Industrie extractiva si prelucratoare (excl. industria energetica), Luna martie 2009, Procente, 63.9
Industrie extractiva si prelucratoare (excl. industria energetica), Luna aprilie 2009, Procente, 61.2
Industrie extractiva si prelucratoare (excl. industria energetica), Luna mai 2009, Procente, 65.5
Industrie extractiva si prelucratoare (excl. industria energetica), Luna iunie 2009, Procente, 68.6
Industrie extractiva si prelucratoare (excl. industria energetica), Luna iulie 2009, Procente, 68.8
Industrie extractiva si prelucratoare (excl. industria energetica), Luna august 2009, Procente, 55.5
Industrie extractiva si prelucratoare (excl. industria energetica), Luna septembrie 2009, Procente, 69.8
Industrie extractiva si prelucratoare (excl. industria energetica), Luna octombrie 2009, Procente, 72.3
Industrie extractiva si prelucratoare (excl. industria energetica), Luna noiembrie 2009, Procente, 68.5
Industrie extractiva si prelucratoare (excl. industria energetica), Luna decembrie 2009, Procente, 56.8
Industrie extractiva si prelucratoare (excl. industria energetica), Luna ianuarie 2010, Procente, 54.4
Industrie extractiva si prelucratoare (excl. industria energetica), Luna februarie 2010, Procente, 58.9
Industrie extractiva si prelucratoare (excl. industria energetica), Luna martie 2010, Procente, 69.1
Industrie extractiva si prelucratoare (excl. industria energetica), Luna aprilie 2010, Procente, 64.5
Industrie extractiva si prelucratoare (excl. industria energetica), Luna mai 2010, Procente, 67.4
Industrie extractiva si prelucratoare (excl. industria energetica), Luna iunie 2010, Procente, 72.1
Industrie extractiva si prelucratoare (excl. industria energetica), Luna iulie 2010, Procente, 70.2
Industrie extractiva si prelucratoare (excl. industria energetica), Luna august 2010, Procente, 56.3
Industrie extractiva si prelucratoare (excl. industria energetica), Luna septembrie 2010, Procente, 74.3
Industrie extractiva si prelucratoare (excl. industria energetica), Luna octombrie 2010, Procente, 75.3
Industrie extractiva si prelucratoare (excl. industria energetica), Luna noiembrie 2010, Procente, 75.9
Industrie extractiva si prelucratoare (excl. industria energetica), Luna decembrie 2010, Procente, 66
Industrie extractiva si prelucratoare (excl. industria energetica), Luna ianuarie 2011, Procente, 63.4
Industrie extractiva si prelucratoare (excl. industria energetica), Luna februarie 2011, Procente, 68.1
Industrie extractiva si prelucratoare (excl. industria energetica), Luna martie 2011, Procente, 78.1
Industrie extractiva si prelucratoare (excl. industria energetica), Luna aprilie 2011, Procente, 68.6
Industrie extractiva si prelucratoare (excl. industria energetica), Luna mai 2011, Procente, 75.7
Industrie extractiva si prelucratoare (excl. industria energetica), Luna iunie 2011, Procente, 74
Industrie extractiva si prelucratoare (excl. industria energetica), Luna iulie 2011, Procente, 73.2
Industrie extractiva si prelucratoare (excl. industria energetica), Luna august 2011, Procente, 66.7
Industrie extractiva si prelucratoare (excl. industria energetica), Luna septembrie 2011, Procente, 79.2
Industrie extractiva si prelucratoare (excl. industria energetica), Luna octombrie 2011, Procente, 78.2
Industrie extractiva si prelucratoare (excl. industria energetica), Luna noiembrie 2011, Procente, 79.9
Industrie extractiva si prelucratoare (excl. industria energetica), Luna decembrie 2011, Procente, 64.8
Industrie extractiva si prelucratoare (excl. industria energetica), Luna ianuarie 2012, Procente, 66.7
Industrie extractiva si prelucratoare (excl. industria energetica), Luna februarie 2012, Procente, 68.4
Industrie extractiva si prelucratoare (excl. industria energetica), Luna martie 2012, Procente, 78.3
Industrie extractiva si prelucratoare (excl. industria energetica), Luna aprilie 2012, Procente, 69.2
Industrie extractiva si prelucratoare (excl. industria energetica), Luna mai 2012, Procente, 80.2
Industrie extractiva si prelucratoare (excl. industria energetica), Luna iunie 2012, Procente, 75.9
Industrie extractiva si prelucratoare (excl. industria energetica), Luna iulie 2012, Procente, 76.3
Industrie extractiva si prelucratoare (excl. industria energetica), Luna august 2012, Procente, 67.8
Industrie extractiva si prelucratoare (excl. industria energetica), Luna septembrie 2012, Procente, 78.6
Industrie extractiva si prelucratoare (excl. industria energetica), Luna octombrie 2012, Procente, 84.1
Industrie extractiva si prelucratoare (excl. industria energetica), Luna noiembrie 2012, Procente, 82.4
Industrie extractiva si prelucratoare (excl. industria energetica), Luna decembrie 2012, Procente, 66.1
Industrie extractiva si prelucratoare (excl. industria energetica), Luna ianuarie 2013, Procente, 71.3
Industrie extractiva si prelucratoare (excl. industria energetica), Luna februarie 2013, Procente, 75.9
Industrie extractiva si prelucratoare (excl. industria energetica), Luna martie 2013, Procente, 80.5
Industrie extractiva si prelucratoare (excl. industria energetica), Luna aprilie 2013, Procente, 85.9
Industrie extractiva si prelucratoare (excl. industria energetica), Luna mai 2013, Procente, 79.7
Industrie extractiva si prelucratoare (excl. industria energetica), Luna iunie 2013, Procente, 80.7
Industrie extractiva si prelucratoare (excl. industria energetica), Luna iulie 2013, Procente, 86.6
Industrie extractiva si prelucratoare (excl. industria energetica), Luna august 2013, Procente, 71
Industrie extractiva si prelucratoare (excl. industria energetica), Luna septembrie 2013, Procente, 87.6
Industrie extractiva si prelucratoare (excl. industria energetica), Luna octombrie 2013, Procente, 93.9
Industrie extractiva si prelucratoare (excl. industria energetica), Luna noiembrie 2013, Procente, 90.7
Industrie extractiva si prelucratoare (excl. industria energetica), Luna decembrie 2013, Procente, 73.7
Industrie extractiva si prelucratoare (excl. industria energetica), Luna ianuarie 2014, Procente, 79.6
Industrie extractiva si prelucratoare (excl. industria energetica), Luna februarie 2014, Procente, 83.4
Industrie extractiva si prelucratoare (excl. industria energetica), Luna martie 2014, Procente, 90.3
Industrie extractiva si prelucratoare (excl. industria energetica), Luna aprilie 2014, Procente, 87.9
Industrie extractiva si prelucratoare (excl. industria energetica), Luna mai 2014, Procente, 91
Industrie extractiva si prelucratoare (excl. industria energetica), Luna iunie 2014, Procente, 90.8
Industrie extractiva si prelucratoare (excl. industria energetica), Luna iulie 2014, Procente, 92.4
Industrie extractiva si prelucratoare (excl. industria energetica), Luna august 2014, Procente, 71.5
Industrie extractiva si prelucratoare (excl. industria energetica), Luna septembrie 2014, Procente, 94.4
Industrie extractiva si prelucratoare (excl. industria energetica), Luna octombrie 2014, Procente, 98.8
Industrie extractiva si prelucratoare (excl. industria energetica), Luna noiembrie 2014, Procente, 91.6
Industrie extractiva si prelucratoare (excl. industria energetica), Luna decembrie 2014, Procente, 77.2
Industrie extractiva si prelucratoare (excl. industria energetica), Luna ianuarie 2015, Procente, 78.6
Industrie extractiva si prelucratoare (excl. industria energetica), Luna februarie 2015, Procente, 84.1
Industrie extractiva si prelucratoare (excl. industria energetica), Luna martie 2015, Procente, 93.6
Industrie extractiva si prelucratoare (excl. industria energetica), Luna aprilie 2015, Procente, 88
Industrie extractiva si prelucratoare (excl. industria energetica), Luna mai 2015, Procente, 91.5
Industrie extractiva si prelucratoare (excl. industria energetica), Luna iunie 2015, Procente, 94.6
Industrie extractiva si prelucratoare (excl. industria energetica), Luna iulie 2015, Procente, 96.6
Industrie extractiva si prelucratoare (excl. industria energetica), Luna august 2015, Procente, 80.6
Industrie extractiva si prelucratoare (excl. industria energetica), Luna septembrie 2015, Procente, 97.7
Industrie extractiva si prelucratoare (excl. industria energetica), Luna octombrie 2015, Procente, 99
Industrie extractiva si prelucratoare (excl. industria energetica), Luna noiembrie 2015, Procente, 94.3
Industrie extractiva si prelucratoare (excl. industria energetica), Luna decembrie 2015, Procente, 81.6
Industrie extractiva si prelucratoare (excl. industria energetica), Luna ianuarie 2016, Procente, 79.2
Industrie extractiva si prelucratoare (excl. industria energetica), Luna februarie 2016, Procente, 89.6
Industrie extractiva si prelucratoare (excl. industria energetica), Luna martie 2016, Procente, 99.9
Industrie extractiva si prelucratoare (excl. industria energetica), Luna aprilie 2016, Procente, 97.7
Industrie extractiva si prelucratoare (excl. industria energetica), Luna mai 2016, Procente, 95.1
Industrie extractiva si prelucratoare (excl. industria energetica), Luna iunie 2016, Procente, 98.3
Industrie extractiva si prelucratoare (excl. industria energetica), Luna iulie 2016, Procente, 94.3
Industrie extractiva si prelucratoare (excl. industria energetica), Luna august 2016, Procente, 87.4
Industrie extractiva si prelucratoare (excl. industria energetica), Luna septembrie 2016, Procente, 101.7
Industrie extractiva si prelucratoare (excl. industria energetica), Luna octombrie 2016, Procente, 100.1
Industrie extractiva si prelucratoare (excl. industria energetica), Luna noiembrie 2016, Procente, 100.3
Industrie extractiva si prelucratoare (excl. industria energetica), Luna decembrie 2016, Procente, 82.1
Industrie extractiva si prelucratoare (excl. industria energetica), Luna ianuarie 2017, Procente, 83.7
Industrie extractiva si prelucratoare (excl. industria energetica), Luna februarie 2017, Procente, 93.4
Industrie extractiva si prelucratoare (excl. industria energetica), Luna martie 2017, Procente, 111.3
Industrie extractiva si prelucratoare (excl. industria energetica), Luna aprilie 2017, Procente, 95.3
Industrie extractiva si prelucratoare (excl. industria energetica), Luna mai 2017, Procente, 111.6
Industrie extractiva si prelucratoare (excl. industria energetica), Luna iunie 2017, Procente, 106
Industrie extractiva si prelucratoare (excl. industria energetica), Luna iulie 2017, Procente, 102.6
Industrie extractiva si prelucratoare (excl. industria energetica), Luna august 2017, Procente, 95
Industrie extractiva si prelucratoare (excl. industria energetica), Luna septembrie 2017, Procente, 108.7
Industrie extractiva si prelucratoare (excl. industria energetica), Luna octombrie 2017, Procente, 113.2
Industrie extractiva si prelucratoare (excl. industria energetica), Luna noiembrie 2017, Procente, 111.4
Industrie extractiva si prelucratoare (excl. industria energetica), Luna decembrie 2017, Procente, 91.8
Industrie extractiva si prelucratoare (excl. industria energetica), Luna ianuarie 2018, Procente, 94.5
Industrie extractiva si prelucratoare (excl. industria energetica), Luna februarie 2018, Procente, 100
Industrie extractiva si prelucratoare (excl. industria energetica), Luna martie 2018, Procente, 111.3
Industrie extractiva si prelucratoare (excl. industria energetica), Luna aprilie 2018, Procente, 101.2
Industrie extractiva si prelucratoare (excl. industria energetica), Luna mai 2018, Procente, 113.3
Industrie extractiva si prelucratoare (excl. industria energetica), Luna iunie 2018, Procente, 112.9
Industrie extractiva si prelucratoare (excl. industria energetica), Luna iulie 2018, Procente, 110.9
Industrie extractiva si prelucratoare (excl. industria energetica), Luna august 2018, Procente, 98.7
Industrie extractiva si prelucratoare (excl. industria energetica), Luna septembrie 2018, Procente, 109.6
Industrie extractiva si prelucratoare (excl. industria energetica), Luna octombrie 2018, Procente, 117.9
Industrie extractiva si prelucratoare (excl. industria energetica), Luna noiembrie 2018, Procente, 115.2
Industrie extractiva si prelucratoare (excl. industria energetica), Luna decembrie 2018, Procente, 90.8
Industrie extractiva si prelucratoare (excl. industria energetica), Luna ianuarie 2019, Procente, 93.9
Industrie extractiva si prelucratoare (excl. industria energetica), Luna februarie 2019, Procente, 102.9
Industrie extractiva si prelucratoare (excl. industria energetica), Luna martie 2019, Procente, 113.1
Industrie extractiva si prelucratoare (excl. industria energetica), Luna aprilie 2019, Procente, 103.2
Industrie extractiva si prelucratoare (excl. industria energetica), Luna mai 2019, Procente, 112.7
Industrie extractiva si prelucratoare (excl. industria energetica), Luna iunie 2019, Procente, 104.3
Industrie extractiva si prelucratoare (excl. industria energetica), Luna iulie 2019, Procente, 108
Industrie extractiva si prelucratoare (excl. industria energetica), Luna august 2019, Procente, 92.3
Industrie extractiva si prelucratoare (excl. industria energetica), Luna septembrie 2019, Procente, 108.6
Industrie extractiva si prelucratoare (excl. industria energetica), Luna octombrie 2019, Procente, 113.8
Industrie extractiva si prelucratoare (excl. industria energetica), Luna noiembrie 2019, Procente, 109.2
Industrie extractiva si prelucratoare (excl. industria energetica), Luna decembrie 2019, Procente, 88.8
Industrie extractiva si prelucratoare (excl. industria energetica), Luna ianuarie 2020, Procente, 92.7
Industrie extractiva si prelucratoare (excl. industria energetica), Luna februarie 2020, Procente, 101
Industrie extractiva si prelucratoare (excl. industria energetica), Luna martie 2020, Procente, 96.8
Industrie extractiva si prelucratoare (excl. industria energetica), Luna aprilie 2020, Procente, 57.1
Industrie extractiva si prelucratoare (excl. industria energetica), Luna mai 2020, Procente, 75.2
Industrie extractiva si prelucratoare (excl. industria energetica), Luna iunie 2020, Procente, 93.1
Industrie extractiva si prelucratoare (excl. industria energetica), Luna iulie 2020, Procente, 100.9
Industrie extractiva si prelucratoare (excl. industria energetica), Luna august 2020, Procente, 88.6
Industrie extractiva si prelucratoare (excl. industria energetica), Luna septembrie 2020, Procente, 109.2
Industrie extractiva si prelucratoare (excl. industria energetica), Luna octombrie 2020, Procente, 112.3
Industrie extractiva si prelucratoare (excl. industria energetica), Luna noiembrie 2020, Procente, 105
Industrie extractiva si prelucratoare (excl. industria energetica), Luna decembrie 2020, Procente, 91.3
Industrie extractiva si prelucratoare (excl. industria energetica), Luna ianuarie 2021, Procente, 88.8
Industrie extractiva si prelucratoare (excl. industria energetica), Luna februarie 2021, Procente, 94.6
Industrie extractiva si prelucratoare (excl. industria energetica), Luna martie 2021, Procente, 108.1
Industrie extractiva si prelucratoare (excl. industria energetica), Luna aprilie 2021, Procente, 104.1
Industrie extractiva si prelucratoare (excl. industria energetica), Luna mai 2021, Procente, 98.9
Industrie extractiva si prelucratoare (excl. industria energetica), Luna iunie 2021, Procente, 103.5
Industrie extractiva si prelucratoare (excl. industria energetica), Luna iulie 2021, Procente, 102.4
Industrie extractiva si prelucratoare (excl. industria energetica), Luna august 2021, Procente, 92.2
Industrie extractiva si prelucratoare (excl. industria energetica), Luna septembrie 2021, Procente, 104.2
Industrie extractiva si prelucratoare (excl. industria energetica), Luna octombrie 2021, Procente, 100.9
Industrie extractiva si prelucratoare (excl. industria energetica), Luna noiembrie 2021, Procente, 106.8
Industrie extractiva si prelucratoare (excl. industria energetica), Luna decembrie 2021, Procente, 95.5
Industrie extractiva si prelucratoare (excl. industria energetica), Luna ianuarie 2022, Procente, 91.9
Industrie extractiva si prelucratoare (excl. industria energetica), Luna februarie 2022, Procente, 99.4
Industrie extractiva si prelucratoare (excl. industria energetica), Luna martie 2022, Procente, 113.3
Industrie extractiva si prelucratoare (excl. industria energetica), Luna aprilie 2022, Procente, 99.8
Industrie extractiva si prelucratoare (excl. industria energetica), Luna mai 2022, Procente, 109.8
Industrie extractiva si prelucratoare (excl. industria energetica), Luna iunie 2022, Procente, 104.7
Industrie extractiva si prelucratoare (excl. industria energetica), Luna iulie 2022, Procente, 103.4
Industrie extractiva si prelucratoare (excl. industria energetica), Luna august 2022, Procente, 93
Industrie extractiva si prelucratoare (excl. industria energetica), Luna septembrie 2022, Procente, 107.3
Industrie extractiva si prelucratoare (excl. industria energetica), Luna octombrie 2022, Procente, 105
Industrie extractiva si prelucratoare (excl. industria energetica), Luna noiembrie 2022, Procente, 106.6
Industrie extractiva si prelucratoare (excl. industria energetica), Luna decembrie 2022, Procente, 86.5
Industrie extractiva si prelucratoare (excl. industria energetica), Luna ianuarie 2023, Procente, 88.4
Industrie extractiva si prelucratoare (excl. industria energetica), Luna februarie 2023, Procente, 96.9
Industrie extractiva si prelucratoare (excl. industria energetica), Luna martie 2023, Procente, 111.8
Industrie extractiva si prelucratoare (excl. industria energetica), Luna aprilie 2023, Procente, 91.4
Industrie extractiva si prelucratoare (excl. industria energetica), Luna mai 2023, Procente, 109.4
Industrie extractiva si prelucratoare (excl. industria energetica), Luna iunie 2023, Procente, 102.7
Industrie extractiva si prelucratoare (excl. industria energetica), Luna iulie 2023, Procente, 100.5
Industrie extractiva si prelucratoare (excl. industria energetica), Luna august 2023, Procente, 90.6
Industrie extractiva si prelucratoare (excl. industria energetica), Luna septembrie 2023, Procente, 106.2
Industrie extractiva si prelucratoare (excl. industria energetica), Luna octombrie 2023, Procente, 106.4
Industrie extractiva si prelucratoare (excl. industria energetica), Luna noiembrie 2023, Procente, 104.2
Industrie extractiva si prelucratoare (excl. industria energetica), Luna decembrie 2023, Procente, 83.5
Industrie extractiva si prelucratoare (excl. industria energetica), Luna ianuarie 2024, Procente, 84.3
Industrie extractiva si prelucratoare (excl. industria energetica), Luna februarie 2024, Procente, 97.6
Industrie extractiva si prelucratoare (excl. industria energetica), Luna martie 2024, Procente, 107.2
Industrie extractiva si prelucratoare (excl. industria energetica), Luna aprilie 2024, Procente, 107.3
Industrie extractiva si prelucratoare (excl. industria energetica), Luna mai 2024, Procente, 96.8
Industrie extractiva si prelucratoare (excl. industria energetica), Luna iunie 2024, Procente, 98.5
Industrie extractiva si prelucratoare (excl. industria energetica), Luna iulie 2024, Procente, 100.8
Industrie extractiva si prelucratoare (excl. industria energetica), Luna august 2024, Procente, 86.6
Industrie extractiva si prelucratoare (excl. industria energetica), Luna septembrie 2024, Procente, 102.1
Industrie extractiva si prelucratoare (excl. industria energetica), Luna octombrie 2024, Procente, 108.1
Industrie extractiva si prelucratoare (excl. industria energetica), Luna noiembrie 2024, Procente, 103.3
Industrie extractiva si prelucratoare (excl. industria energetica), Luna decembrie 2024, Procente, 85
Industrie extractiva si prelucratoare (excl. industria energetica), Luna ianuarie 2025, Procente, 82.5
Industrie extractiva si prelucratoare (excl. industria energetica), Luna februarie 2025, Procente, 91.5
Extractiva si prelucratoare (excl. diviz 5 6 10 11 12 19), Luna ianuarie 2005, Procente, 44.8
Extractiva si prelucratoare (excl. diviz 5 6 10 11 12 19), Luna februarie 2005, Procente, 46.6
Extractiva si prelucratoare (excl. diviz 5 6 10 11 12 19), Luna martie 2005, Procente, 52.3
Extractiva si prelucratoare (excl. diviz 5 6 10 11 12 19), Luna aprilie 2005, Procente, 51.3
Extractiva si prelucratoare (excl. diviz 5 6 10 11 12 19), Luna mai 2005, Procente, 50.8
Extractiva si prelucratoare (excl. diviz 5 6 10 11 12 19), Luna iunie 2005, Procente, 54.3
Extractiva si prelucratoare (excl. diviz 5 6 10 11 12 19), Luna iulie 2005, Procente, 50.7
Extractiva si prelucratoare (excl. diviz 5 6 10 11 12 19), Luna august 2005, Procente, 47.6
Extractiva si prelucratoare (excl. diviz 5 6 10 11 12 19), Luna septembrie 2005, Procente, 55.8
Extractiva si prelucratoare (excl. diviz 5 6 10 11 12 19), Luna octombrie 2005, Procente, 54.2
Extractiva si prelucratoare (excl. diviz 5 6 10 11 12 19), Luna noiembrie 2005, Procente, 56.4
Extractiva si prelucratoare (excl. diviz 5 6 10 11 12 19), Luna decembrie 2005, Procente, 46.3
Extractiva si prelucratoare (excl. diviz 5 6 10 11 12 19), Luna ianuarie 2006, Procente, 48.1
Extractiva si prelucratoare (excl. diviz 5 6 10 11 12 19), Luna februarie 2006, Procente, 52
Extractiva si prelucratoare (excl. diviz 5 6 10 11 12 19), Luna martie 2006, Procente, 60
Extractiva si prelucratoare (excl. diviz 5 6 10 11 12 19), Luna aprilie 2006, Procente, 53.6
Extractiva si prelucratoare (excl. diviz 5 6 10 11 12 19), Luna mai 2006, Procente, 61.4
Extractiva si prelucratoare (excl. diviz 5 6 10 11 12 19), Luna iunie 2006, Procente, 62.5
Extractiva si prelucratoare (excl. diviz 5 6 10 11 12 19), Luna iulie 2006, Procente, 58.1
Extractiva si prelucratoare (excl. diviz 5 6 10 11 12 19), Luna august 2006, Procente, 54.1
Extractiva si prelucratoare (excl. diviz 5 6 10 11 12 19), Luna septembrie 2006, Procente, 64
Extractiva si prelucratoare (excl. diviz 5 6 10 11 12 19), Luna octombrie 2006, Procente, 65.2
Extractiva si prelucratoare (excl. diviz 5 6 10 11 12 19), Luna noiembrie 2006, Procente, 64.6
Extractiva si prelucratoare (excl. diviz 5 6 10 11 12 19), Luna decembrie 2006, Procente, 52.4
Extractiva si prelucratoare (excl. diviz 5 6 10 11 12 19), Luna ianuarie 2007, Procente, 56.1
Extractiva si prelucratoare (excl. diviz 5 6 10 11 12 19), Luna februarie 2007, Procente, 61.3
Extractiva si prelucratoare (excl. diviz 5 6 10 11 12 19), Luna martie 2007, Procente, 71.2
Extractiva si prelucratoare (excl. diviz 5 6 10 11 12 19), Luna aprilie 2007, Procente, 60.9
Extractiva si prelucratoare (excl. diviz 5 6 10 11 12 19), Luna mai 2007, Procente, 69.7
Extractiva si prelucratoare (excl. diviz 5 6 10 11 12 19), Luna iunie 2007, Procente, 66.8
Extractiva si prelucratoare (excl. diviz 5 6 10 11 12 19), Luna iulie 2007, Procente, 65.4
Extractiva si prelucratoare (excl. diviz 5 6 10 11 12 19), Luna august 2007, Procente, 58.1
Extractiva si prelucratoare (excl. diviz 5 6 10 11 12 19), Luna septembrie 2007, Procente, 64.3
Extractiva si prelucratoare (excl. diviz 5 6 10 11 12 19), Luna octombrie 2007, Procente, 72.8
Extractiva si prelucratoare (excl. diviz 5 6 10 11 12 19), Luna noiembrie 2007, Procente, 71.4
Extractiva si prelucratoare (excl. diviz 5 6 10 11 12 19), Luna decembrie 2007, Procente, 56.6
Extractiva si prelucratoare (excl. diviz 5 6 10 11 12 19), Luna ianuarie 2008, Procente, 61.4
Extractiva si prelucratoare (excl. diviz 5 6 10 11 12 19), Luna februarie 2008, Procente, 69.9
Extractiva si prelucratoare (excl. diviz 5 6 10 11 12 19), Luna martie 2008, Procente, 70.5
Extractiva si prelucratoare (excl. diviz 5 6 10 11 12 19), Luna aprilie 2008, Procente, 66.9
Extractiva si prelucratoare (excl. diviz 5 6 10 11 12 19), Luna mai 2008, Procente, 73.2
Extractiva si prelucratoare (excl. diviz 5 6 10 11 12 19), Luna iunie 2008, Procente, 71.7
Extractiva si prelucratoare (excl. diviz 5 6 10 11 12 19), Luna iulie 2008, Procente, 71.8
Extractiva si prelucratoare (excl. diviz 5 6 10 11 12 19), Luna august 2008, Procente, 57.8
Extractiva si prelucratoare (excl. diviz 5 6 10 11 12 19), Luna septembrie 2008, Procente, 71.6
Extractiva si prelucratoare (excl. diviz 5 6 10 11 12 19), Luna octombrie 2008, Procente, 72.6
Extractiva si prelucratoare (excl. diviz 5 6 10 11 12 19), Luna noiembrie 2008, Procente, 61.7
Extractiva si prelucratoare (excl. diviz 5 6 10 11 12 19), Luna decembrie 2008, Procente, 45.7
Extractiva si prelucratoare (excl. diviz 5 6 10 11 12 19), Luna ianuarie 2009, Procente, 48.3
Extractiva si prelucratoare (excl. diviz 5 6 10 11 12 19), Luna februarie 2009, Procente, 56.8
Extractiva si prelucratoare (excl. diviz 5 6 10 11 12 19), Luna martie 2009, Procente, 62.8
Extractiva si prelucratoare (excl. diviz 5 6 10 11 12 19), Luna aprilie 2009, Procente, 59
Extractiva si prelucratoare (excl. diviz 5 6 10 11 12 19), Luna mai 2009, Procente, 63.9
Extractiva si prelucratoare (excl. diviz 5 6 10 11 12 19), Luna iunie 2009, Procente, 66.4
Extractiva si prelucratoare (excl. diviz 5 6 10 11 12 19), Luna iulie 2009, Procente, 67.4
Extractiva si prelucratoare (excl. diviz 5 6 10 11 12 19), Luna august 2009, Procente, 52.7
Extractiva si prelucratoare (excl. diviz 5 6 10 11 12 19), Luna septembrie 2009, Procente, 68.3
Extractiva si prelucratoare (excl. diviz 5 6 10 11 12 19), Luna octombrie 2009, Procente, 70.5
Extractiva si prelucratoare (excl. diviz 5 6 10 11 12 19), Luna noiembrie 2009, Procente, 66.7
Extractiva si prelucratoare (excl. diviz 5 6 10 11 12 19), Luna decembrie 2009, Procente, 52.8
Extractiva si prelucratoare (excl. diviz 5 6 10 11 12 19), Luna ianuarie 2010, Procente, 54.4
Extractiva si prelucratoare (excl. diviz 5 6 10 11 12 19), Luna februarie 2010, Procente, 59.1
Extractiva si prelucratoare (excl. diviz 5 6 10 11 12 19), Luna martie 2010, Procente, 68.5
Extractiva si prelucratoare (excl. diviz 5 6 10 11 12 19), Luna aprilie 2010, Procente, 64.2
Extractiva si prelucratoare (excl. diviz 5 6 10 11 12 19), Luna mai 2010, Procente, 67
Extractiva si prelucratoare (excl. diviz 5 6 10 11 12 19), Luna iunie 2010, Procente, 72.2
Extractiva si prelucratoare (excl. diviz 5 6 10 11 12 19), Luna iulie 2010, Procente, 69.9
Extractiva si prelucratoare (excl. diviz 5 6 10 11 12 19), Luna august 2010, Procente, 54.6
Extractiva si prelucratoare (excl. diviz 5 6 10 11 12 19), Luna septembrie 2010, Procente, 74.1
Extractiva si prelucratoare (excl. diviz 5 6 10 11 12 19), Luna octombrie 2010, Procente, 74.7
Extractiva si prelucratoare (excl. diviz 5 6 10 11 12 19), Luna noiembrie 2010, Procente, 75.1
Extractiva si prelucratoare (excl. diviz 5 6 10 11 12 19), Luna decembrie 2010, Procente, 64.8
Extractiva si prelucratoare (excl. diviz 5 6 10 11 12 19), Luna ianuarie 2011, Procente, 64.2
Extractiva si prelucratoare (excl. diviz 5 6 10 11 12 19), Luna februarie 2011, Procente, 69
Extractiva si prelucratoare (excl. diviz 5 6 10 11 12 19), Luna martie 2011, Procente, 79
Extractiva si prelucratoare (excl. diviz 5 6 10 11 12 19), Luna aprilie 2011, Procente, 68.2
Extractiva si prelucratoare (excl. diviz 5 6 10 11 12 19), Luna mai 2011, Procente, 75.9
Extractiva si prelucratoare (excl. diviz 5 6 10 11 12 19), Luna iunie 2011, Procente, 74
Extractiva si prelucratoare (excl. diviz 5 6 10 11 12 19), Luna iulie 2011, Procente, 73.2
Extractiva si prelucratoare (excl. diviz 5 6 10 11 12 19), Luna august 2011, Procente, 65.7
Extractiva si prelucratoare (excl. diviz 5 6 10 11 12 19), Luna septembrie 2011, Procente, 79
Extractiva si prelucratoare (excl. diviz 5 6 10 11 12 19), Luna octombrie 2011, Procente, 77.6
Extractiva si prelucratoare (excl. diviz 5 6 10 11 12 19), Luna noiembrie 2011, Procente, 78.8
Extractiva si prelucratoare (excl. diviz 5 6 10 11 12 19), Luna decembrie 2011, Procente, 63.6
Extractiva si prelucratoare (excl. diviz 5 6 10 11 12 19), Luna ianuarie 2012, Procente, 67.8
Extractiva si prelucratoare (excl. diviz 5 6 10 11 12 19), Luna februarie 2012, Procente, 69.4
Extractiva si prelucratoare (excl. diviz 5 6 10 11 12 19), Luna martie 2012, Procente, 78.7
Extractiva si prelucratoare (excl. diviz 5 6 10 11 12 19), Luna aprilie 2012, Procente, 69.1
Extractiva si prelucratoare (excl. diviz 5 6 10 11 12 19), Luna mai 2012, Procente, 80.6
Extractiva si prelucratoare (excl. diviz 5 6 10 11 12 19), Luna iunie 2012, Procente, 76.4
Extractiva si prelucratoare (excl. diviz 5 6 10 11 12 19), Luna iulie 2012, Procente, 76.4
Extractiva si prelucratoare (excl. diviz 5 6 10 11 12 19), Luna august 2012, Procente, 66.7
Extractiva si prelucratoare (excl. diviz 5 6 10 11 12 19), Luna septembrie 2012, Procente, 78.3
Extractiva si prelucratoare (excl. diviz 5 6 10 11 12 19), Luna octombrie 2012, Procente, 83.9
Extractiva si prelucratoare (excl. diviz 5 6 10 11 12 19), Luna noiembrie 2012, Procente, 81.9
Extractiva si prelucratoare (excl. diviz 5 6 10 11 12 19), Luna decembrie 2012, Procente, 65.4
Extractiva si prelucratoare (excl. diviz 5 6 10 11 12 19), Luna ianuarie 2013, Procente, 72.4
Extractiva si prelucratoare (excl. diviz 5 6 10 11 12 19), Luna februarie 2013, Procente, 77.8
Extractiva si prelucratoare (excl. diviz 5 6 10 11 12 19), Luna martie 2013, Procente, 81.7
Extractiva si prelucratoare (excl. diviz 5 6 10 11 12 19), Luna aprilie 2013, Procente, 86.6
Extractiva si prelucratoare (excl. diviz 5 6 10 11 12 19), Luna mai 2013, Procente, 80
Extractiva si prelucratoare (excl. diviz 5 6 10 11 12 19), Luna iunie 2013, Procente, 81.4
Extractiva si prelucratoare (excl. diviz 5 6 10 11 12 19), Luna iulie 2013, Procente, 87.7
Extractiva si prelucratoare (excl. diviz 5 6 10 11 12 19), Luna august 2013, Procente, 69.9
Extractiva si prelucratoare (excl. diviz 5 6 10 11 12 19), Luna septembrie 2013, Procente, 88.1
Extractiva si prelucratoare (excl. diviz 5 6 10 11 12 19), Luna octombrie 2013, Procente, 94.2
Extractiva si prelucratoare (excl. diviz 5 6 10 11 12 19), Luna noiembrie 2013, Procente, 90.7
Extractiva si prelucratoare (excl. diviz 5 6 10 11 12 19), Luna decembrie 2013, Procente, 72.4
Extractiva si prelucratoare (excl. diviz 5 6 10 11 12 19), Luna ianuarie 2014, Procente, 81.3
Extractiva si prelucratoare (excl. diviz 5 6 10 11 12 19), Luna februarie 2014, Procente, 85.6
Extractiva si prelucratoare (excl. diviz 5 6 10 11 12 19), Luna martie 2014, Procente, 92.3
Extractiva si prelucratoare (excl. diviz 5 6 10 11 12 19), Luna aprilie 2014, Procente, 88.6
Extractiva si prelucratoare (excl. diviz 5 6 10 11 12 19), Luna mai 2014, Procente, 92
Extractiva si prelucratoare (excl. diviz 5 6 10 11 12 19), Luna iunie 2014, Procente, 91.7
Extractiva si prelucratoare (excl. diviz 5 6 10 11 12 19), Luna iulie 2014, Procente, 93.8
Extractiva si prelucratoare (excl. diviz 5 6 10 11 12 19), Luna august 2014, Procente, 71.1
Extractiva si prelucratoare (excl. diviz 5 6 10 11 12 19), Luna septembrie 2014, Procente, 95.6
Extractiva si prelucratoare (excl. diviz 5 6 10 11 12 19), Luna octombrie 2014, Procente, 99.3
Extractiva si prelucratoare (excl. diviz 5 6 10 11 12 19), Luna noiembrie 2014, Procente, 92.1
Extractiva si prelucratoare (excl. diviz 5 6 10 11 12 19), Luna decembrie 2014, Procente, 75.9
Extractiva si prelucratoare (excl. diviz 5 6 10 11 12 19), Luna ianuarie 2015, Procente, 79.7
Extractiva si prelucratoare (excl. diviz 5 6 10 11 12 19), Luna februarie 2015, Procente, 86.4
Extractiva si prelucratoare (excl. diviz 5 6 10 11 12 19), Luna martie 2015, Procente, 95.3
Extractiva si prelucratoare (excl. diviz 5 6 10 11 12 19), Luna aprilie 2015, Procente, 88.9
Extractiva si prelucratoare (excl. diviz 5 6 10 11 12 19), Luna mai 2015, Procente, 92.5
Extractiva si prelucratoare (excl. diviz 5 6 10 11 12 19), Luna iunie 2015, Procente, 95.6
Extractiva si prelucratoare (excl. diviz 5 6 10 11 12 19), Luna iulie 2015, Procente, 97.2
Extractiva si prelucratoare (excl. diviz 5 6 10 11 12 19), Luna august 2015, Procente, 79.1
Extractiva si prelucratoare (excl. diviz 5 6 10 11 12 19), Luna septembrie 2015, Procente, 98.4
Extractiva si prelucratoare (excl. diviz 5 6 10 11 12 19), Luna octombrie 2015, Procente, 99.3
Extractiva si prelucratoare (excl. diviz 5 6 10 11 12 19), Luna noiembrie 2015, Procente, 94.2
Extractiva si prelucratoare (excl. diviz 5 6 10 11 12 19), Luna decembrie 2015, Procente, 80.6
Extractiva si prelucratoare (excl. diviz 5 6 10 11 12 19), Luna ianuarie 2016, Procente, 80.2
Extractiva si prelucratoare (excl. diviz 5 6 10 11 12 19), Luna februarie 2016, Procente, 91.2
Extractiva si prelucratoare (excl. diviz 5 6 10 11 12 19), Luna martie 2016, Procente, 101.3
Extractiva si prelucratoare (excl. diviz 5 6 10 11 12 19), Luna aprilie 2016, Procente, 97.1
Extractiva si prelucratoare (excl. diviz 5 6 10 11 12 19), Luna mai 2016, Procente, 95.6
Extractiva si prelucratoare (excl. diviz 5 6 10 11 12 19), Luna iunie 2016, Procente, 98.3
Extractiva si prelucratoare (excl. diviz 5 6 10 11 12 19), Luna iulie 2016, Procente, 93.7
Extractiva si prelucratoare (excl. diviz 5 6 10 11 12 19), Luna august 2016, Procente, 86.1
Extractiva si prelucratoare (excl. diviz 5 6 10 11 12 19), Luna septembrie 2016, Procente, 102.3
Extractiva si prelucratoare (excl. diviz 5 6 10 11 12 19), Luna octombrie 2016, Procente, 100.2
Extractiva si prelucratoare (excl. diviz 5 6 10 11 12 19), Luna noiembrie 2016, Procente, 100.5
Extractiva si prelucratoare (excl. diviz 5 6 10 11 12 19), Luna decembrie 2016, Procente, 80.9
Extractiva si prelucratoare (excl. diviz 5 6 10 11 12 19), Luna ianuarie 2017, Procente, 84.9
Extractiva si prelucratoare (excl. diviz 5 6 10 11 12 19), Luna februarie 2017, Procente, 95.2
Extractiva si prelucratoare (excl. diviz 5 6 10 11 12 19), Luna martie 2017, Procente, 112.8
Extractiva si prelucratoare (excl. diviz 5 6 10 11 12 19), Luna aprilie 2017, Procente, 95.6
Extractiva si prelucratoare (excl. diviz 5 6 10 11 12 19), Luna mai 2017, Procente, 113.1
Extractiva si prelucratoare (excl. diviz 5 6 10 11 12 19), Luna iunie 2017, Procente, 107.4
Extractiva si prelucratoare (excl. diviz 5 6 10 11 12 19), Luna iulie 2017, Procente, 103.4
Extractiva si prelucratoare (excl. diviz 5 6 10 11 12 19), Luna august 2017, Procente, 93.9
Extractiva si prelucratoare (excl. diviz 5 6 10 11 12 19), Luna septembrie 2017, Procente, 110
Extractiva si prelucratoare (excl. diviz 5 6 10 11 12 19), Luna octombrie 2017, Procente, 114
Extractiva si prelucratoare (excl. diviz 5 6 10 11 12 19), Luna noiembrie 2017, Procente, 112.2
Extractiva si prelucratoare (excl. diviz 5 6 10 11 12 19), Luna decembrie 2017, Procente, 91.8
Extractiva si prelucratoare (excl. diviz 5 6 10 11 12 19), Luna ianuarie 2018, Procente, 96.1
Extractiva si prelucratoare (excl. diviz 5 6 10 11 12 19), Luna februarie 2018, Procente, 102.2
Extractiva si prelucratoare (excl. diviz 5 6 10 11 12 19), Luna martie 2018, Procente, 112.9
Extractiva si prelucratoare (excl. diviz 5 6 10 11 12 19), Luna aprilie 2018, Procente, 102.6
Extractiva si prelucratoare (excl. diviz 5 6 10 11 12 19), Luna mai 2018, Procente, 114.6
Extractiva si prelucratoare (excl. diviz 5 6 10 11 12 19), Luna iunie 2018, Procente, 114.8
Extractiva si prelucratoare (excl. diviz 5 6 10 11 12 19), Luna iulie 2018, Procente, 112.6
Extractiva si prelucratoare (excl. diviz 5 6 10 11 12 19), Luna august 2018, Procente, 98.2
Extractiva si prelucratoare (excl. diviz 5 6 10 11 12 19), Luna septembrie 2018, Procente, 110.9
Extractiva si prelucratoare (excl. diviz 5 6 10 11 12 19), Luna octombrie 2018, Procente, 119.3
Extractiva si prelucratoare (excl. diviz 5 6 10 11 12 19), Luna noiembrie 2018, Procente, 116.6
Extractiva si prelucratoare (excl. diviz 5 6 10 11 12 19), Luna decembrie 2018, Procente, 90.8
Extractiva si prelucratoare (excl. diviz 5 6 10 11 12 19), Luna ianuarie 2019, Procente, 95.3
Extractiva si prelucratoare (excl. diviz 5 6 10 11 12 19), Luna februarie 2019, Procente, 105.5
Extractiva si prelucratoare (excl. diviz 5 6 10 11 12 19), Luna martie 2019, Procente, 115.7
Extractiva si prelucratoare (excl. diviz 5 6 10 11 12 19), Luna aprilie 2019, Procente, 104.1
Extractiva si prelucratoare (excl. diviz 5 6 10 11 12 19), Luna mai 2019, Procente, 113.7
Extractiva si prelucratoare (excl. diviz 5 6 10 11 12 19), Luna iunie 2019, Procente, 105
Extractiva si prelucratoare (excl. diviz 5 6 10 11 12 19), Luna iulie 2019, Procente, 108.3
Extractiva si prelucratoare (excl. diviz 5 6 10 11 12 19), Luna august 2019, Procente, 91.2
Extractiva si prelucratoare (excl. diviz 5 6 10 11 12 19), Luna septembrie 2019, Procente, 109.3
Extractiva si prelucratoare (excl. diviz 5 6 10 11 12 19), Luna octombrie 2019, Procente, 114.4
Extractiva si prelucratoare (excl. diviz 5 6 10 11 12 19), Luna noiembrie 2019, Procente, 110
Extractiva si prelucratoare (excl. diviz 5 6 10 11 12 19), Luna decembrie 2019, Procente, 87.8
Extractiva si prelucratoare (excl. diviz 5 6 10 11 12 19), Luna ianuarie 2020, Procente, 93.7
Extractiva si prelucratoare (excl. diviz 5 6 10 11 12 19), Luna februarie 2020, Procente, 102.8
Extractiva si prelucratoare (excl. diviz 5 6 10 11 12 19), Luna martie 2020, Procente, 96.4
Extractiva si prelucratoare (excl. diviz 5 6 10 11 12 19), Luna aprilie 2020, Procente, 53.8
Extractiva si prelucratoare (excl. diviz 5 6 10 11 12 19), Luna mai 2020, Procente, 73.1
Extractiva si prelucratoare (excl. diviz 5 6 10 11 12 19), Luna iunie 2020, Procente, 92.1
Extractiva si prelucratoare (excl. diviz 5 6 10 11 12 19), Luna iulie 2020, Procente, 99.9
Extractiva si prelucratoare (excl. diviz 5 6 10 11 12 19), Luna august 2020, Procente, 87.2
Extractiva si prelucratoare (excl. diviz 5 6 10 11 12 19), Luna septembrie 2020, Procente, 109.8
Extractiva si prelucratoare (excl. diviz 5 6 10 11 12 19), Luna octombrie 2020, Procente, 113.7
Extractiva si prelucratoare (excl. diviz 5 6 10 11 12 19), Luna noiembrie 2020, Procente, 106
Extractiva si prelucratoare (excl. diviz 5 6 10 11 12 19), Luna decembrie 2020, Procente, 91.1
Extractiva si prelucratoare (excl. diviz 5 6 10 11 12 19), Luna ianuarie 2021, Procente, 89.5
Extractiva si prelucratoare (excl. diviz 5 6 10 11 12 19), Luna februarie 2021, Procente, 95.8
Extractiva si prelucratoare (excl. diviz 5 6 10 11 12 19), Luna martie 2021, Procente, 109.3
Extractiva si prelucratoare (excl. diviz 5 6 10 11 12 19), Luna aprilie 2021, Procente, 104.5
Extractiva si prelucratoare (excl. diviz 5 6 10 11 12 19), Luna mai 2021, Procente, 99.1
Extractiva si prelucratoare (excl. diviz 5 6 10 11 12 19), Luna iunie 2021, Procente, 103.5
Extractiva si prelucratoare (excl. diviz 5 6 10 11 12 19), Luna iulie 2021, Procente, 101.7
Extractiva si prelucratoare (excl. diviz 5 6 10 11 12 19), Luna august 2021, Procente, 89.9
Extractiva si prelucratoare (excl. diviz 5 6 10 11 12 19), Luna septembrie 2021, Procente, 103.9
Extractiva si prelucratoare (excl. diviz 5 6 10 11 12 19), Luna octombrie 2021, Procente, 100.6
Extractiva si prelucratoare (excl. diviz 5 6 10 11 12 19), Luna noiembrie 2021, Procente, 107
Extractiva si prelucratoare (excl. diviz 5 6 10 11 12 19), Luna decembrie 2021, Procente, 95.1
Extractiva si prelucratoare (excl. diviz 5 6 10 11 12 19), Luna ianuarie 2022, Procente, 92.7
Extractiva si prelucratoare (excl. diviz 5 6 10 11 12 19), Luna februarie 2022, Procente, 100.9
Extractiva si prelucratoare (excl. diviz 5 6 10 11 12 19), Luna martie 2022, Procente, 114.6
Extractiva si prelucratoare (excl. diviz 5 6 10 11 12 19), Luna aprilie 2022, Procente, 99.7
Extractiva si prelucratoare (excl. diviz 5 6 10 11 12 19), Luna mai 2022, Procente, 109.7
Extractiva si prelucratoare (excl. diviz 5 6 10 11 12 19), Luna iunie 2022, Procente, 104.7
Extractiva si prelucratoare (excl. diviz 5 6 10 11 12 19), Luna iulie 2022, Procente, 102.9
Extractiva si prelucratoare (excl. diviz 5 6 10 11 12 19), Luna august 2022, Procente, 90.8
Extractiva si prelucratoare (excl. diviz 5 6 10 11 12 19), Luna septembrie 2022, Procente, 107.5
Extractiva si prelucratoare (excl. diviz 5 6 10 11 12 19), Luna octombrie 2022, Procente, 105.2
Extractiva si prelucratoare (excl. diviz 5 6 10 11 12 19), Luna noiembrie 2022, Procente, 106.3
Extractiva si prelucratoare (excl. diviz 5 6 10 11 12 19), Luna decembrie 2022, Procente, 85.3
Extractiva si prelucratoare (excl. diviz 5 6 10 11 12 19), Luna ianuarie 2023, Procente, 88.3
Extractiva si prelucratoare (excl. diviz 5 6 10 11 12 19), Luna februarie 2023, Procente, 97.6
Extractiva si prelucratoare (excl. diviz 5 6 10 11 12 19), Luna martie 2023, Procente, 112.4
Extractiva si prelucratoare (excl. diviz 5 6 10 11 12 19), Luna aprilie 2023, Procente, 90.5
Extractiva si prelucratoare (excl. diviz 5 6 10 11 12 19), Luna mai 2023, Procente, 109.3
Extractiva si prelucratoare (excl. diviz 5 6 10 11 12 19), Luna iunie 2023, Procente, 102.1
Extractiva si prelucratoare (excl. diviz 5 6 10 11 12 19), Luna iulie 2023, Procente, 99.3
Extractiva si prelucratoare (excl. diviz 5 6 10 11 12 19), Luna august 2023, Procente, 87.5
Extractiva si prelucratoare (excl. diviz 5 6 10 11 12 19), Luna septembrie 2023, Procente, 105.9
Extractiva si prelucratoare (excl. diviz 5 6 10 11 12 19), Luna octombrie 2023, Procente, 105.4
Extractiva si prelucratoare (excl. diviz 5 6 10 11 12 19), Luna noiembrie 2023, Procente, 102.6
Extractiva si prelucratoare (excl. diviz 5 6 10 11 12 19), Luna decembrie 2023, Procente, 81.5
Extractiva si prelucratoare (excl. diviz 5 6 10 11 12 19), Luna ianuarie 2024, Procente, 83
Extractiva si prelucratoare (excl. diviz 5 6 10 11 12 19), Luna februarie 2024, Procente, 97.5
Extractiva si prelucratoare (excl. diviz 5 6 10 11 12 19), Luna martie 2024, Procente, 107.3
Extractiva si prelucratoare (excl. diviz 5 6 10 11 12 19), Luna aprilie 2024, Procente, 106.1
Extractiva si prelucratoare (excl. diviz 5 6 10 11 12 19), Luna mai 2024, Procente, 94.8
Extractiva si prelucratoare (excl. diviz 5 6 10 11 12 19), Luna iunie 2024, Procente, 96.7
Extractiva si prelucratoare (excl. diviz 5 6 10 11 12 19), Luna iulie 2024, Procente, 98.1
Extractiva si prelucratoare (excl. diviz 5 6 10 11 12 19), Luna august 2024, Procente, 82.4
Extractiva si prelucratoare (excl. diviz 5 6 10 11 12 19), Luna septembrie 2024, Procente, 100.2
Extractiva si prelucratoare (excl. diviz 5 6 10 11 12 19), Luna octombrie 2024, Procente, 106.1
Extractiva si prelucratoare (excl. diviz 5 6 10 11 12 19), Luna noiembrie 2024, Procente, 101.7
Extractiva si prelucratoare (excl. diviz 5 6 10 11 12 19), Luna decembrie 2024, Procente, 82.8
Extractiva si prelucratoare (excl. diviz 5 6 10 11 12 19), Luna ianuarie 2025, Procente, 80.3
Extractiva si prelucratoare (excl. diviz 5 6 10 11 12 19), Luna februarie 2025, Procente, 90.3
Industria bunurilor de consum, Luna ianuarie 2005, Procente, 78.6
Industria bunurilor de consum, Luna februarie 2005, Procente, 83
Industria bunurilor de consum, Luna martie 2005, Procente, 95.6
Industria bunurilor de consum, Luna aprilie 2005, Procente, 91.7
Industria bunurilor de consum, Luna mai 2005, Procente, 85.5
Industria bunurilor de consum, Luna iunie 2005, Procente, 91.3
Industria bunurilor de consum, Luna iulie 2005, Procente, 84.8
Industria bunurilor de consum, Luna august 2005, Procente, 86.8
Industria bunurilor de consum, Luna septembrie 2005, Procente, 92.8
Industria bunurilor de consum, Luna octombrie 2005, Procente, 93
Industria bunurilor de consum, Luna noiembrie 2005, Procente, 97.9
Industria bunurilor de consum, Luna decembrie 2005, Procente, 90.6
Industria bunurilor de consum, Luna ianuarie 2006, Procente, 84.4
Industria bunurilor de consum, Luna februarie 2006, Procente, 87.4
Industria bunurilor de consum, Luna martie 2006, Procente, 98.2
Industria bunurilor de consum, Luna aprilie 2006, Procente, 88.4
Industria bunurilor de consum, Luna mai 2006, Procente, 97.4
Industria bunurilor de consum, Luna iunie 2006, Procente, 101.5
Industria bunurilor de consum, Luna iulie 2006, Procente, 94.2
Industria bunurilor de consum, Luna august 2006, Procente, 89.2
Industria bunurilor de consum, Luna septembrie 2006, Procente, 96.6
Industria bunurilor de consum, Luna octombrie 2006, Procente, 102.7
Industria bunurilor de consum, Luna noiembrie 2006, Procente, 104.3
Industria bunurilor de consum, Luna decembrie 2006, Procente, 91.9
Industria bunurilor de consum, Luna ianuarie 2007, Procente, 90
Industria bunurilor de consum, Luna februarie 2007, Procente, 95.9
Industria bunurilor de consum, Luna martie 2007, Procente, 107.5
Industria bunurilor de consum, Luna aprilie 2007, Procente, 93.5
Industria bunurilor de consum, Luna mai 2007, Procente, 106.3
Industria bunurilor de consum, Luna iunie 2007, Procente, 101.8
Industria bunurilor de consum, Luna iulie 2007, Procente, 102.2
Industria bunurilor de consum, Luna august 2007, Procente, 98.8
Industria bunurilor de consum, Luna septembrie 2007, Procente, 101
Industria bunurilor de consum, Luna octombrie 2007, Procente, 107.5
Industria bunurilor de consum, Luna noiembrie 2007, Procente, 106.8
Industria bunurilor de consum, Luna decembrie 2007, Procente, 93
Industria bunurilor de consum, Luna ianuarie 2008, Procente, 92.4
Industria bunurilor de consum, Luna februarie 2008, Procente, 98.6
Industria bunurilor de consum, Luna martie 2008, Procente, 103.5
Industria bunurilor de consum, Luna aprilie 2008, Procente, 104.9
Industria bunurilor de consum, Luna mai 2008, Procente, 107.1
Industria bunurilor de consum, Luna iunie 2008, Procente, 103.8
Industria bunurilor de consum, Luna iulie 2008, Procente, 103.6
Industria bunurilor de consum, Luna august 2008, Procente, 92.6
Industria bunurilor de consum, Luna septembrie 2008, Procente, 105.1
Industria bunurilor de consum, Luna octombrie 2008, Procente, 110.1
Industria bunurilor de consum, Luna noiembrie 2008, Procente, 104.4
Industria bunurilor de consum, Luna decembrie 2008, Procente, 94.8
Industria bunurilor de consum, Luna ianuarie 2009, Procente, 83.3
Industria bunurilor de consum, Luna februarie 2009, Procente, 87.5
Industria bunurilor de consum, Luna martie 2009, Procente, 92.5
Industria bunurilor de consum, Luna aprilie 2009, Procente, 91.7
Industria bunurilor de consum, Luna mai 2009, Procente, 93.7
Industria bunurilor de consum, Luna iunie 2009, Procente, 97.8
Industria bunurilor de consum, Luna iulie 2009, Procente, 93.5
Industria bunurilor de consum, Luna august 2009, Procente, 84
Industria bunurilor de consum, Luna septembrie 2009, Procente, 94.9
Industria bunurilor de consum, Luna octombrie 2009, Procente, 99.9
Industria bunurilor de consum, Luna noiembrie 2009, Procente, 95.7
Industria bunurilor de consum, Luna decembrie 2009, Procente, 90.9
Industria bunurilor de consum, Luna ianuarie 2010, Procente, 74.6
Industria bunurilor de consum, Luna februarie 2010, Procente, 79.5
Industria bunurilor de consum, Luna martie 2010, Procente, 94.6
Industria bunurilor de consum, Luna aprilie 2010, Procente, 84.9
Industria bunurilor de consum, Luna mai 2010, Procente, 88
Industria bunurilor de consum, Luna iunie 2010, Procente, 91.6
Industria bunurilor de consum, Luna iulie 2010, Procente, 92.1
Industria bunurilor de consum, Luna august 2010, Procente, 84.2
Industria bunurilor de consum, Luna septembrie 2010, Procente, 95.9
Industria bunurilor de consum, Luna octombrie 2010, Procente, 100.1
Industria bunurilor de consum, Luna noiembrie 2010, Procente, 102.4
Industria bunurilor de consum, Luna decembrie 2010, Procente, 87.9
Industria bunurilor de consum, Luna ianuarie 2011, Procente, 82.4
Industria bunurilor de consum, Luna februarie 2011, Procente, 86.3
Industria bunurilor de consum, Luna martie 2011, Procente, 96.5
Industria bunurilor de consum, Luna aprilie 2011, Procente, 88
Industria bunurilor de consum, Luna mai 2011, Procente, 94.7
Industria bunurilor de consum, Luna iunie 2011, Procente, 93.4
Industria bunurilor de consum, Luna iulie 2011, Procente, 93.1
Industria bunurilor de consum, Luna august 2011, Procente, 89.3
Industria bunurilor de consum, Luna septembrie 2011, Procente, 98.9
Industria bunurilor de consum, Luna octombrie 2011, Procente, 97.9
Industria bunurilor de consum, Luna noiembrie 2011, Procente, 101.9
Industria bunurilor de consum, Luna decembrie 2011, Procente, 85.1
Industria bunurilor de consum, Luna ianuarie 2012, Procente, 81.4
Industria bunurilor de consum, Luna februarie 2012, Procente, 85.2
Industria bunurilor de consum, Luna martie 2012, Procente, 98.2
Industria bunurilor de consum, Luna aprilie 2012, Procente, 85.8
Industria bunurilor de consum, Luna mai 2012, Procente, 98.4
Industria bunurilor de consum, Luna iunie 2012, Procente, 92.3
Industria bunurilor de consum, Luna iulie 2012, Procente, 93.9
Industria bunurilor de consum, Luna august 2012, Procente, 89.5
Industria bunurilor de consum, Luna septembrie 2012, Procente, 96.5
Industria bunurilor de consum, Luna octombrie 2012, Procente, 104.6
Industria bunurilor de consum, Luna noiembrie 2012, Procente, 104.4
Industria bunurilor de consum, Luna decembrie 2012, Procente, 80.9
Industria bunurilor de consum, Luna ianuarie 2013, Procente, 87.6
Industria bunurilor de consum, Luna februarie 2013, Procente, 89.4
Industria bunurilor de consum, Luna martie 2013, Procente, 97.2
Industria bunurilor de consum, Luna aprilie 2013, Procente, 101.4
Industria bunurilor de consum, Luna mai 2013, Procente, 96
Industria bunurilor de consum, Luna iunie 2013, Procente, 95.8
Industria bunurilor de consum, Luna iulie 2013, Procente, 101.2
Industria bunurilor de consum, Luna august 2013, Procente, 94.5
Industria bunurilor de consum, Luna septembrie 2013, Procente, 105.3
Industria bunurilor de consum, Luna octombrie 2013, Procente, 112.1
Industria bunurilor de consum, Luna noiembrie 2013, Procente, 111.1
Industria bunurilor de consum, Luna decembrie 2013, Procente, 93.7
Industria bunurilor de consum, Luna ianuarie 2014, Procente, 95.5
Industria bunurilor de consum, Luna februarie 2014, Procente, 97.4
Industria bunurilor de consum, Luna martie 2014, Procente, 102
Industria bunurilor de consum, Luna aprilie 2014, Procente, 102.1
Industria bunurilor de consum, Luna mai 2014, Procente, 107.2
Industria bunurilor de consum, Luna iunie 2014, Procente, 105.4
Industria bunurilor de consum, Luna iulie 2014, Procente, 104.5
Industria bunurilor de consum, Luna august 2014, Procente, 91.8
Industria bunurilor de consum, Luna septembrie 2014, Procente, 107.6
Industria bunurilor de consum, Luna octombrie 2014, Procente, 117.8
Industria bunurilor de consum, Luna noiembrie 2014, Procente, 109
Industria bunurilor de consum, Luna decembrie 2014, Procente, 95.3
Industria bunurilor de consum, Luna ianuarie 2015, Procente, 95.6
Industria bunurilor de consum, Luna februarie 2015, Procente, 98.1
Industria bunurilor de consum, Luna martie 2015, Procente, 107.8
Industria bunurilor de consum, Luna aprilie 2015, Procente, 99.7
Industria bunurilor de consum, Luna mai 2015, Procente, 103.7
Industria bunurilor de consum, Luna iunie 2015, Procente, 108.3
Industria bunurilor de consum, Luna iulie 2015, Procente, 112.3
Industria bunurilor de consum, Luna august 2015, Procente, 97.6
Industria bunurilor de consum, Luna septembrie 2015, Procente, 110.9
Industria bunurilor de consum, Luna octombrie 2015, Procente, 114.1
Industria bunurilor de consum, Luna noiembrie 2015, Procente, 110.8
Industria bunurilor de consum, Luna decembrie 2015, Procente, 95.6
Industria bunurilor de consum, Luna ianuarie 2016, Procente, 95.6
Industria bunurilor de consum, Luna februarie 2016, Procente, 106.1
Industria bunurilor de consum, Luna martie 2016, Procente, 112.3
Industria bunurilor de consum, Luna aprilie 2016, Procente, 114.8
Industria bunurilor de consum, Luna mai 2016, Procente, 109.2
Industria bunurilor de consum, Luna iunie 2016, Procente, 114.1
Industria bunurilor de consum, Luna iulie 2016, Procente, 111.1
Industria bunurilor de consum, Luna august 2016, Procente, 103.2
Industria bunurilor de consum, Luna septembrie 2016, Procente, 115.1
Industria bunurilor de consum, Luna octombrie 2016, Procente, 114.2
Industria bunurilor de consum, Luna noiembrie 2016, Procente, 116.3
Industria bunurilor de consum, Luna decembrie 2016, Procente, 96.6
Industria bunurilor de consum, Luna ianuarie 2017, Procente, 95.3
Industria bunurilor de consum, Luna februarie 2017, Procente, 105.6
Industria bunurilor de consum, Luna martie 2017, Procente, 123.2
Industria bunurilor de consum, Luna aprilie 2017, Procente, 106.2
Industria bunurilor de consum, Luna mai 2017, Procente, 121
Industria bunurilor de consum, Luna iunie 2017, Procente, 111.6
Industria bunurilor de consum, Luna iulie 2017, Procente, 110.4
Industria bunurilor de consum, Luna august 2017, Procente, 105.8
Industria bunurilor de consum, Luna septembrie 2017, Procente, 115.6
Industria bunurilor de consum, Luna octombrie 2017, Procente, 120.4
Industria bunurilor de consum, Luna noiembrie 2017, Procente, 121.9
Industria bunurilor de consum, Luna decembrie 2017, Procente, 97.2
Industria bunurilor de consum, Luna ianuarie 2018, Procente, 102.3
Industria bunurilor de consum, Luna februarie 2018, Procente, 106
Industria bunurilor de consum, Luna martie 2018, Procente, 117.4
Industria bunurilor de consum, Luna aprilie 2018, Procente, 102.3
Industria bunurilor de consum, Luna mai 2018, Procente, 116.6
Industria bunurilor de consum, Luna iunie 2018, Procente, 114.1
Industria bunurilor de consum, Luna iulie 2018, Procente, 111.5
Industria bunurilor de consum, Luna august 2018, Procente, 103.1
Industria bunurilor de consum, Luna septembrie 2018, Procente, 108.7
Industria bunurilor de consum, Luna octombrie 2018, Procente, 119.2
Industria bunurilor de consum, Luna noiembrie 2018, Procente, 116.1
Industria bunurilor de consum, Luna decembrie 2018, Procente, 92.2
Industria bunurilor de consum, Luna ianuarie 2019, Procente, 95.5
Industria bunurilor de consum, Luna februarie 2019, Procente, 101.6
Industria bunurilor de consum, Luna martie 2019, Procente, 107.9
Industria bunurilor de consum, Luna aprilie 2019, Procente, 103.5
Industria bunurilor de consum, Luna mai 2019, Procente, 112.4
Industria bunurilor de consum, Luna iunie 2019, Procente, 105.3
Industria bunurilor de consum, Luna iulie 2019, Procente, 110.8
Industria bunurilor de consum, Luna august 2019, Procente, 96.3
Industria bunurilor de consum, Luna septembrie 2019, Procente, 109.9
Industria bunurilor de consum, Luna octombrie 2019, Procente, 117.4
Industria bunurilor de consum, Luna noiembrie 2019, Procente, 111.2
Industria bunurilor de consum, Luna decembrie 2019, Procente, 92.9
Industria bunurilor de consum, Luna ianuarie 2020, Procente, 93.8
Industria bunurilor de consum, Luna februarie 2020, Procente, 99.7
Industria bunurilor de consum, Luna martie 2020, Procente, 96.2
Industria bunurilor de consum, Luna aprilie 2020, Procente, 68.1
Industria bunurilor de consum, Luna mai 2020, Procente, 83.9
Industria bunurilor de consum, Luna iunie 2020, Procente, 101.8
Industria bunurilor de consum, Luna iulie 2020, Procente, 109.3
Industria bunurilor de consum, Luna august 2020, Procente, 93.8
Industria bunurilor de consum, Luna septembrie 2020, Procente, 108.4
Industria bunurilor de consum, Luna octombrie 2020, Procente, 111.1
Industria bunurilor de consum, Luna noiembrie 2020, Procente, 103.4
Industria bunurilor de consum, Luna decembrie 2020, Procente, 93.4
Industria bunurilor de consum, Luna ianuarie 2021, Procente, 91.6
Industria bunurilor de consum, Luna februarie 2021, Procente, 93.2
Industria bunurilor de consum, Luna martie 2021, Procente, 103.2
Industria bunurilor de consum, Luna aprilie 2021, Procente, 100.6
Industria bunurilor de consum, Luna mai 2021, Procente, 96.4
Industria bunurilor de consum, Luna iunie 2021, Procente, 101.2
Industria bunurilor de consum, Luna iulie 2021, Procente, 102.8
Industria bunurilor de consum, Luna august 2021, Procente, 96.1
Industria bunurilor de consum, Luna septembrie 2021, Procente, 107.2
Industria bunurilor de consum, Luna octombrie 2021, Procente, 104.9
Industria bunurilor de consum, Luna noiembrie 2021, Procente, 107.1
Industria bunurilor de consum, Luna decembrie 2021, Procente, 95.8
Industria bunurilor de consum, Luna ianuarie 2022, Procente, 94.2
Industria bunurilor de consum, Luna februarie 2022, Procente, 99.7
Industria bunurilor de consum, Luna martie 2022, Procente, 115
Industria bunurilor de consum, Luna aprilie 2022, Procente, 105.1
Industria bunurilor de consum, Luna mai 2022, Procente, 111.8
Industria bunurilor de consum, Luna iunie 2022, Procente, 104.5
Industria bunurilor de consum, Luna iulie 2022, Procente, 105.2
Industria bunurilor de consum, Luna august 2022, Procente, 95.4
Industria bunurilor de consum, Luna septembrie 2022, Procente, 108.1
Industria bunurilor de consum, Luna octombrie 2022, Procente, 105.7
Industria bunurilor de consum, Luna noiembrie 2022, Procente, 108.7
Industria bunurilor de consum, Luna decembrie 2022, Procente, 90.4
Industria bunurilor de consum, Luna ianuarie 2023, Procente, 90.4
Industria bunurilor de consum, Luna februarie 2023, Procente, 96.4
Industria bunurilor de consum, Luna martie 2023, Procente, 109.6
Industria bunurilor de consum, Luna aprilie 2023, Procente, 90.3
Industria bunurilor de consum, Luna mai 2023, Procente, 106.5
Industria bunurilor de consum, Luna iunie 2023, Procente, 101.1
Industria bunurilor de consum, Luna iulie 2023, Procente, 98.9
Industria bunurilor de consum, Luna august 2023, Procente, 93.1
Industria bunurilor de consum, Luna septembrie 2023, Procente, 104
Industria bunurilor de consum, Luna octombrie 2023, Procente, 105.8
Industria bunurilor de consum, Luna noiembrie 2023, Procente, 106.1
Industria bunurilor de consum, Luna decembrie 2023, Procente, 85.3
Industria bunurilor de consum, Luna ianuarie 2024, Procente, 87.4
Industria bunurilor de consum, Luna februarie 2024, Procente, 94.1
Industria bunurilor de consum, Luna martie 2024, Procente, 98.1
Industria bunurilor de consum, Luna aprilie 2024, Procente, 104.2
Industria bunurilor de consum, Luna mai 2024, Procente, 96.2
Industria bunurilor de consum, Luna iunie 2024, Procente, 97.2
Industria bunurilor de consum, Luna iulie 2024, Procente, 102.3
Industria bunurilor de consum, Luna august 2024, Procente, 91.5
Industria bunurilor de consum, Luna septembrie 2024, Procente, 100.2
Industria bunurilor de consum, Luna octombrie 2024, Procente, 109.4
Industria bunurilor de consum, Luna noiembrie 2024, Procente, 103.7
Industria bunurilor de consum, Luna decembrie 2024, Procente, 85.4
Industria bunurilor de consum, Luna ianuarie 2025, Procente, 89.5
Industria bunurilor de consum, Luna februarie 2025, Procente, 93.7
Industria bunurilor de consum (excl.diviz 10 11 12), Luna ianuarie 2005, Procente, 122.6
Industria bunurilor de consum (excl.diviz 10 11 12), Luna februarie 2005, Procente, 130.2
Industria bunurilor de consum (excl.diviz 10 11 12), Luna martie 2005, Procente, 135.4
Industria bunurilor de consum (excl.diviz 10 11 12), Luna aprilie 2005, Procente, 130.7
Industria bunurilor de consum (excl.diviz 10 11 12), Luna mai 2005, Procente, 125.4
Industria bunurilor de consum (excl.diviz 10 11 12), Luna iunie 2005, Procente, 135.7
Industria bunurilor de consum (excl.diviz 10 11 12), Luna iulie 2005, Procente, 123
Industria bunurilor de consum (excl.diviz 10 11 12), Luna august 2005, Procente, 117.5
Industria bunurilor de consum (excl.diviz 10 11 12), Luna septembrie 2005, Procente, 131.8
Industria bunurilor de consum (excl.diviz 10 11 12), Luna octombrie 2005, Procente, 126.8
Industria bunurilor de consum (excl.diviz 10 11 12), Luna noiembrie 2005, Procente, 134.6
Industria bunurilor de consum (excl.diviz 10 11 12), Luna decembrie 2005, Procente, 118.1
Industria bunurilor de consum (excl.diviz 10 11 12), Luna ianuarie 2006, Procente, 127
Industria bunurilor de consum (excl.diviz 10 11 12), Luna februarie 2006, Procente, 136.3
Industria bunurilor de consum (excl.diviz 10 11 12), Luna martie 2006, Procente, 148.5
Industria bunurilor de consum (excl.diviz 10 11 12), Luna aprilie 2006, Procente, 123.6
Industria bunurilor de consum (excl.diviz 10 11 12), Luna mai 2006, Procente, 139.5
Industria bunurilor de consum (excl.diviz 10 11 12), Luna iunie 2006, Procente, 144.3
Industria bunurilor de consum (excl.diviz 10 11 12), Luna iulie 2006, Procente, 129.9
Industria bunurilor de consum (excl.diviz 10 11 12), Luna august 2006, Procente, 120
Industria bunurilor de consum (excl.diviz 10 11 12), Luna septembrie 2006, Procente, 133.5
Industria bunurilor de consum (excl.diviz 10 11 12), Luna octombrie 2006, Procente, 136.1
Industria bunurilor de consum (excl.diviz 10 11 12), Luna noiembrie 2006, Procente, 139.5
Industria bunurilor de consum (excl.diviz 10 11 12), Luna decembrie 2006, Procente, 118.7
Industria bunurilor de consum (excl.diviz 10 11 12), Luna ianuarie 2007, Procente, 130.7
Industria bunurilor de consum (excl.diviz 10 11 12), Luna februarie 2007, Procente, 140.1
Industria bunurilor de consum (excl.diviz 10 11 12), Luna martie 2007, Procente, 150.5
Industria bunurilor de consum (excl.diviz 10 11 12), Luna aprilie 2007, Procente, 121.8
Industria bunurilor de consum (excl.diviz 10 11 12), Luna mai 2007, Procente, 142.3
Industria bunurilor de consum (excl.diviz 10 11 12), Luna iunie 2007, Procente, 129.8
Industria bunurilor de consum (excl.diviz 10 11 12), Luna iulie 2007, Procente, 130.6
Industria bunurilor de consum (excl.diviz 10 11 12), Luna august 2007, Procente, 113.2
Industria bunurilor de consum (excl.diviz 10 11 12), Luna septembrie 2007, Procente, 121
Industria bunurilor de consum (excl.diviz 10 11 12), Luna octombrie 2007, Procente, 132.8
Industria bunurilor de consum (excl.diviz 10 11 12), Luna noiembrie 2007, Procente, 138
Industria bunurilor de consum (excl.diviz 10 11 12), Luna decembrie 2007, Procente, 106.4
Industria bunurilor de consum (excl.diviz 10 11 12), Luna ianuarie 2008, Procente, 122.8
Industria bunurilor de consum (excl.diviz 10 11 12), Luna februarie 2008, Procente, 137
Industria bunurilor de consum (excl.diviz 10 11 12), Luna martie 2008, Procente, 135.4
Industria bunurilor de consum (excl.diviz 10 11 12), Luna aprilie 2008, Procente, 130.3
Industria bunurilor de consum (excl.diviz 10 11 12), Luna mai 2008, Procente, 132.4
Industria bunurilor de consum (excl.diviz 10 11 12), Luna iunie 2008, Procente, 128.8
Industria bunurilor de consum (excl.diviz 10 11 12), Luna iulie 2008, Procente, 125
Industria bunurilor de consum (excl.diviz 10 11 12), Luna august 2008, Procente, 101
Industria bunurilor de consum (excl.diviz 10 11 12), Luna septembrie 2008, Procente, 122.9
Industria bunurilor de consum (excl.diviz 10 11 12), Luna octombrie 2008, Procente, 126.6
Industria bunurilor de consum (excl.diviz 10 11 12), Luna noiembrie 2008, Procente, 119.7
Industria bunurilor de consum (excl.diviz 10 11 12), Luna decembrie 2008, Procente, 98.4
Industria bunurilor de consum (excl.diviz 10 11 12), Luna ianuarie 2009, Procente, 104.3
Industria bunurilor de consum (excl.diviz 10 11 12), Luna februarie 2009, Procente, 112
Industria bunurilor de consum (excl.diviz 10 11 12), Luna martie 2009, Procente, 111.7
Industria bunurilor de consum (excl.diviz 10 11 12), Luna aprilie 2009, Procente, 103
Industria bunurilor de consum (excl.diviz 10 11 12), Luna mai 2009, Procente, 106.9
Industria bunurilor de consum (excl.diviz 10 11 12), Luna iunie 2009, Procente, 105.9
Industria bunurilor de consum (excl.diviz 10 11 12), Luna iulie 2009, Procente, 102.4
Industria bunurilor de consum (excl.diviz 10 11 12), Luna august 2009, Procente, 87.2
Industria bunurilor de consum (excl.diviz 10 11 12), Luna septembrie 2009, Procente, 103.5
Industria bunurilor de consum (excl.diviz 10 11 12), Luna octombrie 2009, Procente, 108.3
Industria bunurilor de consum (excl.diviz 10 11 12), Luna noiembrie 2009, Procente, 105.1
Industria bunurilor de consum (excl.diviz 10 11 12), Luna decembrie 2009, Procente, 90.6
Industria bunurilor de consum (excl.diviz 10 11 12), Luna ianuarie 2010, Procente, 91.7
Industria bunurilor de consum (excl.diviz 10 11 12), Luna februarie 2010, Procente, 98.8
Industria bunurilor de consum (excl.diviz 10 11 12), Luna martie 2010, Procente, 112.4
Industria bunurilor de consum (excl.diviz 10 11 12), Luna aprilie 2010, Procente, 100
Industria bunurilor de consum (excl.diviz 10 11 12), Luna mai 2010, Procente, 102.2
Industria bunurilor de consum (excl.diviz 10 11 12), Luna iunie 2010, Procente, 108
Industria bunurilor de consum (excl.diviz 10 11 12), Luna iulie 2010, Procente, 108
Industria bunurilor de consum (excl.diviz 10 11 12), Luna august 2010, Procente, 95.9
Industria bunurilor de consum (excl.diviz 10 11 12), Luna septembrie 2010, Procente, 112
Industria bunurilor de consum (excl.diviz 10 11 12), Luna octombrie 2010, Procente, 116.3
Industria bunurilor de consum (excl.diviz 10 11 12), Luna noiembrie 2010, Procente, 118.7
Industria bunurilor de consum (excl.diviz 10 11 12), Luna decembrie 2010, Procente, 97.9
Industria bunurilor de consum (excl.diviz 10 11 12), Luna ianuarie 2011, Procente, 104.4
Industria bunurilor de consum (excl.diviz 10 11 12), Luna februarie 2011, Procente, 108
Industria bunurilor de consum (excl.diviz 10 11 12), Luna martie 2011, Procente, 118.5
Industria bunurilor de consum (excl.diviz 10 11 12), Luna aprilie 2011, Procente, 101
Industria bunurilor de consum (excl.diviz 10 11 12), Luna mai 2011, Procente, 111.3
Industria bunurilor de consum (excl.diviz 10 11 12), Luna iunie 2011, Procente, 109.9
Industria bunurilor de consum (excl.diviz 10 11 12), Luna iulie 2011, Procente, 109.6
Industria bunurilor de consum (excl.diviz 10 11 12), Luna august 2011, Procente, 100.6
Industria bunurilor de consum (excl.diviz 10 11 12), Luna septembrie 2011, Procente, 113.3
Industria bunurilor de consum (excl.diviz 10 11 12), Luna octombrie 2011, Procente, 108.9
Industria bunurilor de consum (excl.diviz 10 11 12), Luna noiembrie 2011, Procente, 111.8
Industria bunurilor de consum (excl.diviz 10 11 12), Luna decembrie 2011, Procente, 93.1
Industria bunurilor de consum (excl.diviz 10 11 12), Luna ianuarie 2012, Procente, 101.5
Industria bunurilor de consum (excl.diviz 10 11 12), Luna februarie 2012, Procente, 106.4
Industria bunurilor de consum (excl.diviz 10 11 12), Luna martie 2012, Procente, 117.6
Industria bunurilor de consum (excl.diviz 10 11 12), Luna aprilie 2012, Procente, 98.2
Industria bunurilor de consum (excl.diviz 10 11 12), Luna mai 2012, Procente, 115.8
Industria bunurilor de consum (excl.diviz 10 11 12), Luna iunie 2012, Procente, 109
Industria bunurilor de consum (excl.diviz 10 11 12), Luna iulie 2012, Procente, 108.5
Industria bunurilor de consum (excl.diviz 10 11 12), Luna august 2012, Procente, 99.8
Industria bunurilor de consum (excl.diviz 10 11 12), Luna septembrie 2012, Procente, 108.7
Industria bunurilor de consum (excl.diviz 10 11 12), Luna octombrie 2012, Procente, 118.8
Industria bunurilor de consum (excl.diviz 10 11 12), Luna noiembrie 2012, Procente, 118.7
Industria bunurilor de consum (excl.diviz 10 11 12), Luna decembrie 2012, Procente, 87.9
Industria bunurilor de consum (excl.diviz 10 11 12), Luna ianuarie 2013, Procente, 109.2
Industria bunurilor de consum (excl.diviz 10 11 12), Luna februarie 2013, Procente, 114.2
Industria bunurilor de consum (excl.diviz 10 11 12), Luna martie 2013, Procente, 119.8
Industria bunurilor de consum (excl.diviz 10 11 12), Luna aprilie 2013, Procente, 118.3
Industria bunurilor de consum (excl.diviz 10 11 12), Luna mai 2013, Procente, 111.7
Industria bunurilor de consum (excl.diviz 10 11 12), Luna iunie 2013, Procente, 113
Industria bunurilor de consum (excl.diviz 10 11 12), Luna iulie 2013, Procente, 120.1
Industria bunurilor de consum (excl.diviz 10 11 12), Luna august 2013, Procente, 105.7
Industria bunurilor de consum (excl.diviz 10 11 12), Luna septembrie 2013, Procente, 123
Industria bunurilor de consum (excl.diviz 10 11 12), Luna octombrie 2013, Procente, 127.9
Industria bunurilor de consum (excl.diviz 10 11 12), Luna noiembrie 2013, Procente, 127.7
Industria bunurilor de consum (excl.diviz 10 11 12), Luna decembrie 2013, Procente, 100.2
Industria bunurilor de consum (excl.diviz 10 11 12), Luna ianuarie 2014, Procente, 120.1
Industria bunurilor de consum (excl.diviz 10 11 12), Luna februarie 2014, Procente, 123.6
Industria bunurilor de consum (excl.diviz 10 11 12), Luna martie 2014, Procente, 125.4
Industria bunurilor de consum (excl.diviz 10 11 12), Luna aprilie 2014, Procente, 118.2
Industria bunurilor de consum (excl.diviz 10 11 12), Luna mai 2014, Procente, 126.6
Industria bunurilor de consum (excl.diviz 10 11 12), Luna iunie 2014, Procente, 123
Industria bunurilor de consum (excl.diviz 10 11 12), Luna iulie 2014, Procente, 124.2
Industria bunurilor de consum (excl.diviz 10 11 12), Luna august 2014, Procente, 105.4
Industria bunurilor de consum (excl.diviz 10 11 12), Luna septembrie 2014, Procente, 126.2
Industria bunurilor de consum (excl.diviz 10 11 12), Luna octombrie 2014, Procente, 136.3
Industria bunurilor de consum (excl.diviz 10 11 12), Luna noiembrie 2014, Procente, 126.5
Industria bunurilor de consum (excl.diviz 10 11 12), Luna decembrie 2014, Procente, 100.5
Industria bunurilor de consum (excl.diviz 10 11 12), Luna ianuarie 2015, Procente, 116.2
Industria bunurilor de consum (excl.diviz 10 11 12), Luna februarie 2015, Procente, 123.1
Industria bunurilor de consum (excl.diviz 10 11 12), Luna martie 2015, Procente, 130
Industria bunurilor de consum (excl.diviz 10 11 12), Luna aprilie 2015, Procente, 115.1
Industria bunurilor de consum (excl.diviz 10 11 12), Luna mai 2015, Procente, 119.5
Industria bunurilor de consum (excl.diviz 10 11 12), Luna iunie 2015, Procente, 124.8
Industria bunurilor de consum (excl.diviz 10 11 12), Luna iulie 2015, Procente, 128.5
Industria bunurilor de consum (excl.diviz 10 11 12), Luna august 2015, Procente, 102
Industria bunurilor de consum (excl.diviz 10 11 12), Luna septembrie 2015, Procente, 125.4
Industria bunurilor de consum (excl.diviz 10 11 12), Luna octombrie 2015, Procente, 127.7
Industria bunurilor de consum (excl.diviz 10 11 12), Luna noiembrie 2015, Procente, 122.8
Industria bunurilor de consum (excl.diviz 10 11 12), Luna decembrie 2015, Procente, 101.4
Industria bunurilor de consum (excl.diviz 10 11 12), Luna ianuarie 2016, Procente, 115.4
Industria bunurilor de consum (excl.diviz 10 11 12), Luna februarie 2016, Procente, 128.9
Industria bunurilor de consum (excl.diviz 10 11 12), Luna martie 2016, Procente, 130.9
Industria bunurilor de consum (excl.diviz 10 11 12), Luna aprilie 2016, Procente, 125
Industria bunurilor de consum (excl.diviz 10 11 12), Luna mai 2016, Procente, 123.6
Industria bunurilor de consum (excl.diviz 10 11 12), Luna iunie 2016, Procente, 126.8
Industria bunurilor de consum (excl.diviz 10 11 12), Luna iulie 2016, Procente, 121
Industria bunurilor de consum (excl.diviz 10 11 12), Luna august 2016, Procente, 108.6
Industria bunurilor de consum (excl.diviz 10 11 12), Luna septembrie 2016, Procente, 129.1
Industria bunurilor de consum (excl.diviz 10 11 12), Luna octombrie 2016, Procente, 125.8
Industria bunurilor de consum (excl.diviz 10 11 12), Luna noiembrie 2016, Procente, 129.9
Industria bunurilor de consum (excl.diviz 10 11 12), Luna decembrie 2016, Procente, 101.9
Industria bunurilor de consum (excl.diviz 10 11 12), Luna ianuarie 2017, Procente, 112.1
Industria bunurilor de consum (excl.diviz 10 11 12), Luna februarie 2017, Procente, 126.6
Industria bunurilor de consum (excl.diviz 10 11 12), Luna martie 2017, Procente, 142.2
Industria bunurilor de consum (excl.diviz 10 11 12), Luna aprilie 2017, Procente, 116.6
Industria bunurilor de consum (excl.diviz 10 11 12), Luna mai 2017, Procente, 137.3
Industria bunurilor de consum (excl.diviz 10 11 12), Luna iunie 2017, Procente, 124.1
Industria bunurilor de consum (excl.diviz 10 11 12), Luna iulie 2017, Procente, 122
Industria bunurilor de consum (excl.diviz 10 11 12), Luna august 2017, Procente, 108
Industria bunurilor de consum (excl.diviz 10 11 12), Luna septembrie 2017, Procente, 128.4
Industria bunurilor de consum (excl.diviz 10 11 12), Luna octombrie 2017, Procente, 130.6
Industria bunurilor de consum (excl.diviz 10 11 12), Luna noiembrie 2017, Procente, 135.5
Industria bunurilor de consum (excl.diviz 10 11 12), Luna decembrie 2017, Procente, 101.8
Industria bunurilor de consum (excl.diviz 10 11 12), Luna ianuarie 2018, Procente, 117.9
Industria bunurilor de consum (excl.diviz 10 11 12), Luna februarie 2018, Procente, 123.7
Industria bunurilor de consum (excl.diviz 10 11 12), Luna martie 2018, Procente, 131.6
Industria bunurilor de consum (excl.diviz 10 11 12), Luna aprilie 2018, Procente, 111.5
Industria bunurilor de consum (excl.diviz 10 11 12), Luna mai 2018, Procente, 126.4
Industria bunurilor de consum (excl.diviz 10 11 12), Luna iunie 2018, Procente, 126.2
Industria bunurilor de consum (excl.diviz 10 11 12), Luna iulie 2018, Procente, 121.3
Industria bunurilor de consum (excl.diviz 10 11 12), Luna august 2018, Procente, 103
Industria bunurilor de consum (excl.diviz 10 11 12), Luna septembrie 2018, Procente, 115.3
Industria bunurilor de consum (excl.diviz 10 11 12), Luna octombrie 2018, Procente, 128.4
Industria bunurilor de consum (excl.diviz 10 11 12), Luna noiembrie 2018, Procente, 124.3
Industria bunurilor de consum (excl.diviz 10 11 12), Luna decembrie 2018, Procente, 93.5
Industria bunurilor de consum (excl.diviz 10 11 12), Luna ianuarie 2019, Procente, 105.3
Industria bunurilor de consum (excl.diviz 10 11 12), Luna februarie 2019, Procente, 115.6
Industria bunurilor de consum (excl.diviz 10 11 12), Luna martie 2019, Procente, 118.6
Industria bunurilor de consum (excl.diviz 10 11 12), Luna aprilie 2019, Procente, 108.6
Industria bunurilor de consum (excl.diviz 10 11 12), Luna mai 2019, Procente, 117.7
Industria bunurilor de consum (excl.diviz 10 11 12), Luna iunie 2019, Procente, 109.3
Industria bunurilor de consum (excl.diviz 10 11 12), Luna iulie 2019, Procente, 115.1
Industria bunurilor de consum (excl.diviz 10 11 12), Luna august 2019, Procente, 93.3
Industria bunurilor de consum (excl.diviz 10 11 12), Luna septembrie 2019, Procente, 114.2
Industria bunurilor de consum (excl.diviz 10 11 12), Luna octombrie 2019, Procente, 123.7
Industria bunurilor de consum (excl.diviz 10 11 12), Luna noiembrie 2019, Procente, 117.2
Industria bunurilor de consum (excl.diviz 10 11 12), Luna decembrie 2019, Procente, 90.4
Industria bunurilor de consum (excl.diviz 10 11 12), Luna ianuarie 2020, Procente, 101
Industria bunurilor de consum (excl.diviz 10 11 12), Luna februarie 2020, Procente, 108.8
Industria bunurilor de consum (excl.diviz 10 11 12), Luna martie 2020, Procente, 94.9
Industria bunurilor de consum (excl.diviz 10 11 12), Luna aprilie 2020, Procente, 59.1
Industria bunurilor de consum (excl.diviz 10 11 12), Luna mai 2020, Procente, 79.7
Industria bunurilor de consum (excl.diviz 10 11 12), Luna iunie 2020, Procente, 102.9
Industria bunurilor de consum (excl.diviz 10 11 12), Luna iulie 2020, Procente, 110.1
Industria bunurilor de consum (excl.diviz 10 11 12), Luna august 2020, Procente, 89.6
Industria bunurilor de consum (excl.diviz 10 11 12), Luna septembrie 2020, Procente, 111
Industria bunurilor de consum (excl.diviz 10 11 12), Luna octombrie 2020, Procente, 117.6
Industria bunurilor de consum (excl.diviz 10 11 12), Luna noiembrie 2020, Procente, 108.5
Industria bunurilor de consum (excl.diviz 10 11 12), Luna decembrie 2020, Procente, 94.1
Industria bunurilor de consum (excl.diviz 10 11 12), Luna ianuarie 2021, Procente, 97.5
Industria bunurilor de consum (excl.diviz 10 11 12), Luna februarie 2021, Procente, 98.5
Industria bunurilor de consum (excl.diviz 10 11 12), Luna martie 2021, Procente, 106.1
Industria bunurilor de consum (excl.diviz 10 11 12), Luna aprilie 2021, Procente, 99.8
Industria bunurilor de consum (excl.diviz 10 11 12), Luna mai 2021, Procente, 95
Industria bunurilor de consum (excl.diviz 10 11 12), Luna iunie 2021, Procente, 99.3
Industria bunurilor de consum (excl.diviz 10 11 12), Luna iulie 2021, Procente, 99.4
Industria bunurilor de consum (excl.diviz 10 11 12), Luna august 2021, Procente, 87.4
Industria bunurilor de consum (excl.diviz 10 11 12), Luna septembrie 2021, Procente, 107.8
Industria bunurilor de consum (excl.diviz 10 11 12), Luna octombrie 2021, Procente, 106.6
Industria bunurilor de consum (excl.diviz 10 11 12), Luna noiembrie 2021, Procente, 108.4
Industria bunurilor de consum (excl.diviz 10 11 12), Luna decembrie 2021, Procente, 94.1
Industria bunurilor de consum (excl.diviz 10 11 12), Luna ianuarie 2022, Procente, 99.8
Industria bunurilor de consum (excl.diviz 10 11 12), Luna februarie 2022, Procente, 107.3
Industria bunurilor de consum (excl.diviz 10 11 12), Luna martie 2022, Procente, 123.3
Industria bunurilor de consum (excl.diviz 10 11 12), Luna aprilie 2022, Procente, 108.3
Industria bunurilor de consum (excl.diviz 10 11 12), Luna mai 2022, Procente, 112.8
Industria bunurilor de consum (excl.diviz 10 11 12), Luna iunie 2022, Procente, 104.2
Industria bunurilor de consum (excl.diviz 10 11 12), Luna iulie 2022, Procente, 103.9
Industria bunurilor de consum (excl.diviz 10 11 12), Luna august 2022, Procente, 85.3
Industria bunurilor de consum (excl.diviz 10 11 12), Luna septembrie 2022, Procente, 110.4
Industria bunurilor de consum (excl.diviz 10 11 12), Luna octombrie 2022, Procente, 107.9
Industria bunurilor de consum (excl.diviz 10 11 12), Luna noiembrie 2022, Procente, 109.7
Industria bunurilor de consum (excl.diviz 10 11 12), Luna decembrie 2022, Procente, 88.2
Industria bunurilor de consum (excl.diviz 10 11 12), Luna ianuarie 2023, Procente, 93
Industria bunurilor de consum (excl.diviz 10 11 12), Luna februarie 2023, Procente, 100.7
Industria bunurilor de consum (excl.diviz 10 11 12), Luna martie 2023, Procente, 112.6
Industria bunurilor de consum (excl.diviz 10 11 12), Luna aprilie 2023, Procente, 85.1
Industria bunurilor de consum (excl.diviz 10 11 12), Luna mai 2023, Procente, 104.8
Industria bunurilor de consum (excl.diviz 10 11 12), Luna iunie 2023, Procente, 97.7
Industria bunurilor de consum (excl.diviz 10 11 12), Luna iulie 2023, Procente, 92.4
Industria bunurilor de consum (excl.diviz 10 11 12), Luna august 2023, Procente, 79.4
Industria bunurilor de consum (excl.diviz 10 11 12), Luna septembrie 2023, Procente, 101.3
Industria bunurilor de consum (excl.diviz 10 11 12), Luna octombrie 2023, Procente, 101.4
Industria bunurilor de consum (excl.diviz 10 11 12), Luna noiembrie 2023, Procente, 100.4
Industria bunurilor de consum (excl.diviz 10 11 12), Luna decembrie 2023, Procente, 77.3
Industria bunurilor de consum (excl.diviz 10 11 12), Luna ianuarie 2024, Procente, 84.6
Industria bunurilor de consum (excl.diviz 10 11 12), Luna februarie 2024, Procente, 92.4
Industria bunurilor de consum (excl.diviz 10 11 12), Luna martie 2024, Procente, 93.8
Industria bunurilor de consum (excl.diviz 10 11 12), Luna aprilie 2024, Procente, 96.7
Industria bunurilor de consum (excl.diviz 10 11 12), Luna mai 2024, Procente, 87.3
Industria bunurilor de consum (excl.diviz 10 11 12), Luna iunie 2024, Procente, 88.6
Industria bunurilor de consum (excl.diviz 10 11 12), Luna iulie 2024, Procente, 91.4
Industria bunurilor de consum (excl.diviz 10 11 12), Luna august 2024, Procente, 74.2
Industria bunurilor de consum (excl.diviz 10 11 12), Luna septembrie 2024, Procente, 90.6
Industria bunurilor de consum (excl.diviz 10 11 12), Luna octombrie 2024, Procente, 102
Industria bunurilor de consum (excl.diviz 10 11 12), Luna noiembrie 2024, Procente, 97.2
Industria bunurilor de consum (excl.diviz 10 11 12), Luna decembrie 2024, Procente, 75.3
Industria bunurilor de consum (excl.diviz 10 11 12), Luna ianuarie 2025, Procente, 85.2
Industria bunurilor de consum (excl.diviz 10 11 12), Luna februarie 2025, Procente, 90.9
Industria energetica excl. diviz 35 (numai diviz 5 6 19), Luna ianuarie 2005, Procente, 149.1
Industria energetica excl. diviz 35 (numai diviz 5 6 19), Luna februarie 2005, Procente, 137.4
Industria energetica excl. diviz 35 (numai diviz 5 6 19), Luna martie 2005, Procente, 158.5
Industria energetica excl. diviz 35 (numai diviz 5 6 19), Luna aprilie 2005, Procente, 144.3
Industria energetica excl. diviz 35 (numai diviz 5 6 19), Luna mai 2005, Procente, 135.4
Industria energetica excl. diviz 35 (numai diviz 5 6 19), Luna iunie 2005, Procente, 141.6
Industria energetica excl. diviz 35 (numai diviz 5 6 19), Luna iulie 2005, Procente, 142.8
Industria energetica excl. diviz 35 (numai diviz 5 6 19), Luna august 2005, Procente, 150.7
Industria energetica excl. diviz 35 (numai diviz 5 6 19), Luna septembrie 2005, Procente, 149.4
Industria energetica excl. diviz 35 (numai diviz 5 6 19), Luna octombrie 2005, Procente, 132.9
Industria energetica excl. diviz 35 (numai diviz 5 6 19), Luna noiembrie 2005, Procente, 139.4
Industria energetica excl. diviz 35 (numai diviz 5 6 19), Luna decembrie 2005, Procente, 162.1
Industria energetica excl. diviz 35 (numai diviz 5 6 19), Luna ianuarie 2006, Procente, 153.5
Industria energetica excl. diviz 35 (numai diviz 5 6 19), Luna februarie 2006, Procente, 146.9
Industria energetica excl. diviz 35 (numai diviz 5 6 19), Luna martie 2006, Procente, 156.1
Industria energetica excl. diviz 35 (numai diviz 5 6 19), Luna aprilie 2006, Procente, 139.4
Industria energetica excl. diviz 35 (numai diviz 5 6 19), Luna mai 2006, Procente, 147.1
Industria energetica excl. diviz 35 (numai diviz 5 6 19), Luna iunie 2006, Procente, 139
Industria energetica excl. diviz 35 (numai diviz 5 6 19), Luna iulie 2006, Procente, 136.6
Industria energetica excl. diviz 35 (numai diviz 5 6 19), Luna august 2006, Procente, 143.8
Industria energetica excl. diviz 35 (numai diviz 5 6 19), Luna septembrie 2006, Procente, 140.8
Industria energetica excl. diviz 35 (numai diviz 5 6 19), Luna octombrie 2006, Procente, 147.2
Industria energetica excl. diviz 35 (numai diviz 5 6 19), Luna noiembrie 2006, Procente, 134.5
Industria energetica excl. diviz 35 (numai diviz 5 6 19), Luna decembrie 2006, Procente, 142.2
Industria energetica excl. diviz 35 (numai diviz 5 6 19), Luna ianuarie 2007, Procente, 147.8
Industria energetica excl. diviz 35 (numai diviz 5 6 19), Luna februarie 2007, Procente, 137.6
Industria energetica excl. diviz 35 (numai diviz 5 6 19), Luna martie 2007, Procente, 148.6
Industria energetica excl. diviz 35 (numai diviz 5 6 19), Luna aprilie 2007, Procente, 121.3
Industria energetica excl. diviz 35 (numai diviz 5 6 19), Luna mai 2007, Procente, 134.3
Industria energetica excl. diviz 35 (numai diviz 5 6 19), Luna iunie 2007, Procente, 143.4
Industria energetica excl. diviz 35 (numai diviz 5 6 19), Luna iulie 2007, Procente, 143
Industria energetica excl. diviz 35 (numai diviz 5 6 19), Luna august 2007, Procente, 148.6
Industria energetica excl. diviz 35 (numai diviz 5 6 19), Luna septembrie 2007, Procente, 146.5
Industria energetica excl. diviz 35 (numai diviz 5 6 19), Luna octombrie 2007, Procente, 148
Industria energetica excl. diviz 35 (numai diviz 5 6 19), Luna noiembrie 2007, Procente, 147.3
Industria energetica excl. diviz 35 (numai diviz 5 6 19), Luna decembrie 2007, Procente, 141.9
Industria energetica excl. diviz 35 (numai diviz 5 6 19), Luna ianuarie 2008, Procente, 140.5
Industria energetica excl. diviz 35 (numai diviz 5 6 19), Luna februarie 2008, Procente, 135.7
Industria energetica excl. diviz 35 (numai diviz 5 6 19), Luna martie 2008, Procente, 144.7
Industria energetica excl. diviz 35 (numai diviz 5 6 19), Luna aprilie 2008, Procente, 140.1
Industria energetica excl. diviz 35 (numai diviz 5 6 19), Luna mai 2008, Procente, 137
Industria energetica excl. diviz 35 (numai diviz 5 6 19), Luna iunie 2008, Procente, 136.5
Industria energetica excl. diviz 35 (numai diviz 5 6 19), Luna iulie 2008, Procente, 134.9
Industria energetica excl. diviz 35 (numai diviz 5 6 19), Luna august 2008, Procente, 144.5
Industria energetica excl. diviz 35 (numai diviz 5 6 19), Luna septembrie 2008, Procente, 140.9
Industria energetica excl. diviz 35 (numai diviz 5 6 19), Luna octombrie 2008, Procente, 146.1
Industria energetica excl. diviz 35 (numai diviz 5 6 19), Luna noiembrie 2008, Procente, 137.7
Industria energetica excl. diviz 35 (numai diviz 5 6 19), Luna decembrie 2008, Procente, 126.2
Industria energetica excl. diviz 35 (numai diviz 5 6 19), Luna ianuarie 2009, Procente, 121.9
Industria energetica excl. diviz 35 (numai diviz 5 6 19), Luna februarie 2009, Procente, 122.7
Industria energetica excl. diviz 35 (numai diviz 5 6 19), Luna martie 2009, Procente, 137
Industria energetica excl. diviz 35 (numai diviz 5 6 19), Luna aprilie 2009, Procente, 121.9
Industria energetica excl. diviz 35 (numai diviz 5 6 19), Luna mai 2009, Procente, 125.3
Industria energetica excl. diviz 35 (numai diviz 5 6 19), Luna iunie 2009, Procente, 117
Industria energetica excl. diviz 35 (numai diviz 5 6 19), Luna iulie 2009, Procente, 124.3
Industria energetica excl. diviz 35 (numai diviz 5 6 19), Luna august 2009, Procente, 132.6
Industria energetica excl. diviz 35 (numai diviz 5 6 19), Luna septembrie 2009, Procente, 130.5
Industria energetica excl. diviz 35 (numai diviz 5 6 19), Luna octombrie 2009, Procente, 127
Industria energetica excl. diviz 35 (numai diviz 5 6 19), Luna noiembrie 2009, Procente, 123.2
Industria energetica excl. diviz 35 (numai diviz 5 6 19), Luna decembrie 2009, Procente, 125.3
Industria energetica excl. diviz 35 (numai diviz 5 6 19), Luna ianuarie 2010, Procente, 123.9
Industria energetica excl. diviz 35 (numai diviz 5 6 19), Luna februarie 2010, Procente, 109.6
Industria energetica excl. diviz 35 (numai diviz 5 6 19), Luna martie 2010, Procente, 129.4
Industria energetica excl. diviz 35 (numai diviz 5 6 19), Luna aprilie 2010, Procente, 117.4
Industria energetica excl. diviz 35 (numai diviz 5 6 19), Luna mai 2010, Procente, 115.5
Industria energetica excl. diviz 35 (numai diviz 5 6 19), Luna iunie 2010, Procente, 116.4
Industria energetica excl. diviz 35 (numai diviz 5 6 19), Luna iulie 2010, Procente, 120.9
Industria energetica excl. diviz 35 (numai diviz 5 6 19), Luna august 2010, Procente, 123
Industria energetica excl. diviz 35 (numai diviz 5 6 19), Luna septembrie 2010, Procente, 117
Industria energetica excl. diviz 35 (numai diviz 5 6 19), Luna octombrie 2010, Procente, 109.7
Industria energetica excl. diviz 35 (numai diviz 5 6 19), Luna noiembrie 2010, Procente, 118.2
Industria energetica excl. diviz 35 (numai diviz 5 6 19), Luna decembrie 2010, Procente, 121.6
Industria energetica excl. diviz 35 (numai diviz 5 6 19), Luna ianuarie 2011, Procente, 120.5
Industria energetica excl. diviz 35 (numai diviz 5 6 19), Luna februarie 2011, Procente, 107.9
Industria energetica excl. diviz 35 (numai diviz 5 6 19), Luna martie 2011, Procente, 125
Industria energetica excl. diviz 35 (numai diviz 5 6 19), Luna aprilie 2011, Procente, 122.2
Industria energetica excl. diviz 35 (numai diviz 5 6 19), Luna mai 2011, Procente, 124.2
Industria energetica excl. diviz 35 (numai diviz 5 6 19), Luna iunie 2011, Procente, 121.7
Industria energetica excl. diviz 35 (numai diviz 5 6 19), Luna iulie 2011, Procente, 122.1
Industria energetica excl. diviz 35 (numai diviz 5 6 19), Luna august 2011, Procente, 117.8
Industria energetica excl. diviz 35 (numai diviz 5 6 19), Luna septembrie 2011, Procente, 113.9
Industria energetica excl. diviz 35 (numai diviz 5 6 19), Luna octombrie 2011, Procente, 121.4
Industria energetica excl. diviz 35 (numai diviz 5 6 19), Luna noiembrie 2011, Procente, 116.6
Industria energetica excl. diviz 35 (numai diviz 5 6 19), Luna decembrie 2011, Procente, 124.5
Industria energetica excl. diviz 35 (numai diviz 5 6 19), Luna ianuarie 2012, Procente, 118.8
Industria energetica excl. diviz 35 (numai diviz 5 6 19), Luna februarie 2012, Procente, 102.4
Industria energetica excl. diviz 35 (numai diviz 5 6 19), Luna martie 2012, Procente, 125.5
Industria energetica excl. diviz 35 (numai diviz 5 6 19), Luna aprilie 2012, Procente, 118.3
Industria energetica excl. diviz 35 (numai diviz 5 6 19), Luna mai 2012, Procente, 110.8
Industria energetica excl. diviz 35 (numai diviz 5 6 19), Luna iunie 2012, Procente, 103.4
Industria energetica excl. diviz 35 (numai diviz 5 6 19), Luna iulie 2012, Procente, 118.8
Industria energetica excl. diviz 35 (numai diviz 5 6 19), Luna august 2012, Procente, 115.3
Industria energetica excl. diviz 35 (numai diviz 5 6 19), Luna septembrie 2012, Procente, 119.7
Industria energetica excl. diviz 35 (numai diviz 5 6 19), Luna octombrie 2012, Procente, 123.5
Industria energetica excl. diviz 35 (numai diviz 5 6 19), Luna noiembrie 2012, Procente, 118.7
Industria energetica excl. diviz 35 (numai diviz 5 6 19), Luna decembrie 2012, Procente, 117.3
Industria energetica excl. diviz 35 (numai diviz 5 6 19), Luna ianuarie 2013, Procente, 118.8
Industria energetica excl. diviz 35 (numai diviz 5 6 19), Luna februarie 2013, Procente, 102.3
Industria energetica excl. diviz 35 (numai diviz 5 6 19), Luna martie 2013, Procente, 96.9
Industria energetica excl. diviz 35 (numai diviz 5 6 19), Luna aprilie 2013, Procente, 107.7
Industria energetica excl. diviz 35 (numai diviz 5 6 19), Luna mai 2013, Procente, 114.1
Industria energetica excl. diviz 35 (numai diviz 5 6 19), Luna iunie 2013, Procente, 112.5
Industria energetica excl. diviz 35 (numai diviz 5 6 19), Luna iulie 2013, Procente, 115.9
Industria energetica excl. diviz 35 (numai diviz 5 6 19), Luna august 2013, Procente, 118.3
Industria energetica excl. diviz 35 (numai diviz 5 6 19), Luna septembrie 2013, Procente, 120.6
Industria energetica excl. diviz 35 (numai diviz 5 6 19), Luna octombrie 2013, Procente, 124
Industria energetica excl. diviz 35 (numai diviz 5 6 19), Luna noiembrie 2013, Procente, 119.2
Industria energetica excl. diviz 35 (numai diviz 5 6 19), Luna decembrie 2013, Procente, 121.3
Industria energetica excl. diviz 35 (numai diviz 5 6 19), Luna ianuarie 2014, Procente, 117.6
Industria energetica excl. diviz 35 (numai diviz 5 6 19), Luna februarie 2014, Procente, 111.7
Industria energetica excl. diviz 35 (numai diviz 5 6 19), Luna martie 2014, Procente, 118
Industria energetica excl. diviz 35 (numai diviz 5 6 19), Luna aprilie 2014, Procente, 111.1
Industria energetica excl. diviz 35 (numai diviz 5 6 19), Luna mai 2014, Procente, 121.7
Industria energetica excl. diviz 35 (numai diviz 5 6 19), Luna iunie 2014, Procente, 106.4
Industria energetica excl. diviz 35 (numai diviz 5 6 19), Luna iulie 2014, Procente, 123.5
Industria energetica excl. diviz 35 (numai diviz 5 6 19), Luna august 2014, Procente, 121.9
Industria energetica excl. diviz 35 (numai diviz 5 6 19), Luna septembrie 2014, Procente, 120.6
Industria energetica excl. diviz 35 (numai diviz 5 6 19), Luna octombrie 2014, Procente, 123.9
Industria energetica excl. diviz 35 (numai diviz 5 6 19), Luna noiembrie 2014, Procente, 121.6
Industria energetica excl. diviz 35 (numai diviz 5 6 19), Luna decembrie 2014, Procente, 120.8
Industria energetica excl. diviz 35 (numai diviz 5 6 19), Luna ianuarie 2015, Procente, 123.9
Industria energetica excl. diviz 35 (numai diviz 5 6 19), Luna februarie 2015, Procente, 111.6
Industria energetica excl. diviz 35 (numai diviz 5 6 19), Luna martie 2015, Procente, 126.3
Industria energetica excl. diviz 35 (numai diviz 5 6 19), Luna aprilie 2015, Procente, 113.4
Industria energetica excl. diviz 35 (numai diviz 5 6 19), Luna mai 2015, Procente, 121
Industria energetica excl. diviz 35 (numai diviz 5 6 19), Luna iunie 2015, Procente, 116.9
Industria energetica excl. diviz 35 (numai diviz 5 6 19), Luna iulie 2015, Procente, 119.3
Industria energetica excl. diviz 35 (numai diviz 5 6 19), Luna august 2015, Procente, 123
Industria energetica excl. diviz 35 (numai diviz 5 6 19), Luna septembrie 2015, Procente, 117
Industria energetica excl. diviz 35 (numai diviz 5 6 19), Luna octombrie 2015, Procente, 117.5
Industria energetica excl. diviz 35 (numai diviz 5 6 19), Luna noiembrie 2015, Procente, 114
Industria energetica excl. diviz 35 (numai diviz 5 6 19), Luna decembrie 2015, Procente, 119
Industria energetica excl. diviz 35 (numai diviz 5 6 19), Luna ianuarie 2016, Procente, 121.9
Industria energetica excl. diviz 35 (numai diviz 5 6 19), Luna februarie 2016, Procente, 115.9
Industria energetica excl. diviz 35 (numai diviz 5 6 19), Luna martie 2016, Procente, 117.7
Industria energetica excl. diviz 35 (numai diviz 5 6 19), Luna aprilie 2016, Procente, 108.7
Industria energetica excl. diviz 35 (numai diviz 5 6 19), Luna mai 2016, Procente, 106.7
Industria energetica excl. diviz 35 (numai diviz 5 6 19), Luna iunie 2016, Procente, 99
Industria energetica excl. diviz 35 (numai diviz 5 6 19), Luna iulie 2016, Procente, 107.3
Industria energetica excl. diviz 35 (numai diviz 5 6 19), Luna august 2016, Procente, 107.1
Industria energetica excl. diviz 35 (numai diviz 5 6 19), Luna septembrie 2016, Procente, 98.4
Industria energetica excl. diviz 35 (numai diviz 5 6 19), Luna octombrie 2016, Procente, 110.7
Industria energetica excl. diviz 35 (numai diviz 5 6 19), Luna noiembrie 2016, Procente, 114
Industria energetica excl. diviz 35 (numai diviz 5 6 19), Luna decembrie 2016, Procente, 121.7
Industria energetica excl. diviz 35 (numai diviz 5 6 19), Luna ianuarie 2017, Procente, 119.2
Industria energetica excl. diviz 35 (numai diviz 5 6 19), Luna februarie 2017, Procente, 106.1
Industria energetica excl. diviz 35 (numai diviz 5 6 19), Luna martie 2017, Procente, 113.3
Industria energetica excl. diviz 35 (numai diviz 5 6 19), Luna aprilie 2017, Procente, 116.3
Industria energetica excl. diviz 35 (numai diviz 5 6 19), Luna mai 2017, Procente, 109.9
Industria energetica excl. diviz 35 (numai diviz 5 6 19), Luna iunie 2017, Procente, 110.7
Industria energetica excl. diviz 35 (numai diviz 5 6 19), Luna iulie 2017, Procente, 113.1
Industria energetica excl. diviz 35 (numai diviz 5 6 19), Luna august 2017, Procente, 117.7
Industria energetica excl. diviz 35 (numai diviz 5 6 19), Luna septembrie 2017, Procente, 115.4
Industria energetica excl. diviz 35 (numai diviz 5 6 19), Luna octombrie 2017, Procente, 122.5
Industria energetica excl. diviz 35 (numai diviz 5 6 19), Luna noiembrie 2017, Procente, 120.5
Industria energetica excl. diviz 35 (numai diviz 5 6 19), Luna decembrie 2017, Procente, 122.5
Industria energetica excl. diviz 35 (numai diviz 5 6 19), Luna ianuarie 2018, Procente, 118.3
Industria energetica excl. diviz 35 (numai diviz 5 6 19), Luna februarie 2018, Procente, 109.8
Industria energetica excl. diviz 35 (numai diviz 5 6 19), Luna martie 2018, Procente, 122.5
Industria energetica excl. diviz 35 (numai diviz 5 6 19), Luna aprilie 2018, Procente, 107.8
Industria energetica excl. diviz 35 (numai diviz 5 6 19), Luna mai 2018, Procente, 110.3
Industria energetica excl. diviz 35 (numai diviz 5 6 19), Luna iunie 2018, Procente, 113.1
Industria energetica excl. diviz 35 (numai diviz 5 6 19), Luna iulie 2018, Procente, 116
Industria energetica excl. diviz 35 (numai diviz 5 6 19), Luna august 2018, Procente, 117.2
Industria energetica excl. diviz 35 (numai diviz 5 6 19), Luna septembrie 2018, Procente, 112.4
Industria energetica excl. diviz 35 (numai diviz 5 6 19), Luna octombrie 2018, Procente, 116.6
Industria energetica excl. diviz 35 (numai diviz 5 6 19), Luna noiembrie 2018, Procente, 109.3
Industria energetica excl. diviz 35 (numai diviz 5 6 19), Luna decembrie 2018, Procente, 118.6
Industria energetica excl. diviz 35 (numai diviz 5 6 19), Luna ianuarie 2019, Procente, 120.5
Industria energetica excl. diviz 35 (numai diviz 5 6 19), Luna februarie 2019, Procente, 109.1
Industria energetica excl. diviz 35 (numai diviz 5 6 19), Luna martie 2019, Procente, 114.5
Industria energetica excl. diviz 35 (numai diviz 5 6 19), Luna aprilie 2019, Procente, 110.5
Industria energetica excl. diviz 35 (numai diviz 5 6 19), Luna mai 2019, Procente, 116.8
Industria energetica excl. diviz 35 (numai diviz 5 6 19), Luna iunie 2019, Procente, 109
Industria energetica excl. diviz 35 (numai diviz 5 6 19), Luna iulie 2019, Procente, 112.2
Industria energetica excl. diviz 35 (numai diviz 5 6 19), Luna august 2019, Procente, 112.3
Industria energetica excl. diviz 35 (numai diviz 5 6 19), Luna septembrie 2019, Procente, 112.2
Industria energetica excl. diviz 35 (numai diviz 5 6 19), Luna octombrie 2019, Procente, 112.5
Industria energetica excl. diviz 35 (numai diviz 5 6 19), Luna noiembrie 2019, Procente, 114
Industria energetica excl. diviz 35 (numai diviz 5 6 19), Luna decembrie 2019, Procente, 116.1
Industria energetica excl. diviz 35 (numai diviz 5 6 19), Luna ianuarie 2020, Procente, 117.8
Industria energetica excl. diviz 35 (numai diviz 5 6 19), Luna februarie 2020, Procente, 105.8
Industria energetica excl. diviz 35 (numai diviz 5 6 19), Luna martie 2020, Procente, 109
Industria energetica excl. diviz 35 (numai diviz 5 6 19), Luna aprilie 2020, Procente, 93.5
Industria energetica excl. diviz 35 (numai diviz 5 6 19), Luna mai 2020, Procente, 90.7
Industria energetica excl. diviz 35 (numai diviz 5 6 19), Luna iunie 2020, Procente, 91.4
Industria energetica excl. diviz 35 (numai diviz 5 6 19), Luna iulie 2020, Procente, 91.2
Industria energetica excl. diviz 35 (numai diviz 5 6 19), Luna august 2020, Procente, 97.6
Industria energetica excl. diviz 35 (numai diviz 5 6 19), Luna septembrie 2020, Procente, 101.1
Industria energetica excl. diviz 35 (numai diviz 5 6 19), Luna octombrie 2020, Procente, 107.5
Industria energetica excl. diviz 35 (numai diviz 5 6 19), Luna noiembrie 2020, Procente, 103.9
Industria energetica excl. diviz 35 (numai diviz 5 6 19), Luna decembrie 2020, Procente, 109.5
Industria energetica excl. diviz 35 (numai diviz 5 6 19), Luna ianuarie 2021, Procente, 105.4
Industria energetica excl. diviz 35 (numai diviz 5 6 19), Luna februarie 2021, Procente, 96.1
Industria energetica excl. diviz 35 (numai diviz 5 6 19), Luna martie 2021, Procente, 108.8
Industria energetica excl. diviz 35 (numai diviz 5 6 19), Luna aprilie 2021, Procente, 105.7
Industria energetica excl. diviz 35 (numai diviz 5 6 19), Luna mai 2021, Procente, 104.2
Industria energetica excl. diviz 35 (numai diviz 5 6 19), Luna iunie 2021, Procente, 99.5
Industria energetica excl. diviz 35 (numai diviz 5 6 19), Luna iulie 2021, Procente, 95.3
Industria energetica excl. diviz 35 (numai diviz 5 6 19), Luna august 2021, Procente, 94.1
Industria energetica excl. diviz 35 (numai diviz 5 6 19), Luna septembrie 2021, Procente, 93.7
Industria energetica excl. diviz 35 (numai diviz 5 6 19), Luna octombrie 2021, Procente, 101
Industria energetica excl. diviz 35 (numai diviz 5 6 19), Luna noiembrie 2021, Procente, 95.2
Industria energetica excl. diviz 35 (numai diviz 5 6 19), Luna decembrie 2021, Procente, 101.1
Industria energetica excl. diviz 35 (numai diviz 5 6 19), Luna ianuarie 2022, Procente, 103.6
Industria energetica excl. diviz 35 (numai diviz 5 6 19), Luna februarie 2022, Procente, 91.6
Industria energetica excl. diviz 35 (numai diviz 5 6 19), Luna martie 2022, Procente, 97.9
Industria energetica excl. diviz 35 (numai diviz 5 6 19), Luna aprilie 2022, Procente, 94.6
Industria energetica excl. diviz 35 (numai diviz 5 6 19), Luna mai 2022, Procente, 103.4
Industria energetica excl. diviz 35 (numai diviz 5 6 19), Luna iunie 2022, Procente, 101.4
Industria energetica excl. diviz 35 (numai diviz 5 6 19), Luna iulie 2022, Procente, 108.4
Industria energetica excl. diviz 35 (numai diviz 5 6 19), Luna august 2022, Procente, 104.6
Industria energetica excl. diviz 35 (numai diviz 5 6 19), Luna septembrie 2022, Procente, 106.4
Industria energetica excl. diviz 35 (numai diviz 5 6 19), Luna octombrie 2022, Procente, 107
Industria energetica excl. diviz 35 (numai diviz 5 6 19), Luna noiembrie 2022, Procente, 106.3
Industria energetica excl. diviz 35 (numai diviz 5 6 19), Luna decembrie 2022, Procente, 107.9
Industria energetica excl. diviz 35 (numai diviz 5 6 19), Luna ianuarie 2023, Procente, 104.7
Industria energetica excl. diviz 35 (numai diviz 5 6 19), Luna februarie 2023, Procente, 94.7
Industria energetica excl. diviz 35 (numai diviz 5 6 19), Luna martie 2023, Procente, 108.4
Industria energetica excl. diviz 35 (numai diviz 5 6 19), Luna aprilie 2023, Procente, 99.3
Industria energetica excl. diviz 35 (numai diviz 5 6 19), Luna mai 2023, Procente, 94.9
Industria energetica excl. diviz 35 (numai diviz 5 6 19), Luna iunie 2023, Procente, 96.1
Industria energetica excl. diviz 35 (numai diviz 5 6 19), Luna iulie 2023, Procente, 97.7
Industria energetica excl. diviz 35 (numai diviz 5 6 19), Luna august 2023, Procente, 99.7
Industria energetica excl. diviz 35 (numai diviz 5 6 19), Luna septembrie 2023, Procente, 97.3
Industria energetica excl. diviz 35 (numai diviz 5 6 19), Luna octombrie 2023, Procente, 99.2
Industria energetica excl. diviz 35 (numai diviz 5 6 19), Luna noiembrie 2023, Procente, 92.4
Industria energetica excl. diviz 35 (numai diviz 5 6 19), Luna decembrie 2023, Procente, 101.5
Industria energetica excl. diviz 35 (numai diviz 5 6 19), Luna ianuarie 2024, Procente, 103.5
Industria energetica excl. diviz 35 (numai diviz 5 6 19), Luna februarie 2024, Procente, 97
Industria energetica excl. diviz 35 (numai diviz 5 6 19), Luna martie 2024, Procente, 99.1
Industria energetica excl. diviz 35 (numai diviz 5 6 19), Luna aprilie 2024, Procente, 91.5
Industria energetica excl. diviz 35 (numai diviz 5 6 19), Luna mai 2024, Procente, 95
Industria energetica excl. diviz 35 (numai diviz 5 6 19), Luna iunie 2024, Procente, 98.4
Industria energetica excl. diviz 35 (numai diviz 5 6 19), Luna iulie 2024, Procente, 102.8
Industria energetica excl. diviz 35 (numai diviz 5 6 19), Luna august 2024, Procente, 101.1
Industria energetica excl. diviz 35 (numai diviz 5 6 19), Luna septembrie 2024, Procente, 96.4
Industria energetica excl. diviz 35 (numai diviz 5 6 19), Luna octombrie 2024, Procente, 105.2
Industria energetica excl. diviz 35 (numai diviz 5 6 19), Luna noiembrie 2024, Procente, 99.8
Industria energetica excl. diviz 35 (numai diviz 5 6 19), Luna decembrie 2024, Procente, 103.1
Industria energetica excl. diviz 35 (numai diviz 5 6 19), Luna ianuarie 2025, Procente, 104
Industria energetica excl. diviz 35 (numai diviz 5 6 19), Luna februarie 2025, Procente, 94.4
Industrie total (excl. diviz 10 11 12), Luna ianuarie 2005, Procente, 53.3
Industrie total (excl. diviz 10 11 12), Luna februarie 2005, Procente, 54.2
Industrie total (excl. diviz 10 11 12), Luna martie 2005, Procente, 59.9
Industrie total (excl. diviz 10 11 12), Luna aprilie 2005, Procente, 57.4
Industrie total (excl. diviz 10 11 12), Luna mai 2005, Procente, 56
Industrie total (excl. diviz 10 11 12), Luna iunie 2005, Procente, 59.1
Industrie total (excl. diviz 10 11 12), Luna iulie 2005, Procente, 56
Industrie total (excl. diviz 10 11 12), Luna august 2005, Procente, 53.9
Industrie total (excl. diviz 10 11 12), Luna septembrie 2005, Procente, 60.9
Industrie total (excl. diviz 10 11 12), Luna octombrie 2005, Procente, 59.5
Industrie total (excl. diviz 10 11 12), Luna noiembrie 2005, Procente, 62.6
Industrie total (excl. diviz 10 11 12), Luna decembrie 2005, Procente, 55.1
Industrie total (excl. diviz 10 11 12), Luna ianuarie 2006, Procente, 55.6
Industrie total (excl. diviz 10 11 12), Luna februarie 2006, Procente, 58.1
Industrie total (excl. diviz 10 11 12), Luna martie 2006, Procente, 65.6
Industrie total (excl. diviz 10 11 12), Luna aprilie 2006, Procente, 58.4
Industrie total (excl. diviz 10 11 12), Luna mai 2006, Procente, 65.3
Industrie total (excl. diviz 10 11 12), Luna iunie 2006, Procente, 65.7
Industrie total (excl. diviz 10 11 12), Luna iulie 2006, Procente, 62
Industrie total (excl. diviz 10 11 12), Luna august 2006, Procente, 59
Industrie total (excl. diviz 10 11 12), Luna septembrie 2006, Procente, 67.1
Industrie total (excl. diviz 10 11 12), Luna octombrie 2006, Procente, 68.9
Industrie total (excl. diviz 10 11 12), Luna noiembrie 2006, Procente, 68.6
Industrie total (excl. diviz 10 11 12), Luna decembrie 2006, Procente, 58.5
Industrie total (excl. diviz 10 11 12), Luna ianuarie 2007, Procente, 62.4
Industrie total (excl. diviz 10 11 12), Luna februarie 2007, Procente, 66
Industrie total (excl. diviz 10 11 12), Luna martie 2007, Procente, 75.3
Industrie total (excl. diviz 10 11 12), Luna aprilie 2007, Procente, 63.8
Industrie total (excl. diviz 10 11 12), Luna mai 2007, Procente, 72
Industrie total (excl. diviz 10 11 12), Luna iunie 2007, Procente, 70.1
Industrie total (excl. diviz 10 11 12), Luna iulie 2007, Procente, 69.3
Industrie total (excl. diviz 10 11 12), Luna august 2007, Procente, 62.5
Industrie total (excl. diviz 10 11 12), Luna septembrie 2007, Procente, 67.5
Industrie total (excl. diviz 10 11 12), Luna octombrie 2007, Procente, 75.6
Industrie total (excl. diviz 10 11 12), Luna noiembrie 2007, Procente, 75.5
Industrie total (excl. diviz 10 11 12), Luna decembrie 2007, Procente, 62.9
Industrie total (excl. diviz 10 11 12), Luna ianuarie 2008, Procente, 67.4
Industrie total (excl. diviz 10 11 12), Luna februarie 2008, Procente, 73.9
Industrie total (excl. diviz 10 11 12), Luna martie 2008, Procente, 74.6
Industrie total (excl. diviz 10 11 12), Luna aprilie 2008, Procente, 70.1
Industrie total (excl. diviz 10 11 12), Luna mai 2008, Procente, 75.2
Industrie total (excl. diviz 10 11 12), Luna iunie 2008, Procente, 73.7
Industrie total (excl. diviz 10 11 12), Luna iulie 2008, Procente, 73.9
Industrie total (excl. diviz 10 11 12), Luna august 2008, Procente, 61.6
Industrie total (excl. diviz 10 11 12), Luna septembrie 2008, Procente, 74
Industrie total (excl. diviz 10 11 12), Luna octombrie 2008, Procente, 75.7
Industrie total (excl. diviz 10 11 12), Luna noiembrie 2008, Procente, 66.3
Industrie total (excl. diviz 10 11 12), Luna decembrie 2008, Procente, 52.6
Industrie total (excl. diviz 10 11 12), Luna ianuarie 2009, Procente, 55.2
Industrie total (excl. diviz 10 11 12), Luna februarie 2009, Procente, 62
Industrie total (excl. diviz 10 11 12), Luna martie 2009, Procente, 67.7
Industrie total (excl. diviz 10 11 12), Luna aprilie 2009, Procente, 62.4
Industrie total (excl. diviz 10 11 12), Luna mai 2009, Procente, 67.1
Industrie total (excl. diviz 10 11 12), Luna iunie 2009, Procente, 69.3
Industrie total (excl. diviz 10 11 12), Luna iulie 2009, Procente, 70.6
Industrie total (excl. diviz 10 11 12), Luna august 2009, Procente, 58.1
Industrie total (excl. diviz 10 11 12), Luna septembrie 2009, Procente, 71.5
Industrie total (excl. diviz 10 11 12), Luna octombrie 2009, Procente, 73.9
Industrie total (excl. diviz 10 11 12), Luna noiembrie 2009, Procente, 71
Industrie total (excl. diviz 10 11 12), Luna decembrie 2009, Procente, 60.2
Industrie total (excl. diviz 10 11 12), Luna ianuarie 2010, Procente, 61.3
Industrie total (excl. diviz 10 11 12), Luna februarie 2010, Procente, 64.4
Industrie total (excl. diviz 10 11 12), Luna martie 2010, Procente, 73.4
Industrie total (excl. diviz 10 11 12), Luna aprilie 2010, Procente, 67.9
Industrie total (excl. diviz 10 11 12), Luna mai 2010, Procente, 70
Industrie total (excl. diviz 10 11 12), Luna iunie 2010, Procente, 74.6
Industrie total (excl. diviz 10 11 12), Luna iulie 2010, Procente, 73
Industrie total (excl. diviz 10 11 12), Luna august 2010, Procente, 59.6
Industrie total (excl. diviz 10 11 12), Luna septembrie 2010, Procente, 76.6
Industrie total (excl. diviz 10 11 12), Luna octombrie 2010, Procente, 77.9
Industrie total (excl. diviz 10 11 12), Luna noiembrie 2010, Procente, 78.5
Industrie total (excl. diviz 10 11 12), Luna decembrie 2010, Procente, 70.7
Industrie total (excl. diviz 10 11 12), Luna ianuarie 2011, Procente, 70.3
Industrie total (excl. diviz 10 11 12), Luna februarie 2011, Procente, 73.5
Industrie total (excl. diviz 10 11 12), Luna martie 2011, Procente, 83.1
Industrie total (excl. diviz 10 11 12), Luna aprilie 2011, Procente, 72.2
Industrie total (excl. diviz 10 11 12), Luna mai 2011, Procente, 78.7
Industrie total (excl. diviz 10 11 12), Luna iunie 2011, Procente, 76.6
Industrie total (excl. diviz 10 11 12), Luna iulie 2011, Procente, 76.1
Industrie total (excl. diviz 10 11 12), Luna august 2011, Procente, 69.4
Industrie total (excl. diviz 10 11 12), Luna septembrie 2011, Procente, 81.2
Industrie total (excl. diviz 10 11 12), Luna octombrie 2011, Procente, 80.8
Industrie total (excl. diviz 10 11 12), Luna noiembrie 2011, Procente, 82.7
Industrie total (excl. diviz 10 11 12), Luna decembrie 2011, Procente, 70
Industrie total (excl. diviz 10 11 12), Luna ianuarie 2012, Procente, 73.3
Industrie total (excl. diviz 10 11 12), Luna februarie 2012, Procente, 74.8
Industrie total (excl. diviz 10 11 12), Luna martie 2012, Procente, 82.9
Industrie total (excl. diviz 10 11 12), Luna aprilie 2012, Procente, 73
Industrie total (excl. diviz 10 11 12), Luna mai 2012, Procente, 83.2
Industrie total (excl. diviz 10 11 12), Luna iunie 2012, Procente, 78.4
Industrie total (excl. diviz 10 11 12), Luna iulie 2012, Procente, 79.2
Industrie total (excl. diviz 10 11 12), Luna august 2012, Procente, 70.6
Industrie total (excl. diviz 10 11 12), Luna septembrie 2012, Procente, 80.7
Industrie total (excl. diviz 10 11 12), Luna octombrie 2012, Procente, 86.1
Industrie total (excl. diviz 10 11 12), Luna noiembrie 2012, Procente, 85.1
Industrie total (excl. diviz 10 11 12), Luna decembrie 2012, Procente, 71.3
Industrie total (excl. diviz 10 11 12), Luna ianuarie 2013, Procente, 77.5
Industrie total (excl. diviz 10 11 12), Luna februarie 2013, Procente, 80.7
Industrie total (excl. diviz 10 11 12), Luna martie 2013, Procente, 84.6
Industrie total (excl. diviz 10 11 12), Luna aprilie 2013, Procente, 88
Industrie total (excl. diviz 10 11 12), Luna mai 2013, Procente, 81.6
Industrie total (excl. diviz 10 11 12), Luna iunie 2013, Procente, 82.8
Industrie total (excl. diviz 10 11 12), Luna iulie 2013, Procente, 89.1
Industrie total (excl. diviz 10 11 12), Luna august 2013, Procente, 73.6
Industrie total (excl. diviz 10 11 12), Luna septembrie 2013, Procente, 89.5
Industrie total (excl. diviz 10 11 12), Luna octombrie 2013, Procente, 96.2
Industrie total (excl. diviz 10 11 12), Luna noiembrie 2013, Procente, 93.3
Industrie total (excl. diviz 10 11 12), Luna decembrie 2013, Procente, 78
Industrie total (excl. diviz 10 11 12), Luna ianuarie 2014, Procente, 85.5
Industrie total (excl. diviz 10 11 12), Luna februarie 2014, Procente, 88.4
Industrie total (excl. diviz 10 11 12), Luna martie 2014, Procente, 94.2
Industrie total (excl. diviz 10 11 12), Luna aprilie 2014, Procente, 89.1
Industrie total (excl. diviz 10 11 12), Luna mai 2014, Procente, 92.3
Industrie total (excl. diviz 10 11 12), Luna iunie 2014, Procente, 91.3
Industrie total (excl. diviz 10 11 12), Luna iulie 2014, Procente, 94.3
Industrie total (excl. diviz 10 11 12), Luna august 2014, Procente, 74.1
Industrie total (excl. diviz 10 11 12), Luna septembrie 2014, Procente, 95.7
Industrie total (excl. diviz 10 11 12), Luna octombrie 2014, Procente, 99.9
Industrie total (excl. diviz 10 11 12), Luna noiembrie 2014, Procente, 94
Industrie total (excl. diviz 10 11 12), Luna decembrie 2014, Procente, 80.3
Industrie total (excl. diviz 10 11 12), Luna ianuarie 2015, Procente, 87.4
Industrie total (excl. diviz 10 11 12), Luna februarie 2015, Procente, 90.6
Industrie total (excl. diviz 10 11 12), Luna martie 2015, Procente, 97.1
Industrie total (excl. diviz 10 11 12), Luna aprilie 2015, Procente, 89.8
Industrie total (excl. diviz 10 11 12), Luna mai 2015, Procente, 90.9
Industrie total (excl. diviz 10 11 12), Luna iunie 2015, Procente, 93.4
Industrie total (excl. diviz 10 11 12), Luna iulie 2015, Procente, 96.6
Industrie total (excl. diviz 10 11 12), Luna august 2015, Procente, 82.1
Industrie total (excl. diviz 10 11 12), Luna septembrie 2015, Procente, 96.8
Industrie total (excl. diviz 10 11 12), Luna octombrie 2015, Procente, 99.1
Industrie total (excl. diviz 10 11 12), Luna noiembrie 2015, Procente, 95.5
Industrie total (excl. diviz 10 11 12), Luna decembrie 2015, Procente, 86.1
Industrie total (excl. diviz 10 11 12), Luna ianuarie 2016, Procente, 87.2
Industrie total (excl. diviz 10 11 12), Luna februarie 2016, Procente, 93.2
Industrie total (excl. diviz 10 11 12), Luna martie 2016, Procente, 101.4
Industrie total (excl. diviz 10 11 12), Luna aprilie 2016, Procente, 95.4
Industrie total (excl. diviz 10 11 12), Luna mai 2016, Procente, 93.7
Industrie total (excl. diviz 10 11 12), Luna iunie 2016, Procente, 95.9
Industrie total (excl. diviz 10 11 12), Luna iulie 2016, Procente, 92.9
Industrie total (excl. diviz 10 11 12), Luna august 2016, Procente, 87
Industrie total (excl. diviz 10 11 12), Luna septembrie 2016, Procente, 98.9
Industrie total (excl. diviz 10 11 12), Luna octombrie 2016, Procente, 99.5
Industrie total (excl. diviz 10 11 12), Luna noiembrie 2016, Procente, 101.5
Industrie total (excl. diviz 10 11 12), Luna decembrie 2016, Procente, 88
Industrie total (excl. diviz 10 11 12), Luna ianuarie 2017, Procente, 91.9
Industrie total (excl. diviz 10 11 12), Luna februarie 2017, Procente, 97.3
Industrie total (excl. diviz 10 11 12), Luna martie 2017, Procente, 111.6
Industrie total (excl. diviz 10 11 12), Luna aprilie 2017, Procente, 95.9
Industrie total (excl. diviz 10 11 12), Luna mai 2017, Procente, 108.5
Industrie total (excl. diviz 10 11 12), Luna iunie 2017, Procente, 103.9
Industrie total (excl. diviz 10 11 12), Luna iulie 2017, Procente, 101.2
Industrie total (excl. diviz 10 11 12), Luna august 2017, Procente, 93.8
Industrie total (excl. diviz 10 11 12), Luna septembrie 2017, Procente, 106.2
Industrie total (excl. diviz 10 11 12), Luna octombrie 2017, Procente, 110.9
Industrie total (excl. diviz 10 11 12), Luna noiembrie 2017, Procente, 110.8
Industrie total (excl. diviz 10 11 12), Luna decembrie 2017, Procente, 96.6
Industrie total (excl. diviz 10 11 12), Luna ianuarie 2018, Procente, 99.2
Industrie total (excl. diviz 10 11 12), Luna februarie 2018, Procente, 103.2
Industrie total (excl. diviz 10 11 12), Luna martie 2018, Procente, 113.1
Industrie total (excl. diviz 10 11 12), Luna aprilie 2018, Procente, 100.5
Industrie total (excl. diviz 10 11 12), Luna mai 2018, Procente, 109.3
Industrie total (excl. diviz 10 11 12), Luna iunie 2018, Procente, 109.8
Industrie total (excl. diviz 10 11 12), Luna iulie 2018, Procente, 109
Industrie total (excl. diviz 10 11 12), Luna august 2018, Procente, 97.8
Industrie total (excl. diviz 10 11 12), Luna septembrie 2018, Procente, 106.8
Industrie total (excl. diviz 10 11 12), Luna octombrie 2018, Procente, 115.3
Industrie total (excl. diviz 10 11 12), Luna noiembrie 2018, Procente, 113.8
Industrie total (excl. diviz 10 11 12), Luna decembrie 2018, Procente, 95.9
Industrie total (excl. diviz 10 11 12), Luna ianuarie 2019, Procente, 99.3
Industrie total (excl. diviz 10 11 12), Luna februarie 2019, Procente, 105.4
Industrie total (excl. diviz 10 11 12), Luna martie 2019, Procente, 113.5
Industrie total (excl. diviz 10 11 12), Luna aprilie 2019, Procente, 101.5
Industrie total (excl. diviz 10 11 12), Luna mai 2019, Procente, 109.6
Industrie total (excl. diviz 10 11 12), Luna iunie 2019, Procente, 102.2
Industrie total (excl. diviz 10 11 12), Luna iulie 2019, Procente, 104.7
Industrie total (excl. diviz 10 11 12), Luna august 2019, Procente, 90.8
Industrie total (excl. diviz 10 11 12), Luna septembrie 2019, Procente, 104.9
Industrie total (excl. diviz 10 11 12), Luna octombrie 2019, Procente, 109.8
Industrie total (excl. diviz 10 11 12), Luna noiembrie 2019, Procente, 107.3
Industrie total (excl. diviz 10 11 12), Luna decembrie 2019, Procente, 91.7
Industrie total (excl. diviz 10 11 12), Luna ianuarie 2020, Procente, 96.9
Industrie total (excl. diviz 10 11 12), Luna februarie 2020, Procente, 102.2
Industrie total (excl. diviz 10 11 12), Luna martie 2020, Procente, 97.3
Industrie total (excl. diviz 10 11 12), Luna aprilie 2020, Procente, 59.9
Industrie total (excl. diviz 10 11 12), Luna mai 2020, Procente, 74.4
Industrie total (excl. diviz 10 11 12), Luna iunie 2020, Procente, 89.6
Industrie total (excl. diviz 10 11 12), Luna iulie 2020, Procente, 96.9
Industrie total (excl. diviz 10 11 12), Luna august 2020, Procente, 87.1
Industrie total (excl. diviz 10 11 12), Luna septembrie 2020, Procente, 105
Industrie total (excl. diviz 10 11 12), Luna octombrie 2020, Procente, 109.1
Industrie total (excl. diviz 10 11 12), Luna noiembrie 2020, Procente, 104.4
Industrie total (excl. diviz 10 11 12), Luna decembrie 2020, Procente, 94.7
Industrie total (excl. diviz 10 11 12), Luna ianuarie 2021, Procente, 93.4
Industrie total (excl. diviz 10 11 12), Luna februarie 2021, Procente, 97.2
Industrie total (excl. diviz 10 11 12), Luna martie 2021, Procente, 109.6
Industrie total (excl. diviz 10 11 12), Luna aprilie 2021, Procente, 103.5
Industrie total (excl. diviz 10 11 12), Luna mai 2021, Procente, 98
Industrie total (excl. diviz 10 11 12), Luna iunie 2021, Procente, 101.6
Industrie total (excl. diviz 10 11 12), Luna iulie 2021, Procente, 100.5
Industrie total (excl. diviz 10 11 12), Luna august 2021, Procente, 90.4
Industrie total (excl. diviz 10 11 12), Luna septembrie 2021, Procente, 100.8
Industrie total (excl. diviz 10 11 12), Luna octombrie 2021, Procente, 100.4
Industrie total (excl. diviz 10 11 12), Luna noiembrie 2021, Procente, 105.7
Industrie total (excl. diviz 10 11 12), Luna decembrie 2021, Procente, 98.8
Industrie total (excl. diviz 10 11 12), Luna ianuarie 2022, Procente, 96.2
Industrie total (excl. diviz 10 11 12), Luna februarie 2022, Procente, 100.1
Industrie total (excl. diviz 10 11 12), Luna martie 2022, Procente, 111.9
Industrie total (excl. diviz 10 11 12), Luna aprilie 2022, Procente, 97.6
Industrie total (excl. diviz 10 11 12), Luna mai 2022, Procente, 106.1
Industrie total (excl. diviz 10 11 12), Luna iunie 2022, Procente, 101.4
Industrie total (excl. diviz 10 11 12), Luna iulie 2022, Procente, 101.3
Industrie total (excl. diviz 10 11 12), Luna august 2022, Procente, 90.6
Industrie total (excl. diviz 10 11 12), Luna septembrie 2022, Procente, 103.7
Industrie total (excl. diviz 10 11 12), Luna octombrie 2022, Procente, 102.1
Industrie total (excl. diviz 10 11 12), Luna noiembrie 2022, Procente, 103.6
Industrie total (excl. diviz 10 11 12), Luna decembrie 2022, Procente, 88.5
Industrie total (excl. diviz 10 11 12), Luna ianuarie 2023, Procente, 90.9
Industrie total (excl. diviz 10 11 12), Luna februarie 2023, Procente, 96.7
Industrie total (excl. diviz 10 11 12), Luna martie 2023, Procente, 108.8
Industrie total (excl. diviz 10 11 12), Luna aprilie 2023, Procente, 90.3
Industrie total (excl. diviz 10 11 12), Luna mai 2023, Procente, 104.1
Industrie total (excl. diviz 10 11 12), Luna iunie 2023, Procente, 98.2
Industrie total (excl. diviz 10 11 12), Luna iulie 2023, Procente, 96.6
Industrie total (excl. diviz 10 11 12), Luna august 2023, Procente, 86.9
Industrie total (excl. diviz 10 11 12), Luna septembrie 2023, Procente, 100.7
Industrie total (excl. diviz 10 11 12), Luna octombrie 2023, Procente, 101.3
Industrie total (excl. diviz 10 11 12), Luna noiembrie 2023, Procente, 99.9
Industrie total (excl. diviz 10 11 12), Luna decembrie 2023, Procente, 84.8
Industrie total (excl. diviz 10 11 12), Luna ianuarie 2024, Procente, 86.2
Industrie total (excl. diviz 10 11 12), Luna februarie 2024, Procente, 96.2
Industrie total (excl. diviz 10 11 12), Luna martie 2024, Procente, 104.1
Industrie total (excl. diviz 10 11 12), Luna aprilie 2024, Procente, 100.5
Industrie total (excl. diviz 10 11 12), Luna mai 2024, Procente, 91.1
Industrie total (excl. diviz 10 11 12), Luna iunie 2024, Procente, 93.4
Industrie total (excl. diviz 10 11 12), Luna iulie 2024, Procente, 95.9
Industrie total (excl. diviz 10 11 12), Luna august 2024, Procente, 82.3
Industrie total (excl. diviz 10 11 12), Luna septembrie 2024, Procente, 95.8
Industrie total (excl. diviz 10 11 12), Luna octombrie 2024, Procente, 101.9
Industrie total (excl. diviz 10 11 12), Luna noiembrie 2024, Procente, 99.3
Industrie total (excl. diviz 10 11 12), Luna decembrie 2024, Procente, 85.2
Industrie total (excl. diviz 10 11 12), Luna ianuarie 2025, Procente, 83.5
Industrie total (excl. diviz 10 11 12), Luna februarie 2025, Procente, 90.4
